case_id,caller_number,transcript,duration,video_call,location,country,spoof_detected,previous_reports,risk_label,expected_stage
DA-N-0092,+917072402074,Your grocery delivery will arrive between four and five. Can we move tomorrow's project meeting to the afternoon?,66,False,Pune,India,False,0,0,Introduction
DA-S-0026,+917800000026,Your Aadhaar has been connected to a money laundering case. Your bank account will be frozen and an arrest team will arrive today. Do not disconnect this video call or discuss the case with anyone.,2084,False,Lucknow,India,True,15,1,Financial Demand
DA-S-0164,+917800000064,This is an officer from Police; your identity is under investigation. Do not disconnect this video call or discuss the case with anyone. Transfer money to the verification account immediately and share the OTP.,923,True,Kolkata,India,True,1,1,Financial Demand
DA-S-0122,+917800000022,This is an officer from ED; your identity is under investigation. Your bank account will be frozen and an arrest team will arrive today. Your bank account will be frozen and an arrest team will arrive today.,1006,False,Kolkata,India,True,8,1,Financial Demand
DA-S-0242,+917800000042,A parcel held by Customs contains prohibited documents in your name. Transfer money to the verification account immediately and share the OTP. Transfer money to the verification account immediately and share the OTP.,1805,True,Kolkata,India,True,11,1,Financial Demand
DA-S-0379,+918657534328,Your Aadhaar has been connected to a money laundering case. Your bank account will be frozen and an arrest team will arrive today. Transfer money to the verification account immediately and share the OTP.,1251,True,Mumbai,India,True,8,1,Financial Demand
DA-N-0011,+918651412130,Can we move tomorrow's project meeting to the afternoon? The bank branch is closed today due to a public holiday.,115,False,Bengaluru,India,False,0,0,Introduction
DA-S-0159,+917800000059,A parcel held by Customs contains prohibited documents in your name. Your bank account will be frozen and an arrest team will arrive today. Transfer money to the verification account immediately and share the OTP.,344,False,Bengaluru,India,False,12,1,Financial Demand
DA-S-0239,+917800000039,A parcel held by Customs contains prohibited documents in your name. Your bank account will be frozen and an arrest team will arrive today. Your bank account will be frozen and an arrest team will arrive today.,1649,False,Kolkata,India,True,6,1,Financial Demand
DA-S-0490,+919062337247,Your Aadhaar has been connected to a money laundering case. Transfer money to the verification account immediately and share the OTP. Do not disconnect this video call or discuss the case with anyone.,881,True,Central Delhi,India,True,5,1,Financial Demand
DA-S-0232,+917800000032,This is an officer from Income Tax; your identity is under investigation. Do not disconnect this video call or discuss the case with anyone. Transfer money to the verification account immediately and share the OTP.,2225,False,Lucknow,India,True,14,1,Financial Demand
DA-S-0092,+917800000092,This is an officer from Income Tax; your identity is under investigation. Transfer money to the verification account immediately and share the OTP. Your bank account will be frozen and an arrest team will arrive today.,1505,True,Mumbai,India,True,12,1,Financial Demand
DA-S-0210,+917800000010,Your Aadhaar has been connected to a money laundering case. Your bank account will be frozen and an arrest team will arrive today. Your bank account will be frozen and an arrest team will arrive today.,1360,True,Bengaluru,India,True,7,1,Financial Demand
DA-S-0362,+917495805050,A parcel held by Customs contains prohibited documents in your name. Your bank account will be frozen and an arrest team will arrive today. Transfer money to the verification account immediately and share the OTP.,935,True,Central Delhi,India,True,4,1,Financial Demand
DA-S-0377,+917238957476,Your Aadhaar has been connected to a money laundering case. Do not disconnect this video call or discuss the case with anyone. Do not disconnect this video call or discuss the case with anyone.,983,True,Central Delhi,India,True,11,1,Financial Demand
DA-S-0042,+917800000042,Your Aadhaar has been connected to a money laundering case. Transfer money to the verification account immediately and share the OTP. Do not disconnect this video call or discuss the case with anyone.,1600,False,Bengaluru,India,True,7,1,Financial Demand
DA-S-0034,+917800000034,Your Aadhaar has been connected to a money laundering case. Do not disconnect this video call or discuss the case with anyone. Transfer money to the verification account immediately and share the OTP.,896,False,Chennai,India,True,3,1,Financial Demand
DA-S-0320,+916704848352,A parcel held by Customs contains prohibited documents in your name. Your bank account will be frozen and an arrest team will arrive today. Your bank account will be frozen and an arrest team will arrive today.,871,True,Jaipur,India,True,15,1,Financial Demand
DA-S-0179,+917800000079,A parcel held by Customs contains prohibited documents in your name. Transfer money to the verification account immediately and share the OTP. Do not disconnect this video call or discuss the case with anyone.,2053,True,Mumbai,India,True,9,1,Financial Demand
DA-S-0093,+917800000093,This is an officer from Income Tax; your identity is under investigation. Do not disconnect this video call or discuss the case with anyone. Do not disconnect this video call or discuss the case with anyone.,2120,True,Central Delhi,India,True,9,1,Financial Demand
DA-S-0175,+917800000075,This is an officer from CBI; your identity is under investigation. Transfer money to the verification account immediately and share the OTP. Your bank account will be frozen and an arrest team will arrive today.,1216,True,Mumbai,India,True,15,1,Financial Demand
DA-S-0343,+917988369200,Your Aadhaar has been connected to a money laundering case. Do not disconnect this video call or discuss the case with anyone. Do not disconnect this video call or discuss the case with anyone.,1821,True,Pune,India,True,14,1,Financial Demand
DA-S-0222,+917800000022,Your Aadhaar has been connected to a money laundering case. Do not disconnect this video call or discuss the case with anyone. Your bank account will be frozen and an arrest team will arrive today.,1960,False,Central Delhi,India,False,18,1,Financial Demand
DA-S-0219,+917800000019,Your Aadhaar has been connected to a money laundering case. Your bank account will be frozen and an arrest team will arrive today. Transfer money to the verification account immediately and share the OTP.,2319,True,Pune,India,True,9,1,Financial Demand
DA-S-0291,+917800000091,This is an officer from CBI; your identity is under investigation. Do not disconnect this video call or discuss the case with anyone. Do not disconnect this video call or discuss the case with anyone.,1135,True,Lucknow,India,True,4,1,Financial Demand
DA-S-0088,+917800000088,This is an officer from Police; your identity is under investigation. Transfer money to the verification account immediately and share the OTP. Transfer money to the verification account immediately and share the OTP.,1247,False,Lucknow,India,False,11,1,Financial Demand
DA-S-0476,+916527229294,This is an officer from ED; your identity is under investigation. Transfer money to the verification account immediately and share the OTP. Do not disconnect this video call or discuss the case with anyone.,649,True,Pune,India,True,6,1,Financial Demand
DA-S-0120,+917800000020,This is an officer from Police; your identity is under investigation. Transfer money to the verification account immediately and share the OTP. Transfer money to the verification account immediately and share the OTP.,744,False,Pune,India,True,16,1,Financial Demand
DA-N-0118,+918689071626,Your appointment is confirmed for next Monday. The bank branch is closed today due to a public holiday.,93,False,Bengaluru,India,False,0,0,Introduction
DA-S-0231,+917800000031,This is an officer from Customs; your identity is under investigation. Do not disconnect this video call or discuss the case with anyone. Transfer money to the verification account immediately and share the OTP.,1298,True,Mumbai,India,True,2,1,Financial Demand
DA-S-0259,+917800000059,Your Aadhaar has been connected to a money laundering case. Do not disconnect this video call or discuss the case with anyone. Transfer money to the verification account immediately and share the OTP.,1892,False,Mumbai,India,True,15,1,Financial Demand
DA-N-0167,+917622130540,Your grocery delivery will arrive between four and five. Your appointment is confirmed for next Monday.,216,False,Bengaluru,India,False,0,0,Introduction
DA-S-0025,+917800000025,A parcel held by Customs contains prohibited documents in your name. Your bank account will be frozen and an arrest team will arrive today. Do not disconnect this video call or discuss the case with anyone.,1612,True,Central Delhi,India,False,9,1,Financial Demand
DA-S-0425,+917246733716,Your Aadhaar has been connected to a money laundering case. Do not disconnect this video call or discuss the case with anyone. Your bank account will be frozen and an arrest team will arrive today.,2246,True,Mumbai,India,True,10,1,Financial Demand
DA-S-0108,+917800000008,Your Aadhaar has been connected to a money laundering case. Your bank account will be frozen and an arrest team will arrive today. Transfer money to the verification account immediately and share the OTP.,392,False,Central Delhi,India,True,3,1,Financial Demand
DA-N-0105,+919524491205,Can we move tomorrow's project meeting to the afternoon? The bank branch is closed today due to a public holiday.,478,False,Jaipur,India,False,0,0,Introduction
DA-S-0225,+917800000025,A parcel held by Customs contains prohibited documents in your name. Transfer money to the verification account immediately and share the OTP. Transfer money to the verification account immediately and share the OTP.,1267,False,Chennai,India,True,7,1,Financial Demand
DA-S-0404,+919173581472,A parcel held by Customs contains prohibited documents in your name. Transfer money to the verification account immediately and share the OTP. Transfer money to the verification account immediately and share the OTP.,1097,True,Pune,India,True,5,1,Financial Demand
DA-S-0489,+919489616721,This is an officer from CBI; your identity is under investigation. Transfer money to the verification account immediately and share the OTP. Transfer money to the verification account immediately and share the OTP.,1805,True,Jaipur,India,False,15,1,Financial Demand
DA-N-0124,+916923273612,Your appointment is confirmed for next Monday. Your grocery delivery will arrive between four and five.,433,False,Central Delhi,India,False,0,0,Introduction
DA-N-0097,+919292237320,The bank branch is closed today due to a public holiday. Can we move tomorrow's project meeting to the afternoon?,368,False,Central Delhi,India,False,0,0,Introduction
DA-S-0257,+917800000057,This is an officer from ED; your identity is under investigation. Your bank account will be frozen and an arrest team will arrive today. Do not disconnect this video call or discuss the case with anyone.,1040,False,Kolkata,India,True,9,1,Financial Demand
DA-S-0467,+917536325784,Your Aadhaar has been connected to a money laundering case. Transfer money to the verification account immediately and share the OTP. Your bank account will be frozen and an arrest team will arrive today.,2176,True,Chennai,India,True,10,1,Financial Demand
DA-S-0370,+916038844402,Your Aadhaar has been connected to a money laundering case. Transfer money to the verification account immediately and share the OTP. Do not disconnect this video call or discuss the case with anyone.,509,False,Lucknow,India,True,13,1,Financial Demand
DA-S-0153,+917800000053,A parcel held by Customs contains prohibited documents in your name. Transfer money to the verification account immediately and share the OTP. Transfer money to the verification account immediately and share the OTP.,849,True,Central Delhi,India,True,15,1,Financial Demand
DA-S-0472,+919742435722,A parcel held by Customs contains prohibited documents in your name. Your bank account will be frozen and an arrest team will arrive today. Your bank account will be frozen and an arrest team will arrive today.,1084,True,Kolkata,India,True,8,1,Financial Demand
DA-N-0160,+916841482213,Your grocery delivery will arrive between four and five. Please call me when you reach home safely.,272,False,Pune,India,False,0,0,Introduction
DA-S-0109,+917800000009,A parcel held by Customs contains prohibited documents in your name. Your bank account will be frozen and an arrest team will arrive today. Transfer money to the verification account immediately and share the OTP.,2253,True,Kolkata,India,True,18,1,Financial Demand
DA-N-0058,+919054035423,Please call me when you reach home safely. Your grocery delivery will arrive between four and five.,328,False,Central Delhi,India,False,0,0,Introduction
DA-S-0247,+917800000047,A parcel held by Customs contains prohibited documents in your name. Your bank account will be frozen and an arrest team will arrive today. Do not disconnect this video call or discuss the case with anyone.,1692,True,Central Delhi,India,True,2,1,Financial Demand
DA-S-0486,+916005575172,This is an officer from CBI; your identity is under investigation. Your bank account will be frozen and an arrest team will arrive today. Transfer money to the verification account immediately and share the OTP.,2299,True,Chennai,India,True,1,1,Financial Demand
DA-S-0055,+917800000055,Your Aadhaar has been connected to a money laundering case. Do not disconnect this video call or discuss the case with anyone. Transfer money to the verification account immediately and share the OTP.,228,True,Pune,India,True,16,1,Financial Demand
DA-S-0398,+917602838214,A parcel held by Customs contains prohibited documents in your name. Your bank account will be frozen and an arrest team will arrive today. Do not disconnect this video call or discuss the case with anyone.,1473,True,Bengaluru,India,False,13,1,Financial Demand
DA-S-0139,+917800000039,This is an officer from Customs; your identity is under investigation. Do not disconnect this video call or discuss the case with anyone. Transfer money to the verification account immediately and share the OTP.,311,False,Jaipur,India,True,9,1,Financial Demand
DA-S-0374,+917696735254,Your Aadhaar has been connected to a money laundering case. Your bank account will be frozen and an arrest team will arrive today. Transfer money to the verification account immediately and share the OTP.,1181,True,Pune,India,False,9,1,Financial Demand
DA-S-0141,+917800000041,Your Aadhaar has been connected to a money laundering case. Do not disconnect this video call or discuss the case with anyone. Your bank account will be frozen and an arrest team will arrive today.,1690,True,Chennai,India,True,14,1,Financial Demand
DA-S-0043,+917800000043,A parcel held by Customs contains prohibited documents in your name. Your bank account will be frozen and an arrest team will arrive today. Do not disconnect this video call or discuss the case with anyone.,1487,False,Kolkata,India,True,12,1,Financial Demand
DA-S-0289,+917800000089,A parcel held by Customs contains prohibited documents in your name. Transfer money to the verification account immediately and share the OTP. Do not disconnect this video call or discuss the case with anyone.,1348,False,Bengaluru,India,True,9,1,Financial Demand
DA-N-0140,+918315172144,Your grocery delivery will arrive between four and five. Can we move tomorrow's project meeting to the afternoon?,480,False,Pune,India,False,0,0,Introduction
DA-S-0428,+919415705421,A parcel held by Customs contains prohibited documents in your name. Transfer money to the verification account immediately and share the OTP. Do not disconnect this video call or discuss the case with anyone.,1693,False,Central Delhi,India,True,11,1,Financial Demand
DA-N-0164,+916814145437,Please call me when you reach home safely. Your appointment is confirmed for next Monday.,257,False,Central Delhi,India,False,0,0,Introduction
DA-N-0123,+919185250231,Your appointment is confirmed for next Monday. Please call me when you reach home safely.,189,False,Pune,India,False,0,0,Introduction
DA-S-0073,+917800000073,Your Aadhaar has been connected to a money laundering case. Your bank account will be frozen and an arrest team will arrive today. Transfer money to the verification account immediately and share the OTP.,2341,True,Mumbai,India,False,12,1,Financial Demand
DA-N-0121,+918928018900,Can we move tomorrow's project meeting to the afternoon? Your grocery delivery will arrive between four and five.,235,False,Pune,India,False,0,0,Introduction
DA-N-0080,+916639731561,The bank branch is closed today due to a public holiday. Please call me when you reach home safely.,408,False,Mumbai,India,False,0,0,Introduction
DA-S-0130,+917800000030,This is an officer from ED; your identity is under investigation. Your bank account will be frozen and an arrest team will arrive today. Transfer money to the verification account immediately and share the OTP.,1288,True,Mumbai,India,False,8,1,Financial Demand
DA-S-0366,+917174015590,A parcel held by Customs contains prohibited documents in your name. Transfer money to the verification account immediately and share the OTP. Do not disconnect this video call or discuss the case with anyone.,642,True,Pune,India,True,13,1,Financial Demand
DA-S-0333,+916795305800,Your Aadhaar has been connected to a money laundering case. Do not disconnect this video call or discuss the case with anyone. Do not disconnect this video call or discuss the case with anyone.,859,True,Pune,India,True,16,1,Financial Demand
DA-S-0145,+917800000045,Your Aadhaar has been connected to a money laundering case. Your bank account will be frozen and an arrest team will arrive today. Do not disconnect this video call or discuss the case with anyone.,767,False,Kolkata,India,True,11,1,Financial Demand
DA-S-0205,+917800000005,This is an officer from ED; your identity is under investigation. Transfer money to the verification account immediately and share the OTP. Your bank account will be frozen and an arrest team will arrive today.,1970,True,Central Delhi,India,False,6,1,Financial Demand
DA-S-0355,+919631538536,Your Aadhaar has been connected to a money laundering case. Transfer money to the verification account immediately and share the OTP. Do not disconnect this video call or discuss the case with anyone.,1422,True,Central Delhi,India,True,8,1,Financial Demand
DA-S-0480,+916567398206,A parcel held by Customs contains prohibited documents in your name. Do not disconnect this video call or discuss the case with anyone. Your bank account will be frozen and an arrest team will arrive today.,1762,True,Chennai,India,True,7,1,Financial Demand
DA-S-0339,+918597369855,A parcel held by Customs contains prohibited documents in your name. Do not disconnect this video call or discuss the case with anyone. Transfer money to the verification account immediately and share the OTP.,1619,False,Mumbai,India,False,17,1,Financial Demand
DA-N-0154,+919214492339,Your appointment is confirmed for next Monday. Can we move tomorrow's project meeting to the afternoon?,367,False,Central Delhi,India,False,0,0,Introduction
DA-S-0474,+919388054893,Your Aadhaar has been connected to a money laundering case. Transfer money to the verification account immediately and share the OTP. Your bank account will be frozen and an arrest team will arrive today.,1283,True,Lucknow,India,False,3,1,Financial Demand
DA-N-0185,+919922715047,The bank branch is closed today due to a public holiday. Your appointment is confirmed for next Monday.,380,False,Mumbai,India,False,0,0,Introduction
DA-S-0099,+917800000099,A parcel held by Customs contains prohibited documents in your name. Your bank account will be frozen and an arrest team will arrive today. Transfer money to the verification account immediately and share the OTP.,1064,False,Jaipur,India,False,17,1,Financial Demand
DA-S-0203,+917800000003,Your Aadhaar has been connected to a money laundering case. Transfer money to the verification account immediately and share the OTP. Do not disconnect this video call or discuss the case with anyone.,836,True,Central Delhi,India,True,18,1,Financial Demand
DA-S-0305,+916410819034,A parcel held by Customs contains prohibited documents in your name. Transfer money to the verification account immediately and share the OTP. Your bank account will be frozen and an arrest team will arrive today.,732,True,Mumbai,India,True,18,1,Financial Demand
DA-S-0208,+917800000008,Your Aadhaar has been connected to a money laundering case. Your bank account will be frozen and an arrest team will arrive today. Do not disconnect this video call or discuss the case with anyone.,345,True,Central Delhi,India,True,17,1,Financial Demand
DA-S-0157,+917800000057,A parcel held by Customs contains prohibited documents in your name. Your bank account will be frozen and an arrest team will arrive today. Do not disconnect this video call or discuss the case with anyone.,324,True,Central Delhi,India,False,8,1,Financial Demand
DA-S-0470,+917601708201,This is an officer from Income Tax; your identity is under investigation. Transfer money to the verification account immediately and share the OTP. Transfer money to the verification account immediately and share the OTP.,999,True,Lucknow,India,True,7,1,Financial Demand
DA-S-0072,+917800000072,Your Aadhaar has been connected to a money laundering case. Transfer money to the verification account immediately and share the OTP. Do not disconnect this video call or discuss the case with anyone.,1021,False,Mumbai,India,True,8,1,Financial Demand
DA-S-0194,+917800000094,Your Aadhaar has been connected to a money laundering case. Transfer money to the verification account immediately and share the OTP. Transfer money to the verification account immediately and share the OTP.,1756,True,Kolkata,India,True,15,1,Financial Demand
DA-S-0287,+917800000087,Your Aadhaar has been connected to a money laundering case. Transfer money to the verification account immediately and share the OTP. Your bank account will be frozen and an arrest team will arrive today.,1042,True,Pune,India,True,2,1,Financial Demand
DA-S-0363,+918916049959,Your Aadhaar has been connected to a money laundering case. Do not disconnect this video call or discuss the case with anyone. Do not disconnect this video call or discuss the case with anyone.,319,False,Jaipur,India,True,7,1,Financial Demand
DA-S-0052,+917800000052,This is an officer from Income Tax; your identity is under investigation. Your bank account will be frozen and an arrest team will arrive today. Do not disconnect this video call or discuss the case with anyone.,278,True,Kolkata,India,True,3,1,Financial Demand
DA-N-0062,+919266937573,Your appointment is confirmed for next Monday. Your grocery delivery will arrive between four and five.,285,False,Central Delhi,India,False,0,0,Introduction
DA-S-0214,+917800000014,Your Aadhaar has been connected to a money laundering case. Do not disconnect this video call or discuss the case with anyone. Transfer money to the verification account immediately and share the OTP.,742,True,Chennai,India,False,6,1,Financial Demand
DA-N-0099,+918591775909,Your appointment is confirmed for next Monday. Can we move tomorrow's project meeting to the afternoon?,194,False,Bengaluru,India,False,0,0,Introduction
DA-S-0331,+918081869854,This is an officer from Police; your identity is under investigation. Your bank account will be frozen and an arrest team will arrive today. Do not disconnect this video call or discuss the case with anyone.,279,True,Mumbai,India,True,6,1,Financial Demand
DA-S-0046,+917800000046,This is an officer from Income Tax; your identity is under investigation. Your bank account will be frozen and an arrest team will arrive today. Transfer money to the verification account immediately and share the OTP.,421,True,Mumbai,India,False,14,1,Financial Demand
DA-S-0116,+917800000016,This is an officer from Income Tax; your identity is under investigation. Do not disconnect this video call or discuss the case with anyone. Your bank account will be frozen and an arrest team will arrive today.,2154,True,Lucknow,India,True,8,1,Financial Demand
DA-N-0067,+919988351394,Your appointment is confirmed for next Monday. Please call me when you reach home safely.,332,False,Bengaluru,India,False,0,0,Introduction
DA-S-0438,+919514677267,This is an officer from CBI; your identity is under investigation. Transfer money to the verification account immediately and share the OTP. Transfer money to the verification account immediately and share the OTP.,752,True,Jaipur,India,True,11,1,Financial Demand
DA-S-0004,+917800000004,This is an officer from Income Tax; your identity is under investigation. Do not disconnect this video call or discuss the case with anyone. Your bank account will be frozen and an arrest team will arrive today.,1751,True,Lucknow,India,True,8,1,Financial Demand
DA-N-0188,+919145918233,Please call me when you reach home safely. Your grocery delivery will arrive between four and five.,67,False,Lucknow,India,False,0,0,Introduction
DA-S-0280,+917800000080,This is an officer from CBI; your identity is under investigation. Do not disconnect this video call or discuss the case with anyone. Transfer money to the verification account immediately and share the OTP.,1577,True,Kolkata,India,True,4,1,Financial Demand
DA-S-0234,+917800000034,This is an officer from Police; your identity is under investigation. Transfer money to the verification account immediately and share the OTP. Transfer money to the verification account immediately and share the OTP.,1356,True,Lucknow,India,True,16,1,Financial Demand
DA-S-0075,+917800000075,This is an officer from ED; your identity is under investigation. Do not disconnect this video call or discuss the case with anyone. Your bank account will be frozen and an arrest team will arrive today.,1738,False,Mumbai,India,True,6,1,Financial Demand
DA-S-0383,+917783027596,Your Aadhaar has been connected to a money laundering case. Do not disconnect this video call or discuss the case with anyone. Your bank account will be frozen and an arrest team will arrive today.,451,True,Jaipur,India,True,8,1,Financial Demand
DA-S-0013,+917800000013,This is an officer from Income Tax; your identity is under investigation. Do not disconnect this video call or discuss the case with anyone. Do not disconnect this video call or discuss the case with anyone.,922,False,Chennai,India,True,16,1,Financial Demand
DA-S-0218,+917800000018,This is an officer from Police; your identity is under investigation. Do not disconnect this video call or discuss the case with anyone. Do not disconnect this video call or discuss the case with anyone.,2131,False,Lucknow,India,False,14,1,Financial Demand
DA-S-0018,+917800000018,A parcel held by Customs contains prohibited documents in your name. Transfer money to the verification account immediately and share the OTP. Do not disconnect this video call or discuss the case with anyone.,440,False,Jaipur,India,False,15,1,Financial Demand
DA-S-0216,+917800000016,Your Aadhaar has been connected to a money laundering case. Your bank account will be frozen and an arrest team will arrive today. Your bank account will be frozen and an arrest team will arrive today.,496,False,Jaipur,India,True,10,1,Financial Demand
DA-S-0421,+919600476523,This is an officer from Customs; your identity is under investigation. Your bank account will be frozen and an arrest team will arrive today. Do not disconnect this video call or discuss the case with anyone.,1491,True,Central Delhi,India,True,8,1,Financial Demand
DA-S-0149,+917800000049,A parcel held by Customs contains prohibited documents in your name. Your bank account will be frozen and an arrest team will arrive today. Do not disconnect this video call or discuss the case with anyone.,748,True,Mumbai,India,True,18,1,Financial Demand
DA-S-0171,+917800000071,Your Aadhaar has been connected to a money laundering case. Do not disconnect this video call or discuss the case with anyone. Transfer money to the verification account immediately and share the OTP.,1789,False,Pune,India,True,7,1,Financial Demand
DA-S-0068,+917800000068,Your Aadhaar has been connected to a money laundering case. Your bank account will be frozen and an arrest team will arrive today. Your bank account will be frozen and an arrest team will arrive today.,1416,False,Lucknow,India,True,13,1,Financial Demand
DA-S-0125,+917800000025,A parcel held by Customs contains prohibited documents in your name. Your bank account will be frozen and an arrest team will arrive today. Your bank account will be frozen and an arrest team will arrive today.,1435,True,Kolkata,India,True,2,1,Financial Demand
DA-S-0181,+917800000081,Your Aadhaar has been connected to a money laundering case. Transfer money to the verification account immediately and share the OTP. Do not disconnect this video call or discuss the case with anyone.,1685,False,Bengaluru,India,True,7,1,Financial Demand
DA-S-0167,+917800000067,Your Aadhaar has been connected to a money laundering case. Transfer money to the verification account immediately and share the OTP. Transfer money to the verification account immediately and share the OTP.,1046,True,Bengaluru,India,True,1,1,Financial Demand
DA-N-0158,+919242134357,Please call me when you reach home safely. The bank branch is closed today due to a public holiday.,116,False,Bengaluru,India,False,0,0,Introduction
DA-S-0173,+917800000073,This is an officer from Income Tax; your identity is under investigation. Transfer money to the verification account immediately and share the OTP. Transfer money to the verification account immediately and share the OTP.,2360,False,Mumbai,India,True,2,1,Financial Demand
DA-S-0049,+917800000049,This is an officer from Police; your identity is under investigation. Transfer money to the verification account immediately and share the OTP. Do not disconnect this video call or discuss the case with anyone.,1229,True,Pune,India,True,12,1,Financial Demand
DA-N-0029,+919332000399,Your appointment is confirmed for next Monday. Your grocery delivery will arrive between four and five.,438,False,Chennai,India,False,0,0,Introduction
DA-S-0323,+918264950866,This is an officer from Customs; your identity is under investigation. Do not disconnect this video call or discuss the case with anyone. Do not disconnect this video call or discuss the case with anyone.,236,True,Kolkata,India,True,6,1,Financial Demand
DA-N-0040,+916295406143,Your grocery delivery will arrive between four and five. Please call me when you reach home safely.,81,False,Lucknow,India,False,0,0,Introduction
DA-S-0047,+917800000047,Your Aadhaar has been connected to a money laundering case. Your bank account will be frozen and an arrest team will arrive today. Transfer money to the verification account immediately and share the OTP.,2295,True,Pune,India,True,1,1,Financial Demand
DA-S-0441,+918008601611,This is an officer from CBI; your identity is under investigation. Transfer money to the verification account immediately and share the OTP. Do not disconnect this video call or discuss the case with anyone.,1191,True,Pune,India,True,11,1,Financial Demand
DA-N-0045,+916666878362,The bank branch is closed today due to a public holiday. Please call me when you reach home safely.,375,False,Chennai,India,False,0,0,Introduction
DA-N-0044,+916033525627,Please call me when you reach home safely. Can we move tomorrow's project meeting to the afternoon?,455,False,Pune,India,False,0,0,Introduction
DA-S-0301,+917093565956,A parcel held by Customs contains prohibited documents in your name. Transfer money to the verification account immediately and share the OTP. Your bank account will be frozen and an arrest team will arrive today.,813,True,Pune,India,True,13,1,Financial Demand
DA-S-0134,+917800000034,This is an officer from Police; your identity is under investigation. Transfer money to the verification account immediately and share the OTP. Do not disconnect this video call or discuss the case with anyone.,1156,True,Chennai,India,True,16,1,Financial Demand
DA-S-0140,+917800000040,Your Aadhaar has been connected to a money laundering case. Do not disconnect this video call or discuss the case with anyone. Transfer money to the verification account immediately and share the OTP.,659,True,Central Delhi,India,True,15,1,Financial Demand
DA-N-0166,+918285865386,Can we move tomorrow's project meeting to the afternoon? Please call me when you reach home safely.,97,False,Kolkata,India,False,0,0,Introduction
DA-S-0089,+917800000089,A parcel held by Customs contains prohibited documents in your name. Transfer money to the verification account immediately and share the OTP. Transfer money to the verification account immediately and share the OTP.,1559,True,Bengaluru,India,True,6,1,Financial Demand
DA-S-0166,+917800000066,A parcel held by Customs contains prohibited documents in your name. Transfer money to the verification account immediately and share the OTP. Your bank account will be frozen and an arrest team will arrive today.,1714,True,Lucknow,India,True,11,1,Financial Demand
DA-S-0413,+919008900698,Your Aadhaar has been connected to a money laundering case. Transfer money to the verification account immediately and share the OTP. Your bank account will be frozen and an arrest team will arrive today.,2005,True,Bengaluru,India,False,7,1,Financial Demand
DA-S-0264,+917800000064,Your Aadhaar has been connected to a money laundering case. Transfer money to the verification account immediately and share the OTP. Transfer money to the verification account immediately and share the OTP.,1475,True,Jaipur,India,True,7,1,Financial Demand
DA-S-0050,+917800000050,Your Aadhaar has been connected to a money laundering case. Do not disconnect this video call or discuss the case with anyone. Your bank account will be frozen and an arrest team will arrive today.,321,False,Lucknow,India,True,10,1,Financial Demand
DA-S-0221,+917800000021,Your Aadhaar has been connected to a money laundering case. Do not disconnect this video call or discuss the case with anyone. Do not disconnect this video call or discuss the case with anyone.,917,False,Bengaluru,India,False,14,1,Financial Demand
DA-N-0037,+916313031036,Your appointment is confirmed for next Monday. Please call me when you reach home safely.,98,False,Bengaluru,India,False,0,0,Introduction
DA-S-0498,+916410355732,A parcel held by Customs contains prohibited documents in your name. Transfer money to the verification account immediately and share the OTP. Your bank account will be frozen and an arrest team will arrive today.,1649,False,Pune,India,True,6,1,Financial Demand
DA-S-0129,+917800000029,Your Aadhaar has been connected to a money laundering case. Your bank account will be frozen and an arrest team will arrive today. Do not disconnect this video call or discuss the case with anyone.,725,True,Mumbai,India,True,2,1,Financial Demand
DA-N-0161,+916849166811,Your grocery delivery will arrive between four and five. The bank branch is closed today due to a public holiday.,123,False,Lucknow,India,False,0,0,Introduction
DA-N-0005,+918612067113,Please call me when you reach home safely. The bank branch is closed today due to a public holiday.,287,False,Jaipur,India,False,0,0,Introduction
DA-N-0016,+916040219900,Can we move tomorrow's project meeting to the afternoon? The bank branch is closed today due to a public holiday.,194,False,Bengaluru,India,False,0,0,Introduction
DA-S-0249,+917800000049,Your Aadhaar has been connected to a money laundering case. Your bank account will be frozen and an arrest team will arrive today. Do not disconnect this video call or discuss the case with anyone.,1666,True,Bengaluru,India,False,12,1,Financial Demand
DA-S-0430,+919088713188,This is an officer from ED; your identity is under investigation. Your bank account will be frozen and an arrest team will arrive today. Do not disconnect this video call or discuss the case with anyone.,619,True,Pune,India,False,18,1,Financial Demand
DA-S-0224,+917800000024,This is an officer from CBI; your identity is under investigation. Transfer money to the verification account immediately and share the OTP. Do not disconnect this video call or discuss the case with anyone.,1415,False,Chennai,India,True,17,1,Financial Demand
DA-S-0008,+917800000008,A parcel held by Customs contains prohibited documents in your name. Do not disconnect this video call or discuss the case with anyone. Your bank account will be frozen and an arrest team will arrive today.,242,False,Jaipur,India,True,17,1,Financial Demand
DA-N-0156,+917241216697,Your grocery delivery will arrive between four and five. Can we move tomorrow's project meeting to the afternoon?,399,False,Kolkata,India,False,0,0,Introduction
DA-N-0022,+916980304535,The bank branch is closed today due to a public holiday. Your grocery delivery will arrive between four and five.,58,False,Lucknow,India,False,0,0,Introduction
DA-S-0314,+917849004434,Your Aadhaar has been connected to a money laundering case. Do not disconnect this video call or discuss the case with anyone. Do not disconnect this video call or discuss the case with anyone.,694,False,Pune,India,True,1,1,Financial Demand
DA-S-0101,+917800000001,This is an officer from Police; your identity is under investigation. Transfer money to the verification account immediately and share the OTP. Transfer money to the verification account immediately and share the OTP.,600,True,Bengaluru,India,True,15,1,Financial Demand
DA-N-0148,+917588341810,Your grocery delivery will arrive between four and five. Please call me when you reach home safely.,385,False,Central Delhi,India,False,0,0,Introduction
DA-S-0278,+917800000078,A parcel held by Customs contains prohibited documents in your name. Your bank account will be frozen and an arrest team will arrive today. Transfer money to the verification account immediately and share the OTP.,1723,True,Central Delhi,India,True,14,1,Financial Demand
DA-S-0309,+917769939475,Your Aadhaar has been connected to a money laundering case. Your bank account will be frozen and an arrest team will arrive today. Do not disconnect this video call or discuss the case with anyone.,1572,True,Chennai,India,False,14,1,Financial Demand
DA-S-0067,+917800000067,Your Aadhaar has been connected to a money laundering case. Your bank account will be frozen and an arrest team will arrive today. Your bank account will be frozen and an arrest team will arrive today.,2022,True,Central Delhi,India,True,16,1,Financial Demand
DA-S-0011,+917800000011,A parcel held by Customs contains prohibited documents in your name. Do not disconnect this video call or discuss the case with anyone. Your bank account will be frozen and an arrest team will arrive today.,993,True,Mumbai,India,True,12,1,Financial Demand
DA-N-0087,+916006811782,The bank branch is closed today due to a public holiday. Your appointment is confirmed for next Monday.,192,False,Lucknow,India,False,0,0,Introduction
DA-S-0005,+917800000005,A parcel held by Customs contains prohibited documents in your name. Do not disconnect this video call or discuss the case with anyone. Your bank account will be frozen and an arrest team will arrive today.,631,False,Bengaluru,India,True,10,1,Financial Demand
DA-S-0102,+917800000002,Your Aadhaar has been connected to a money laundering case. Your bank account will be frozen and an arrest team will arrive today. Do not disconnect this video call or discuss the case with anyone.,2207,True,Mumbai,India,False,5,1,Financial Demand
DA-S-0070,+917800000070,A parcel held by Customs contains prohibited documents in your name. Your bank account will be frozen and an arrest team will arrive today. Transfer money to the verification account immediately and share the OTP.,1573,True,Mumbai,India,True,12,1,Financial Demand
DA-N-0173,+917006453100,Your grocery delivery will arrive between four and five. Please call me when you reach home safely.,140,False,Central Delhi,India,False,0,0,Introduction
DA-S-0148,+917800000048,This is an officer from Police; your identity is under investigation. Your bank account will be frozen and an arrest team will arrive today. Transfer money to the verification account immediately and share the OTP.,251,True,Bengaluru,India,True,5,1,Financial Demand
DA-S-0097,+917800000097,This is an officer from Police; your identity is under investigation. Transfer money to the verification account immediately and share the OTP. Your bank account will be frozen and an arrest team will arrive today.,2263,False,Lucknow,India,True,11,1,Financial Demand
DA-N-0031,+916903105146,Please call me when you reach home safely. Can we move tomorrow's project meeting to the afternoon?,419,False,Bengaluru,India,False,0,0,Introduction
DA-S-0270,+917800000070,A parcel held by Customs contains prohibited documents in your name. Do not disconnect this video call or discuss the case with anyone. Transfer money to the verification account immediately and share the OTP.,2249,True,Central Delhi,India,False,2,1,Financial Demand
DA-S-0459,+918261577139,This is an officer from Police; your identity is under investigation. Your bank account will be frozen and an arrest team will arrive today. Your bank account will be frozen and an arrest team will arrive today.,344,True,Pune,India,True,3,1,Financial Demand
DA-S-0256,+917800000056,A parcel held by Customs contains prohibited documents in your name. Do not disconnect this video call or discuss the case with anyone. Your bank account will be frozen and an arrest team will arrive today.,1462,True,Lucknow,India,True,6,1,Financial Demand
DA-S-0036,+917800000036,This is an officer from Customs; your identity is under investigation. Your bank account will be frozen and an arrest team will arrive today. Transfer money to the verification account immediately and share the OTP.,609,True,Jaipur,India,True,1,1,Financial Demand
DA-N-0146,+919787389207,Your appointment is confirmed for next Monday. Your grocery delivery will arrive between four and five.,285,False,Pune,India,False,0,0,Introduction
DA-S-0285,+917800000085,This is an officer from Police; your identity is under investigation. Do not disconnect this video call or discuss the case with anyone. Your bank account will be frozen and an arrest team will arrive today.,1254,True,Jaipur,India,True,3,1,Financial Demand
DA-S-0154,+917800000054,This is an officer from Income Tax; your identity is under investigation. Your bank account will be frozen and an arrest team will arrive today. Your bank account will be frozen and an arrest team will arrive today.,201,False,Central Delhi,India,False,14,1,Financial Demand
DA-S-0406,+918364688202,This is an officer from Income Tax; your identity is under investigation. Your bank account will be frozen and an arrest team will arrive today. Your bank account will be frozen and an arrest team will arrive today.,857,True,Kolkata,India,True,9,1,Financial Demand
DA-S-0461,+916185498704,A parcel held by Customs contains prohibited documents in your name. Do not disconnect this video call or discuss the case with anyone. Do not disconnect this video call or discuss the case with anyone.,705,False,Bengaluru,India,True,12,1,Financial Demand
DA-S-0449,+917401184248,This is an officer from Police; your identity is under investigation. Do not disconnect this video call or discuss the case with anyone. Transfer money to the verification account immediately and share the OTP.,1536,True,Pune,India,True,7,1,Financial Demand
DA-N-0048,+919616613766,Can we move tomorrow's project meeting to the afternoon? Your appointment is confirmed for next Monday.,368,False,Central Delhi,India,False,0,0,Introduction
DA-N-0052,+917899275670,Your appointment is confirmed for next Monday. Please call me when you reach home safely.,65,False,Chennai,India,False,0,0,Introduction
DA-S-0338,+919472195899,Your Aadhaar has been connected to a money laundering case. Do not disconnect this video call or discuss the case with anyone. Your bank account will be frozen and an arrest team will arrive today.,904,True,Bengaluru,India,True,17,1,Financial Demand
DA-S-0019,+917800000019,This is an officer from Customs; your identity is under investigation. Transfer money to the verification account immediately and share the OTP. Transfer money to the verification account immediately and share the OTP.,451,False,Lucknow,India,False,16,1,Financial Demand
DA-N-0085,+919617637577,Your appointment is confirmed for next Monday. Please call me when you reach home safely.,34,False,Central Delhi,India,False,0,0,Introduction
DA-N-0129,+919542498516,Your grocery delivery will arrive between four and five. Please call me when you reach home safely.,174,False,Central Delhi,India,False,0,0,Introduction
DA-S-0494,+916215030249,This is an officer from ED; your identity is under investigation. Transfer money to the verification account immediately and share the OTP. Do not disconnect this video call or discuss the case with anyone.,1473,True,Chennai,India,True,18,1,Financial Demand
DA-S-0045,+917800000045,This is an officer from Income Tax; your identity is under investigation. Do not disconnect this video call or discuss the case with anyone. Transfer money to the verification account immediately and share the OTP.,1935,False,Chennai,India,False,4,1,Financial Demand
DA-N-0157,+917927827469,Can we move tomorrow's project meeting to the afternoon? Your appointment is confirmed for next Monday.,292,False,Mumbai,India,False,0,0,Introduction
DA-S-0191,+917800000091,Your Aadhaar has been connected to a money laundering case. Your bank account will be frozen and an arrest team will arrive today. Transfer money to the verification account immediately and share the OTP.,778,True,Mumbai,India,True,18,1,Financial Demand
DA-S-0160,+917800000060,This is an officer from CBI; your identity is under investigation. Transfer money to the verification account immediately and share the OTP. Your bank account will be frozen and an arrest team will arrive today.,547,False,Chennai,India,True,13,1,Financial Demand
DA-S-0117,+917800000017,This is an officer from ED; your identity is under investigation. Do not disconnect this video call or discuss the case with anyone. Your bank account will be frozen and an arrest team will arrive today.,2296,True,Chennai,India,False,2,1,Financial Demand
DA-S-0491,+917639487195,A parcel held by Customs contains prohibited documents in your name. Your bank account will be frozen and an arrest team will arrive today. Your bank account will be frozen and an arrest team will arrive today.,1763,False,Lucknow,India,True,15,1,Financial Demand
DA-N-0001,+919195934978,Please call me when you reach home safely. Your appointment is confirmed for next Monday.,116,False,Central Delhi,India,False,0,0,Introduction
DA-S-0188,+917800000088,A parcel held by Customs contains prohibited documents in your name. Your bank account will be frozen and an arrest team will arrive today. Transfer money to the verification account immediately and share the OTP.,1520,False,Chennai,India,False,2,1,Financial Demand
DA-S-0127,+917800000027,Your Aadhaar has been connected to a money laundering case. Do not disconnect this video call or discuss the case with anyone. Transfer money to the verification account immediately and share the OTP.,2326,True,Jaipur,India,False,12,1,Financial Demand
DA-S-0382,+916560939565,Your Aadhaar has been connected to a money laundering case. Your bank account will be frozen and an arrest team will arrive today. Your bank account will be frozen and an arrest team will arrive today.,1809,True,Central Delhi,India,True,13,1,Financial Demand
DA-S-0252,+917800000052,This is an officer from Income Tax; your identity is under investigation. Transfer money to the verification account immediately and share the OTP. Do not disconnect this video call or discuss the case with anyone.,2108,True,Kolkata,India,True,3,1,Financial Demand
DA-S-0399,+917487821665,Your Aadhaar has been connected to a money laundering case. Transfer money to the verification account immediately and share the OTP. Transfer money to the verification account immediately and share the OTP.,1568,True,Lucknow,India,True,17,1,Financial Demand
DA-S-0296,+917800000096,Your Aadhaar has been connected to a money laundering case. Transfer money to the verification account immediately and share the OTP. Transfer money to the verification account immediately and share the OTP.,1025,True,Jaipur,India,False,6,1,Financial Demand
DA-S-0468,+918058000171,Your Aadhaar has been connected to a money laundering case. Transfer money to the verification account immediately and share the OTP. Transfer money to the verification account immediately and share the OTP.,1511,True,Bengaluru,India,True,6,1,Financial Demand
DA-S-0451,+919217272519,Your Aadhaar has been connected to a money laundering case. Do not disconnect this video call or discuss the case with anyone. Transfer money to the verification account immediately and share the OTP.,1228,True,Chennai,India,False,8,1,Financial Demand
DA-S-0328,+919847301057,This is an officer from Customs; your identity is under investigation. Transfer money to the verification account immediately and share the OTP. Your bank account will be frozen and an arrest team will arrive today.,1921,True,Kolkata,India,True,17,1,Financial Demand
DA-S-0118,+917800000018,This is an officer from Police; your identity is under investigation. Do not disconnect this video call or discuss the case with anyone. Do not disconnect this video call or discuss the case with anyone.,615,True,Kolkata,India,True,9,1,Financial Demand
DA-S-0041,+917800000041,This is an officer from ED; your identity is under investigation. Do not disconnect this video call or discuss the case with anyone. Do not disconnect this video call or discuss the case with anyone.,695,True,Bengaluru,India,True,14,1,Financial Demand
DA-S-0037,+917800000037,Your Aadhaar has been connected to a money laundering case. Do not disconnect this video call or discuss the case with anyone. Transfer money to the verification account immediately and share the OTP.,1098,True,Pune,India,True,10,1,Financial Demand
DA-N-0047,+916079785399,Your grocery delivery will arrive between four and five. Your appointment is confirmed for next Monday.,317,False,Pune,India,False,0,0,Introduction
DA-S-0024,+917800000024,This is an officer from Police; your identity is under investigation. Your bank account will be frozen and an arrest team will arrive today. Your bank account will be frozen and an arrest team will arrive today.,1542,True,Bengaluru,India,False,3,1,Financial Demand
DA-S-0380,+916587622626,A parcel held by Customs contains prohibited documents in your name. Transfer money to the verification account immediately and share the OTP. Transfer money to the verification account immediately and share the OTP.,722,True,Lucknow,India,True,6,1,Financial Demand
DA-S-0435,+916207879615,A parcel held by Customs contains prohibited documents in your name. Transfer money to the verification account immediately and share the OTP. Transfer money to the verification account immediately and share the OTP.,1961,True,Chennai,India,True,2,1,Financial Demand
DA-S-0267,+917800000067,A parcel held by Customs contains prohibited documents in your name. Your bank account will be frozen and an arrest team will arrive today. Do not disconnect this video call or discuss the case with anyone.,2155,False,Chennai,India,True,5,1,Financial Demand
DA-S-0478,+916520668013,A parcel held by Customs contains prohibited documents in your name. Do not disconnect this video call or discuss the case with anyone. Transfer money to the verification account immediately and share the OTP.,1608,True,Chennai,India,False,2,1,Financial Demand
DA-S-0158,+917800000058,This is an officer from CBI; your identity is under investigation. Your bank account will be frozen and an arrest team will arrive today. Do not disconnect this video call or discuss the case with anyone.,2154,True,Mumbai,India,True,1,1,Financial Demand
DA-S-0021,+917800000021,Your Aadhaar has been connected to a money laundering case. Transfer money to the verification account immediately and share the OTP. Transfer money to the verification account immediately and share the OTP.,277,False,Pune,India,False,10,1,Financial Demand
DA-N-0106,+919534760434,Please call me when you reach home safely. Can we move tomorrow's project meeting to the afternoon?,408,False,Mumbai,India,False,0,0,Introduction
DA-N-0184,+916756239043,Your appointment is confirmed for next Monday. The bank branch is closed today due to a public holiday.,346,False,Central Delhi,India,False,0,0,Introduction
DA-S-0424,+917864094763,A parcel held by Customs contains prohibited documents in your name. Transfer money to the verification account immediately and share the OTP. Transfer money to the verification account immediately and share the OTP.,1330,True,Jaipur,India,True,17,1,Financial Demand
DA-S-0432,+917265640642,This is an officer from ED; your identity is under investigation. Your bank account will be frozen and an arrest team will arrive today. Transfer money to the verification account immediately and share the OTP.,1826,True,Pune,India,False,17,1,Financial Demand
DA-S-0180,+917800000080,This is an officer from CBI; your identity is under investigation. Your bank account will be frozen and an arrest team will arrive today. Do not disconnect this video call or discuss the case with anyone.,1672,True,Central Delhi,India,True,4,1,Financial Demand
DA-S-0272,+917800000072,This is an officer from ED; your identity is under investigation. Your bank account will be frozen and an arrest team will arrive today. Transfer money to the verification account immediately and share the OTP.,714,True,Jaipur,India,True,13,1,Financial Demand
DA-N-0090,+919606861465,Your appointment is confirmed for next Monday. Please call me when you reach home safely.,451,False,Chennai,India,False,0,0,Introduction
DA-N-0081,+919307311307,Can we move tomorrow's project meeting to the afternoon? Your grocery delivery will arrive between four and five.,225,False,Kolkata,India,False,0,0,Introduction
DA-N-0159,+917224915414,The bank branch is closed today due to a public holiday. Please call me when you reach home safely.,379,False,Jaipur,India,False,0,0,Introduction
DA-S-0488,+916911334077,This is an officer from Customs; your identity is under investigation. Do not disconnect this video call or discuss the case with anyone. Do not disconnect this video call or discuss the case with anyone.,1894,True,Lucknow,India,True,4,1,Financial Demand
DA-S-0103,+917800000003,This is an officer from Police; your identity is under investigation. Do not disconnect this video call or discuss the case with anyone. Transfer money to the verification account immediately and share the OTP.,1459,True,Chennai,India,False,10,1,Financial Demand
DA-S-0279,+917800000079,This is an officer from Income Tax; your identity is under investigation. Do not disconnect this video call or discuss the case with anyone. Your bank account will be frozen and an arrest team will arrive today.,1915,True,Bengaluru,India,True,12,1,Financial Demand
DA-S-0199,+917800000099,This is an officer from Police; your identity is under investigation. Do not disconnect this video call or discuss the case with anyone. Your bank account will be frozen and an arrest team will arrive today.,1047,True,Mumbai,India,True,7,1,Financial Demand
DA-S-0365,+919077485152,Your Aadhaar has been connected to a money laundering case. Your bank account will be frozen and an arrest team will arrive today. Do not disconnect this video call or discuss the case with anyone.,984,True,Chennai,India,False,4,1,Financial Demand
DA-N-0051,+919728567877,Please call me when you reach home safely. Your grocery delivery will arrive between four and five.,163,False,Bengaluru,India,False,0,0,Introduction
DA-S-0143,+917800000043,This is an officer from Customs; your identity is under investigation. Transfer money to the verification account immediately and share the OTP. Transfer money to the verification account immediately and share the OTP.,616,True,Jaipur,India,False,16,1,Financial Demand
DA-S-0207,+917800000007,Your Aadhaar has been connected to a money laundering case. Transfer money to the verification account immediately and share the OTP. Transfer money to the verification account immediately and share the OTP.,669,False,Bengaluru,India,False,17,1,Financial Demand
DA-S-0423,+916170070162,This is an officer from Police; your identity is under investigation. Do not disconnect this video call or discuss the case with anyone. Transfer money to the verification account immediately and share the OTP.,802,True,Kolkata,India,True,5,1,Financial Demand
DA-S-0306,+917512334379,This is an officer from Income Tax; your identity is under investigation. Your bank account will be frozen and an arrest team will arrive today. Your bank account will be frozen and an arrest team will arrive today.,839,False,Mumbai,India,True,2,1,Financial Demand
DA-S-0273,+917800000073,Your Aadhaar has been connected to a money laundering case. Your bank account will be frozen and an arrest team will arrive today. Your bank account will be frozen and an arrest team will arrive today.,1007,True,Kolkata,India,True,5,1,Financial Demand
DA-S-0012,+917800000012,A parcel held by Customs contains prohibited documents in your name. Do not disconnect this video call or discuss the case with anyone. Your bank account will be frozen and an arrest team will arrive today.,1998,True,Jaipur,India,True,12,1,Financial Demand
DA-S-0426,+918671687344,Your Aadhaar has been connected to a money laundering case. Your bank account will be frozen and an arrest team will arrive today. Transfer money to the verification account immediately and share the OTP.,1664,False,Bengaluru,India,True,13,1,Financial Demand
DA-S-0113,+917800000013,Your Aadhaar has been connected to a money laundering case. Transfer money to the verification account immediately and share the OTP. Do not disconnect this video call or discuss the case with anyone.,1174,True,Bengaluru,India,True,16,1,Financial Demand
DA-N-0112,+917465123220,Can we move tomorrow's project meeting to the afternoon? Please call me when you reach home safely.,127,False,Lucknow,India,False,0,0,Introduction
DA-S-0137,+917800000037,This is an officer from Income Tax; your identity is under investigation. Transfer money to the verification account immediately and share the OTP. Transfer money to the verification account immediately and share the OTP.,1959,True,Kolkata,India,False,1,1,Financial Demand
DA-N-0178,+916906055196,Your grocery delivery will arrive between four and five. Please call me when you reach home safely.,204,False,Lucknow,India,False,0,0,Introduction
DA-N-0098,+918365784255,Can we move tomorrow's project meeting to the afternoon? Your appointment is confirmed for next Monday.,158,False,Chennai,India,False,0,0,Introduction
DA-S-0228,+917800000028,Your Aadhaar has been connected to a money laundering case. Transfer money to the verification account immediately and share the OTP. Your bank account will be frozen and an arrest team will arrive today.,1196,True,Chennai,India,True,13,1,Financial Demand
DA-S-0144,+917800000044,This is an officer from CBI; your identity is under investigation. Do not disconnect this video call or discuss the case with anyone. Transfer money to the verification account immediately and share the OTP.,2253,False,Mumbai,India,True,5,1,Financial Demand
DA-S-0015,+917800000015,Your Aadhaar has been connected to a money laundering case. Transfer money to the verification account immediately and share the OTP. Do not disconnect this video call or discuss the case with anyone.,430,True,Central Delhi,India,True,2,1,Financial Demand
DA-N-0000,+917648063960,Your grocery delivery will arrive between four and five. Please call me when you reach home safely.,190,False,Mumbai,India,False,0,0,Introduction
DA-S-0493,+919268071324,A parcel held by Customs contains prohibited documents in your name. Your bank account will be frozen and an arrest team will arrive today. Your bank account will be frozen and an arrest team will arrive today.,2088,True,Lucknow,India,True,14,1,Financial Demand
DA-S-0385,+917898695632,A parcel held by Customs contains prohibited documents in your name. Transfer money to the verification account immediately and share the OTP. Do not disconnect this video call or discuss the case with anyone.,1719,True,Central Delhi,India,True,11,1,Financial Demand
DA-S-0281,+917800000081,A parcel held by Customs contains prohibited documents in your name. Transfer money to the verification account immediately and share the OTP. Your bank account will be frozen and an arrest team will arrive today.,2329,True,Mumbai,India,True,11,1,Financial Demand
DA-S-0016,+917800000016,A parcel held by Customs contains prohibited documents in your name. Do not disconnect this video call or discuss the case with anyone. Transfer money to the verification account immediately and share the OTP.,2370,True,Lucknow,India,True,3,1,Financial Demand
DA-S-0407,+918684002780,Your Aadhaar has been connected to a money laundering case. Do not disconnect this video call or discuss the case with anyone. Transfer money to the verification account immediately and share the OTP.,2392,True,Mumbai,India,True,10,1,Financial Demand
DA-S-0147,+917800000047,This is an officer from ED; your identity is under investigation. Do not disconnect this video call or discuss the case with anyone. Do not disconnect this video call or discuss the case with anyone.,1072,True,Mumbai,India,False,4,1,Financial Demand
DA-S-0368,+917503818344,This is an officer from Income Tax; your identity is under investigation. Your bank account will be frozen and an arrest team will arrive today. Transfer money to the verification account immediately and share the OTP.,185,True,Kolkata,India,True,14,1,Financial Demand
DA-N-0079,+918413185929,Your grocery delivery will arrive between four and five. Please call me when you reach home safely.,59,False,Mumbai,India,False,0,0,Introduction
DA-S-0185,+917800000085,A parcel held by Customs contains prohibited documents in your name. Your bank account will be frozen and an arrest team will arrive today. Your bank account will be frozen and an arrest team will arrive today.,370,True,Lucknow,India,True,16,1,Financial Demand
DA-N-0095,+918638213908,Your appointment is confirmed for next Monday. Please call me when you reach home safely.,246,False,Jaipur,India,False,0,0,Introduction
DA-S-0155,+917800000055,This is an officer from CBI; your identity is under investigation. Transfer money to the verification account immediately and share the OTP. Your bank account will be frozen and an arrest team will arrive today.,1034,True,Jaipur,India,True,15,1,Financial Demand
DA-S-0364,+916926186470,Your Aadhaar has been connected to a money laundering case. Your bank account will be frozen and an arrest team will arrive today. Transfer money to the verification account immediately and share the OTP.,1236,True,Pune,India,True,4,1,Financial Demand
DA-S-0462,+916895298723,Your Aadhaar has been connected to a money laundering case. Do not disconnect this video call or discuss the case with anyone. Your bank account will be frozen and an arrest team will arrive today.,2367,True,Kolkata,India,False,12,1,Financial Demand
DA-S-0497,+917568772694,This is an officer from ED; your identity is under investigation. Transfer money to the verification account immediately and share the OTP. Do not disconnect this video call or discuss the case with anyone.,805,True,Bengaluru,India,True,15,1,Financial Demand
DA-S-0107,+917800000007,A parcel held by Customs contains prohibited documents in your name. Your bank account will be frozen and an arrest team will arrive today. Do not disconnect this video call or discuss the case with anyone.,1391,False,Mumbai,India,True,10,1,Financial Demand
DA-S-0298,+917800000098,Your Aadhaar has been connected to a money laundering case. Do not disconnect this video call or discuss the case with anyone. Do not disconnect this video call or discuss the case with anyone.,282,True,Mumbai,India,False,16,1,Financial Demand
DA-S-0466,+917760852133,Your Aadhaar has been connected to a money laundering case. Your bank account will be frozen and an arrest team will arrive today. Your bank account will be frozen and an arrest team will arrive today.,537,True,Chennai,India,False,12,1,Financial Demand
DA-N-0122,+918475928586,Your grocery delivery will arrive between four and five. Can we move tomorrow's project meeting to the afternoon?,334,False,Jaipur,India,False,0,0,Introduction
DA-N-0019,+919922711301,Please call me when you reach home safely. Your appointment is confirmed for next Monday.,158,False,Central Delhi,India,False,0,0,Introduction
DA-N-0004,+916109321454,The bank branch is closed today due to a public holiday. Your appointment is confirmed for next Monday.,192,False,Chennai,India,False,0,0,Introduction
DA-N-0006,+917467832062,Can we move tomorrow's project meeting to the afternoon? The bank branch is closed today due to a public holiday.,23,False,Jaipur,India,False,0,0,Introduction
DA-S-0321,+917491889147,This is an officer from Police; your identity is under investigation. Transfer money to the verification account immediately and share the OTP. Your bank account will be frozen and an arrest team will arrive today.,2290,True,Chennai,India,True,15,1,Financial Demand
DA-S-0452,+917197698233,A parcel held by Customs contains prohibited documents in your name. Do not disconnect this video call or discuss the case with anyone. Do not disconnect this video call or discuss the case with anyone.,1447,True,Lucknow,India,True,12,1,Financial Demand
DA-S-0039,+917800000039,Your Aadhaar has been connected to a money laundering case. Your bank account will be frozen and an arrest team will arrive today. Do not disconnect this video call or discuss the case with anyone.,1816,True,Bengaluru,India,False,4,1,Financial Demand
DA-S-0304,+917095555483,Your Aadhaar has been connected to a money laundering case. Your bank account will be frozen and an arrest team will arrive today. Transfer money to the verification account immediately and share the OTP.,480,True,Kolkata,India,False,9,1,Financial Demand
DA-S-0195,+917800000095,This is an officer from Income Tax; your identity is under investigation. Your bank account will be frozen and an arrest team will arrive today. Do not disconnect this video call or discuss the case with anyone.,2322,False,Lucknow,India,True,17,1,Financial Demand
DA-S-0223,+917800000023,This is an officer from CBI; your identity is under investigation. Transfer money to the verification account immediately and share the OTP. Do not disconnect this video call or discuss the case with anyone.,663,True,Jaipur,India,False,18,1,Financial Demand
DA-S-0325,+918258730754,A parcel held by Customs contains prohibited documents in your name. Your bank account will be frozen and an arrest team will arrive today. Do not disconnect this video call or discuss the case with anyone.,927,True,Chennai,India,True,17,1,Financial Demand
DA-N-0076,+917338069731,Please call me when you reach home safely. Can we move tomorrow's project meeting to the afternoon?,313,False,Kolkata,India,False,0,0,Introduction
DA-S-0329,+917871461199,A parcel held by Customs contains prohibited documents in your name. Transfer money to the verification account immediately and share the OTP. Your bank account will be frozen and an arrest team will arrive today.,1051,True,Chennai,India,False,10,1,Financial Demand
DA-S-0104,+917800000004,This is an officer from CBI; your identity is under investigation. Your bank account will be frozen and an arrest team will arrive today. Do not disconnect this video call or discuss the case with anyone.,1280,False,Chennai,India,True,1,1,Financial Demand
DA-N-0024,+918345773692,The bank branch is closed today due to a public holiday. Please call me when you reach home safely.,454,False,Pune,India,False,0,0,Introduction
DA-S-0440,+917090989456,Your Aadhaar has been connected to a money laundering case. Do not disconnect this video call or discuss the case with anyone. Do not disconnect this video call or discuss the case with anyone.,1273,True,Pune,India,True,17,1,Financial Demand
DA-S-0105,+917800000005,Your Aadhaar has been connected to a money laundering case. Your bank account will be frozen and an arrest team will arrive today. Transfer money to the verification account immediately and share the OTP.,913,False,Mumbai,India,True,2,1,Financial Demand
DA-S-0007,+917800000007,Your Aadhaar has been connected to a money laundering case. Do not disconnect this video call or discuss the case with anyone. Transfer money to the verification account immediately and share the OTP.,646,True,Pune,India,True,9,1,Financial Demand
DA-S-0495,+916782060606,This is an officer from ED; your identity is under investigation. Your bank account will be frozen and an arrest team will arrive today. Transfer money to the verification account immediately and share the OTP.,589,True,Central Delhi,India,True,2,1,Financial Demand
DA-N-0075,+919300476457,Please call me when you reach home safely. Your appointment is confirmed for next Monday.,251,False,Mumbai,India,False,0,0,Introduction
DA-S-0388,+916787556218,A parcel held by Customs contains prohibited documents in your name. Do not disconnect this video call or discuss the case with anyone. Your bank account will be frozen and an arrest team will arrive today.,2038,False,Mumbai,India,True,16,1,Financial Demand
DA-S-0422,+919941030227,A parcel held by Customs contains prohibited documents in your name. Transfer money to the verification account immediately and share the OTP. Do not disconnect this video call or discuss the case with anyone.,1063,True,Bengaluru,India,True,6,1,Financial Demand
DA-N-0049,+917376215613,Your grocery delivery will arrive between four and five. The bank branch is closed today due to a public holiday.,211,False,Kolkata,India,False,0,0,Introduction
DA-N-0033,+916747070349,Can we move tomorrow's project meeting to the afternoon? Your appointment is confirmed for next Monday.,60,False,Pune,India,False,0,0,Introduction
DA-N-0094,+918383083224,Your grocery delivery will arrive between four and five. Please call me when you reach home safely.,141,False,Central Delhi,India,False,0,0,Introduction
DA-N-0165,+919082278058,Please call me when you reach home safely. Your appointment is confirmed for next Monday.,313,False,Kolkata,India,False,0,0,Introduction
DA-S-0455,+917170336172,This is an officer from Income Tax; your identity is under investigation. Transfer money to the verification account immediately and share the OTP. Your bank account will be frozen and an arrest team will arrive today.,2290,True,Lucknow,India,True,18,1,Financial Demand
DA-S-0456,+916303957965,A parcel held by Customs contains prohibited documents in your name. Transfer money to the verification account immediately and share the OTP. Do not disconnect this video call or discuss the case with anyone.,795,True,Bengaluru,India,True,17,1,Financial Demand
DA-N-0068,+916974366589,Please call me when you reach home safely. Your grocery delivery will arrive between four and five.,415,False,Bengaluru,India,False,0,0,Introduction
DA-S-0081,+917800000081,A parcel held by Customs contains prohibited documents in your name. Do not disconnect this video call or discuss the case with anyone. Transfer money to the verification account immediately and share the OTP.,2196,True,Kolkata,India,True,5,1,Financial Demand
DA-S-0347,+917237708376,This is an officer from CBI; your identity is under investigation. Transfer money to the verification account immediately and share the OTP. Your bank account will be frozen and an arrest team will arrive today.,2102,True,Central Delhi,India,False,16,1,Financial Demand
DA-S-0071,+917800000071,This is an officer from Police; your identity is under investigation. Do not disconnect this video call or discuss the case with anyone. Your bank account will be frozen and an arrest team will arrive today.,2149,True,Mumbai,India,True,9,1,Financial Demand
DA-N-0073,+918792767167,The bank branch is closed today due to a public holiday. Can we move tomorrow's project meeting to the afternoon?,440,False,Pune,India,False,0,0,Introduction
DA-S-0443,+916181163397,Your Aadhaar has been connected to a money laundering case. Do not disconnect this video call or discuss the case with anyone. Do not disconnect this video call or discuss the case with anyone.,2035,True,Lucknow,India,True,9,1,Financial Demand
DA-S-0337,+919218214673,A parcel held by Customs contains prohibited documents in your name. Transfer money to the verification account immediately and share the OTP. Your bank account will be frozen and an arrest team will arrive today.,1066,True,Jaipur,India,True,11,1,Financial Demand
DA-S-0086,+917800000086,A parcel held by Customs contains prohibited documents in your name. Transfer money to the verification account immediately and share the OTP. Transfer money to the verification account immediately and share the OTP.,2167,True,Kolkata,India,True,8,1,Financial Demand
DA-N-0186,+916984174957,The bank branch is closed today due to a public holiday. Your appointment is confirmed for next Monday.,211,False,Chennai,India,False,0,0,Introduction
DA-N-0100,+918908930995,Your grocery delivery will arrive between four and five. Please call me when you reach home safely.,284,False,Jaipur,India,False,0,0,Introduction
DA-S-0492,+918195398714,This is an officer from Police; your identity is under investigation. Transfer money to the verification account immediately and share the OTP. Your bank account will be frozen and an arrest team will arrive today.,1562,False,Kolkata,India,True,3,1,Financial Demand
DA-N-0168,+919450065048,Can we move tomorrow's project meeting to the afternoon? Your appointment is confirmed for next Monday.,326,False,Jaipur,India,False,0,0,Introduction
DA-S-0029,+917800000029,Your Aadhaar has been connected to a money laundering case. Transfer money to the verification account immediately and share the OTP. Transfer money to the verification account immediately and share the OTP.,2282,True,Central Delhi,India,False,13,1,Financial Demand
DA-N-0074,+918720351968,Your grocery delivery will arrive between four and five. Your appointment is confirmed for next Monday.,198,False,Jaipur,India,False,0,0,Introduction
DA-S-0416,+918876684159,A parcel held by Customs contains prohibited documents in your name. Do not disconnect this video call or discuss the case with anyone. Transfer money to the verification account immediately and share the OTP.,2146,True,Mumbai,India,False,7,1,Financial Demand
DA-S-0326,+916207579155,A parcel held by Customs contains prohibited documents in your name. Transfer money to the verification account immediately and share the OTP. Your bank account will be frozen and an arrest team will arrive today.,388,True,Kolkata,India,True,16,1,Financial Demand
DA-N-0144,+917096696978,Your grocery delivery will arrive between four and five. Your appointment is confirmed for next Monday.,469,False,Central Delhi,India,False,0,0,Introduction
DA-S-0396,+916299108122,A parcel held by Customs contains prohibited documents in your name. Your bank account will be frozen and an arrest team will arrive today. Transfer money to the verification account immediately and share the OTP.,1540,True,Lucknow,India,True,6,1,Financial Demand
DA-N-0002,+916492694376,The bank branch is closed today due to a public holiday. Please call me when you reach home safely.,103,False,Central Delhi,India,False,0,0,Introduction
DA-S-0453,+917888755502,This is an officer from Customs; your identity is under investigation. Your bank account will be frozen and an arrest team will arrive today. Your bank account will be frozen and an arrest team will arrive today.,799,True,Jaipur,India,False,8,1,Financial Demand
DA-N-0046,+916302564353,Please call me when you reach home safely. Your grocery delivery will arrive between four and five.,262,False,Mumbai,India,False,0,0,Introduction
DA-S-0391,+916337469481,This is an officer from Customs; your identity is under investigation. Your bank account will be frozen and an arrest team will arrive today. Your bank account will be frozen and an arrest team will arrive today.,1805,True,Pune,India,True,13,1,Financial Demand
DA-N-0116,+918566376592,Your appointment is confirmed for next Monday. Can we move tomorrow's project meeting to the afternoon?,360,False,Lucknow,India,False,0,0,Introduction
DA-S-0152,+917800000052,A parcel held by Customs contains prohibited documents in your name. Your bank account will be frozen and an arrest team will arrive today. Your bank account will be frozen and an arrest team will arrive today.,1573,False,Central Delhi,India,True,9,1,Financial Demand
DA-S-0022,+917800000022,This is an officer from Income Tax; your identity is under investigation. Transfer money to the verification account immediately and share the OTP. Your bank account will be frozen and an arrest team will arrive today.,1751,True,Jaipur,India,False,16,1,Financial Demand
DA-S-0253,+917800000053,This is an officer from Customs; your identity is under investigation. Transfer money to the verification account immediately and share the OTP. Your bank account will be frozen and an arrest team will arrive today.,1936,True,Pune,India,True,10,1,Financial Demand
DA-N-0137,+919467513310,The bank branch is closed today due to a public holiday. Your appointment is confirmed for next Monday.,45,False,Bengaluru,India,False,0,0,Introduction
DA-S-0172,+917800000072,Your Aadhaar has been connected to a money laundering case. Transfer money to the verification account immediately and share the OTP. Your bank account will be frozen and an arrest team will arrive today.,1803,True,Chennai,India,True,5,1,Financial Demand
DA-S-0254,+917800000054,This is an officer from ED; your identity is under investigation. Your bank account will be frozen and an arrest team will arrive today. Transfer money to the verification account immediately and share the OTP.,467,True,Kolkata,India,True,14,1,Financial Demand
DA-S-0187,+917800000087,This is an officer from Income Tax; your identity is under investigation. Transfer money to the verification account immediately and share the OTP. Transfer money to the verification account immediately and share the OTP.,2298,False,Pune,India,True,2,1,Financial Demand
DA-N-0174,+918647936427,Please call me when you reach home safely. Your appointment is confirmed for next Monday.,333,False,Kolkata,India,False,0,0,Introduction
DA-S-0162,+917800000062,This is an officer from ED; your identity is under investigation. Do not disconnect this video call or discuss the case with anyone. Your bank account will be frozen and an arrest team will arrive today.,1898,True,Pune,India,False,9,1,Financial Demand
DA-S-0394,+919148581513,A parcel held by Customs contains prohibited documents in your name. Transfer money to the verification account immediately and share the OTP. Transfer money to the verification account immediately and share the OTP.,1568,True,Kolkata,India,True,13,1,Financial Demand
DA-N-0038,+919572806703,Please call me when you reach home safely. Can we move tomorrow's project meeting to the afternoon?,379,False,Mumbai,India,False,0,0,Introduction
DA-N-0181,+918935004100,Your appointment is confirmed for next Monday. Can we move tomorrow's project meeting to the afternoon?,35,False,Jaipur,India,False,0,0,Introduction
DA-S-0457,+918289747124,This is an officer from Income Tax; your identity is under investigation. Do not disconnect this video call or discuss the case with anyone. Transfer money to the verification account immediately and share the OTP.,2012,True,Pune,India,True,6,1,Financial Demand
DA-S-0170,+917800000070,Your Aadhaar has been connected to a money laundering case. Transfer money to the verification account immediately and share the OTP. Transfer money to the verification account immediately and share the OTP.,2213,True,Central Delhi,India,True,7,1,Financial Demand
DA-S-0460,+917932426665,This is an officer from ED; your identity is under investigation. Your bank account will be frozen and an arrest team will arrive today. Transfer money to the verification account immediately and share the OTP.,2086,True,Lucknow,India,True,11,1,Financial Demand
DA-N-0120,+918247826935,The bank branch is closed today due to a public holiday. Please call me when you reach home safely.,80,False,Kolkata,India,False,0,0,Introduction
DA-N-0119,+918544400622,Please call me when you reach home safely. Your appointment is confirmed for next Monday.,283,False,Jaipur,India,False,0,0,Introduction
DA-S-0202,+917800000002,Your Aadhaar has been connected to a money laundering case. Do not disconnect this video call or discuss the case with anyone. Your bank account will be frozen and an arrest team will arrive today.,1034,True,Mumbai,India,True,13,1,Financial Demand
DA-S-0437,+917258871719,A parcel held by Customs contains prohibited documents in your name. Transfer money to the verification account immediately and share the OTP. Do not disconnect this video call or discuss the case with anyone.,1313,True,Mumbai,India,True,9,1,Financial Demand
DA-S-0302,+918979003302,Your Aadhaar has been connected to a money laundering case. Your bank account will be frozen and an arrest team will arrive today. Your bank account will be frozen and an arrest team will arrive today.,2072,True,Pune,India,True,11,1,Financial Demand
DA-S-0206,+917800000006,A parcel held by Customs contains prohibited documents in your name. Your bank account will be frozen and an arrest team will arrive today. Your bank account will be frozen and an arrest team will arrive today.,1409,False,Chennai,India,True,10,1,Financial Demand
DA-S-0361,+919972971744,A parcel held by Customs contains prohibited documents in your name. Transfer money to the verification account immediately and share the OTP. Do not disconnect this video call or discuss the case with anyone.,953,True,Jaipur,India,False,5,1,Financial Demand
DA-S-0442,+918225103722,A parcel held by Customs contains prohibited documents in your name. Your bank account will be frozen and an arrest team will arrive today. Do not disconnect this video call or discuss the case with anyone.,1379,True,Jaipur,India,True,1,1,Financial Demand
DA-S-0182,+917800000082,This is an officer from Income Tax; your identity is under investigation. Do not disconnect this video call or discuss the case with anyone. Your bank account will be frozen and an arrest team will arrive today.,425,True,Mumbai,India,False,17,1,Financial Demand
DA-S-0324,+917798333443,A parcel held by Customs contains prohibited documents in your name. Your bank account will be frozen and an arrest team will arrive today. Transfer money to the verification account immediately and share the OTP.,413,True,Central Delhi,India,True,4,1,Financial Demand
DA-N-0194,+919487339243,Can we move tomorrow's project meeting to the afternoon? The bank branch is closed today due to a public holiday.,387,False,Mumbai,India,False,0,0,Introduction
DA-S-0169,+917800000069,This is an officer from ED; your identity is under investigation. Do not disconnect this video call or discuss the case with anyone. Your bank account will be frozen and an arrest team will arrive today.,463,True,Bengaluru,India,True,7,1,Financial Demand
DA-N-0017,+918536884741,Your appointment is confirmed for next Monday. Your grocery delivery will arrive between four and five.,419,False,Kolkata,India,False,0,0,Introduction
DA-S-0386,+916871761940,This is an officer from Income Tax; your identity is under investigation. Do not disconnect this video call or discuss the case with anyone. Your bank account will be frozen and an arrest team will arrive today.,2121,True,Central Delhi,India,True,8,1,Financial Demand
DA-N-0141,+917581441655,The bank branch is closed today due to a public holiday. Your grocery delivery will arrive between four and five.,266,False,Mumbai,India,False,0,0,Introduction
DA-S-0106,+917800000006,This is an officer from Income Tax; your identity is under investigation. Transfer money to the verification account immediately and share the OTP. Your bank account will be frozen and an arrest team will arrive today.,1408,False,Jaipur,India,True,2,1,Financial Demand
DA-S-0044,+917800000044,A parcel held by Customs contains prohibited documents in your name. Your bank account will be frozen and an arrest team will arrive today. Transfer money to the verification account immediately and share the OTP.,1978,True,Kolkata,India,True,1,1,Financial Demand
DA-N-0020,+919328355913,Can we move tomorrow's project meeting to the afternoon? Your grocery delivery will arrive between four and five.,49,False,Mumbai,India,False,0,0,Introduction
DA-S-0201,+917800000001,This is an officer from ED; your identity is under investigation. Transfer money to the verification account immediately and share the OTP. Transfer money to the verification account immediately and share the OTP.,398,True,Jaipur,India,True,15,1,Financial Demand
DA-S-0294,+917800000094,A parcel held by Customs contains prohibited documents in your name. Do not disconnect this video call or discuss the case with anyone. Transfer money to the verification account immediately and share the OTP.,2301,False,Lucknow,India,False,5,1,Financial Demand
DA-S-0100,+917800000000,This is an officer from Income Tax; your identity is under investigation. Your bank account will be frozen and an arrest team will arrive today. Do not disconnect this video call or discuss the case with anyone.,854,True,Mumbai,India,False,17,1,Financial Demand
DA-S-0299,+917800000099,Your Aadhaar has been connected to a money laundering case. Your bank account will be frozen and an arrest team will arrive today. Your bank account will be frozen and an arrest team will arrive today.,1955,True,Lucknow,India,True,11,1,Financial Demand
DA-S-0211,+917800000011,This is an officer from ED; your identity is under investigation. Do not disconnect this video call or discuss the case with anyone. Your bank account will be frozen and an arrest team will arrive today.,1700,True,Mumbai,India,False,11,1,Financial Demand
DA-N-0050,+918267806922,Please call me when you reach home safely. Can we move tomorrow's project meeting to the afternoon?,411,False,Central Delhi,India,False,0,0,Introduction
DA-S-0010,+917800000010,A parcel held by Customs contains prohibited documents in your name. Transfer money to the verification account immediately and share the OTP. Transfer money to the verification account immediately and share the OTP.,1470,False,Pune,India,True,14,1,Financial Demand
DA-S-0344,+916946202268,Your Aadhaar has been connected to a money laundering case. Transfer money to the verification account immediately and share the OTP. Do not disconnect this video call or discuss the case with anyone.,406,False,Pune,India,True,17,1,Financial Demand
DA-N-0172,+919591039195,Please call me when you reach home safely. The bank branch is closed today due to a public holiday.,327,False,Central Delhi,India,False,0,0,Introduction
DA-S-0410,+919395658475,A parcel held by Customs contains prohibited documents in your name. Do not disconnect this video call or discuss the case with anyone. Your bank account will be frozen and an arrest team will arrive today.,2356,True,Bengaluru,India,True,4,1,Financial Demand
DA-S-0090,+917800000090,A parcel held by Customs contains prohibited documents in your name. Do not disconnect this video call or discuss the case with anyone. Do not disconnect this video call or discuss the case with anyone.,1781,False,Chennai,India,True,4,1,Financial Demand
DA-S-0069,+917800000069,This is an officer from Police; your identity is under investigation. Transfer money to the verification account immediately and share the OTP. Your bank account will be frozen and an arrest team will arrive today.,760,True,Jaipur,India,False,4,1,Financial Demand
DA-S-0322,+916292735094,A parcel held by Customs contains prohibited documents in your name. Your bank account will be frozen and an arrest team will arrive today. Do not disconnect this video call or discuss the case with anyone.,1677,True,Lucknow,India,True,15,1,Financial Demand
DA-S-0215,+917800000015,Your Aadhaar has been connected to a money laundering case. Transfer money to the verification account immediately and share the OTP. Your bank account will be frozen and an arrest team will arrive today.,1825,True,Mumbai,India,True,7,1,Financial Demand
DA-S-0245,+917800000045,This is an officer from Customs; your identity is under investigation. Your bank account will be frozen and an arrest team will arrive today. Transfer money to the verification account immediately and share the OTP.,2341,False,Bengaluru,India,True,7,1,Financial Demand
DA-S-0271,+917800000071,Your Aadhaar has been connected to a money laundering case. Transfer money to the verification account immediately and share the OTP. Your bank account will be frozen and an arrest team will arrive today.,1690,True,Jaipur,India,True,2,1,Financial Demand
DA-S-0446,+917033115129,A parcel held by Customs contains prohibited documents in your name. Do not disconnect this video call or discuss the case with anyone. Do not disconnect this video call or discuss the case with anyone.,1068,True,Lucknow,India,True,12,1,Financial Demand
DA-S-0477,+916013055178,A parcel held by Customs contains prohibited documents in your name. Your bank account will be frozen and an arrest team will arrive today. Your bank account will be frozen and an arrest team will arrive today.,1076,False,Pune,India,True,17,1,Financial Demand
DA-S-0112,+917800000012,Your Aadhaar has been connected to a money laundering case. Do not disconnect this video call or discuss the case with anyone. Your bank account will be frozen and an arrest team will arrive today.,1804,False,Lucknow,India,False,7,1,Financial Demand
DA-N-0117,+919577740539,Your appointment is confirmed for next Monday. Your grocery delivery will arrive between four and five.,135,False,Bengaluru,India,False,0,0,Introduction
DA-S-0286,+917800000086,This is an officer from CBI; your identity is under investigation. Transfer money to the verification account immediately and share the OTP. Transfer money to the verification account immediately and share the OTP.,2390,True,Lucknow,India,True,15,1,Financial Demand
DA-S-0334,+919263794107,This is an officer from Customs; your identity is under investigation. Do not disconnect this video call or discuss the case with anyone. Transfer money to the verification account immediately and share the OTP.,1130,True,Pune,India,False,5,1,Financial Demand
DA-S-0056,+917800000056,This is an officer from Income Tax; your identity is under investigation. Your bank account will be frozen and an arrest team will arrive today. Do not disconnect this video call or discuss the case with anyone.,1878,True,Bengaluru,India,False,4,1,Financial Demand
DA-S-0290,+917800000090,This is an officer from Police; your identity is under investigation. Your bank account will be frozen and an arrest team will arrive today. Your bank account will be frozen and an arrest team will arrive today.,906,False,Bengaluru,India,True,17,1,Financial Demand
DA-S-0414,+917471104859,A parcel held by Customs contains prohibited documents in your name. Your bank account will be frozen and an arrest team will arrive today. Transfer money to the verification account immediately and share the OTP.,764,True,Kolkata,India,True,16,1,Financial Demand
DA-S-0481,+919803411678,A parcel held by Customs contains prohibited documents in your name. Transfer money to the verification account immediately and share the OTP. Do not disconnect this video call or discuss the case with anyone.,1855,True,Pune,India,True,15,1,Financial Demand
DA-S-0313,+917318702886,This is an officer from ED; your identity is under investigation. Your bank account will be frozen and an arrest team will arrive today. Do not disconnect this video call or discuss the case with anyone.,2003,True,Lucknow,India,False,4,1,Financial Demand
DA-S-0274,+917800000074,Your Aadhaar has been connected to a money laundering case. Transfer money to the verification account immediately and share the OTP. Transfer money to the verification account immediately and share the OTP.,2174,True,Mumbai,India,True,1,1,Financial Demand
DA-S-0051,+917800000051,Your Aadhaar has been connected to a money laundering case. Your bank account will be frozen and an arrest team will arrive today. Your bank account will be frozen and an arrest team will arrive today.,1603,False,Lucknow,India,True,16,1,Financial Demand
DA-S-0319,+918502573841,A parcel held by Customs contains prohibited documents in your name. Your bank account will be frozen and an arrest team will arrive today. Do not disconnect this video call or discuss the case with anyone.,298,False,Bengaluru,India,False,6,1,Financial Demand
DA-S-0378,+916995201087,This is an officer from Income Tax; your identity is under investigation. Do not disconnect this video call or discuss the case with anyone. Do not disconnect this video call or discuss the case with anyone.,1932,True,Lucknow,India,True,15,1,Financial Demand
DA-S-0040,+917800000040,Your Aadhaar has been connected to a money laundering case. Do not disconnect this video call or discuss the case with anyone. Transfer money to the verification account immediately and share the OTP.,613,True,Mumbai,India,True,17,1,Financial Demand
DA-S-0340,+918215202603,Your Aadhaar has been connected to a money laundering case. Do not disconnect this video call or discuss the case with anyone. Do not disconnect this video call or discuss the case with anyone.,967,True,Mumbai,India,True,3,1,Financial Demand
DA-S-0085,+917800000085,This is an officer from CBI; your identity is under investigation. Your bank account will be frozen and an arrest team will arrive today. Your bank account will be frozen and an arrest team will arrive today.,1732,True,Central Delhi,India,True,15,1,Financial Demand
DA-N-0143,+918595397464,Can we move tomorrow's project meeting to the afternoon? Your grocery delivery will arrive between four and five.,140,False,Kolkata,India,False,0,0,Introduction
DA-S-0204,+917800000004,A parcel held by Customs contains prohibited documents in your name. Do not disconnect this video call or discuss the case with anyone. Transfer money to the verification account immediately and share the OTP.,518,True,Pune,India,True,17,1,Financial Demand
DA-S-0483,+916254151354,A parcel held by Customs contains prohibited documents in your name. Transfer money to the verification account immediately and share the OTP. Your bank account will be frozen and an arrest team will arrive today.,1593,True,Central Delhi,India,True,9,1,Financial Demand
DA-S-0349,+916532553139,Your Aadhaar has been connected to a money laundering case. Do not disconnect this video call or discuss the case with anyone. Transfer money to the verification account immediately and share the OTP.,2313,True,Central Delhi,India,True,13,1,Financial Demand
DA-S-0096,+917800000096,Your Aadhaar has been connected to a money laundering case. Your bank account will be frozen and an arrest team will arrive today. Transfer money to the verification account immediately and share the OTP.,840,False,Pune,India,True,11,1,Financial Demand
DA-N-0113,+918167786923,Can we move tomorrow's project meeting to the afternoon? The bank branch is closed today due to a public holiday.,320,False,Chennai,India,False,0,0,Introduction
DA-N-0191,+917286171727,Please call me when you reach home safely. Your grocery delivery will arrive between four and five.,267,False,Central Delhi,India,False,0,0,Introduction
DA-N-0043,+918180126063,Your grocery delivery will arrive between four and five. Can we move tomorrow's project meeting to the afternoon?,241,False,Lucknow,India,False,0,0,Introduction
DA-S-0126,+917800000026,This is an officer from ED; your identity is under investigation. Your bank account will be frozen and an arrest team will arrive today. Transfer money to the verification account immediately and share the OTP.,1986,True,Kolkata,India,True,5,1,Financial Demand
DA-S-0236,+917800000036,Your Aadhaar has been connected to a money laundering case. Transfer money to the verification account immediately and share the OTP. Your bank account will be frozen and an arrest team will arrive today.,548,True,Pune,India,True,17,1,Financial Demand
DA-S-0431,+916685277587,A parcel held by Customs contains prohibited documents in your name. Do not disconnect this video call or discuss the case with anyone. Your bank account will be frozen and an arrest team will arrive today.,1024,True,Pune,India,True,8,1,Financial Demand
DA-S-0076,+917800000076,This is an officer from Customs; your identity is under investigation. Transfer money to the verification account immediately and share the OTP. Transfer money to the verification account immediately and share the OTP.,399,True,Jaipur,India,True,5,1,Financial Demand
DA-N-0135,+918029055116,Please call me when you reach home safely. The bank branch is closed today due to a public holiday.,90,False,Kolkata,India,False,0,0,Introduction
DA-S-0429,+917976373037,Your Aadhaar has been connected to a money laundering case. Your bank account will be frozen and an arrest team will arrive today. Transfer money to the verification account immediately and share the OTP.,1003,True,Jaipur,India,False,4,1,Financial Demand
DA-N-0064,+919552743700,The bank branch is closed today due to a public holiday. Your grocery delivery will arrive between four and five.,144,False,Mumbai,India,False,0,0,Introduction
DA-S-0482,+916718413727,Your Aadhaar has been connected to a money laundering case. Transfer money to the verification account immediately and share the OTP. Do not disconnect this video call or discuss the case with anyone.,626,False,Chennai,India,True,3,1,Financial Demand
DA-S-0454,+916874798849,Your Aadhaar has been connected to a money laundering case. Transfer money to the verification account immediately and share the OTP. Your bank account will be frozen and an arrest team will arrive today.,1061,True,Pune,India,True,7,1,Financial Demand
DA-N-0151,+919281457202,Please call me when you reach home safely. The bank branch is closed today due to a public holiday.,137,False,Kolkata,India,False,0,0,Introduction
DA-S-0229,+917800000029,A parcel held by Customs contains prohibited documents in your name. Your bank account will be frozen and an arrest team will arrive today. Transfer money to the verification account immediately and share the OTP.,1529,False,Central Delhi,India,True,8,1,Financial Demand
DA-S-0409,+916007742112,Your Aadhaar has been connected to a money laundering case. Do not disconnect this video call or discuss the case with anyone. Do not disconnect this video call or discuss the case with anyone.,1771,True,Central Delhi,India,True,8,1,Financial Demand
DA-S-0083,+917800000083,A parcel held by Customs contains prohibited documents in your name. Transfer money to the verification account immediately and share the OTP. Your bank account will be frozen and an arrest team will arrive today.,1445,True,Jaipur,India,True,11,1,Financial Demand
DA-S-0186,+917800000086,This is an officer from ED; your identity is under investigation. Do not disconnect this video call or discuss the case with anyone. Your bank account will be frozen and an arrest team will arrive today.,1724,True,Chennai,India,True,8,1,Financial Demand
DA-N-0057,+919382955210,Please call me when you reach home safely. Your grocery delivery will arrive between four and five.,258,False,Pune,India,False,0,0,Introduction
DA-S-0189,+917800000089,A parcel held by Customs contains prohibited documents in your name. Do not disconnect this video call or discuss the case with anyone. Do not disconnect this video call or discuss the case with anyone.,1027,True,Lucknow,India,True,13,1,Financial Demand
DA-N-0042,+916913048601,Your grocery delivery will arrive between four and five. The bank branch is closed today due to a public holiday.,254,False,Bengaluru,India,False,0,0,Introduction
DA-S-0190,+917800000090,A parcel held by Customs contains prohibited documents in your name. Do not disconnect this video call or discuss the case with anyone. Transfer money to the verification account immediately and share the OTP.,2260,False,Bengaluru,India,True,14,1,Financial Demand
DA-S-0458,+917473056147,A parcel held by Customs contains prohibited documents in your name. Your bank account will be frozen and an arrest team will arrive today. Your bank account will be frozen and an arrest team will arrive today.,1918,True,Mumbai,India,True,4,1,Financial Demand
DA-N-0084,+919954580356,Your grocery delivery will arrive between four and five. Please call me when you reach home safely.,158,False,Mumbai,India,False,0,0,Introduction
DA-S-0436,+918645850190,Your Aadhaar has been connected to a money laundering case. Do not disconnect this video call or discuss the case with anyone. Transfer money to the verification account immediately and share the OTP.,2162,False,Kolkata,India,True,15,1,Financial Demand
DA-S-0275,+917800000075,This is an officer from CBI; your identity is under investigation. Do not disconnect this video call or discuss the case with anyone. Transfer money to the verification account immediately and share the OTP.,392,False,Bengaluru,India,False,6,1,Financial Demand
DA-S-0250,+917800000050,This is an officer from Income Tax; your identity is under investigation. Transfer money to the verification account immediately and share the OTP. Transfer money to the verification account immediately and share the OTP.,1239,True,Pune,India,True,18,1,Financial Demand
DA-S-0465,+918448316660,This is an officer from ED; your identity is under investigation. Transfer money to the verification account immediately and share the OTP. Do not disconnect this video call or discuss the case with anyone.,1245,True,Lucknow,India,True,13,1,Financial Demand
DA-N-0096,+917699200476,The bank branch is closed today due to a public holiday. Can we move tomorrow's project meeting to the afternoon?,125,False,Jaipur,India,False,0,0,Introduction
DA-S-0450,+916322349403,Your Aadhaar has been connected to a money laundering case. Transfer money to the verification account immediately and share the OTP. Do not disconnect this video call or discuss the case with anyone.,1158,False,Pune,India,False,15,1,Financial Demand
DA-S-0354,+918089866258,This is an officer from Customs; your identity is under investigation. Your bank account will be frozen and an arrest team will arrive today. Do not disconnect this video call or discuss the case with anyone.,1676,True,Central Delhi,India,True,16,1,Financial Demand
DA-S-0392,+919313015117,A parcel held by Customs contains prohibited documents in your name. Your bank account will be frozen and an arrest team will arrive today. Do not disconnect this video call or discuss the case with anyone.,716,False,Pune,India,True,2,1,Financial Demand
DA-N-0018,+918295019562,Your appointment is confirmed for next Monday. Your grocery delivery will arrive between four and five.,445,False,Bengaluru,India,False,0,0,Introduction
DA-S-0372,+918877216792,This is an officer from Police; your identity is under investigation. Your bank account will be frozen and an arrest team will arrive today. Your bank account will be frozen and an arrest team will arrive today.,2258,True,Mumbai,India,True,15,1,Financial Demand
DA-S-0269,+917800000069,A parcel held by Customs contains prohibited documents in your name. Transfer money to the verification account immediately and share the OTP. Transfer money to the verification account immediately and share the OTP.,1170,True,Jaipur,India,True,11,1,Financial Demand
DA-N-0028,+917197701750,Your appointment is confirmed for next Monday. Your grocery delivery will arrive between four and five.,86,False,Jaipur,India,False,0,0,Introduction
DA-S-0345,+917161427947,This is an officer from Customs; your identity is under investigation. Do not disconnect this video call or discuss the case with anyone. Your bank account will be frozen and an arrest team will arrive today.,680,True,Lucknow,India,True,12,1,Financial Demand
DA-S-0448,+916777828187,This is an officer from Customs; your identity is under investigation. Transfer money to the verification account immediately and share the OTP. Your bank account will be frozen and an arrest team will arrive today.,1242,False,Lucknow,India,True,14,1,Financial Demand
DA-N-0086,+916895628078,The bank branch is closed today due to a public holiday. Your appointment is confirmed for next Monday.,22,False,Kolkata,India,False,0,0,Introduction
DA-S-0128,+917800000028,A parcel held by Customs contains prohibited documents in your name. Your bank account will be frozen and an arrest team will arrive today. Do not disconnect this video call or discuss the case with anyone.,396,True,Lucknow,India,True,6,1,Financial Demand
DA-N-0013,+917118583561,Your grocery delivery will arrive between four and five. Can we move tomorrow's project meeting to the afternoon?,266,False,Jaipur,India,False,0,0,Introduction
DA-S-0084,+917800000084,Your Aadhaar has been connected to a money laundering case. Do not disconnect this video call or discuss the case with anyone. Transfer money to the verification account immediately and share the OTP.,534,True,Bengaluru,India,False,16,1,Financial Demand
DA-S-0315,+917417408768,A parcel held by Customs contains prohibited documents in your name. Do not disconnect this video call or discuss the case with anyone. Do not disconnect this video call or discuss the case with anyone.,1300,True,Central Delhi,India,True,9,1,Financial Demand
DA-N-0187,+919201596889,Your grocery delivery will arrive between four and five. Can we move tomorrow's project meeting to the afternoon?,309,False,Lucknow,India,False,0,0,Introduction
DA-S-0265,+917800000065,Your Aadhaar has been connected to a money laundering case. Do not disconnect this video call or discuss the case with anyone. Do not disconnect this video call or discuss the case with anyone.,1331,True,Chennai,India,True,7,1,Financial Demand
DA-S-0419,+919468953047,Your Aadhaar has been connected to a money laundering case. Transfer money to the verification account immediately and share the OTP. Do not disconnect this video call or discuss the case with anyone.,1226,False,Central Delhi,India,True,14,1,Financial Demand
DA-N-0115,+918062848164,The bank branch is closed today due to a public holiday. Can we move tomorrow's project meeting to the afternoon?,56,False,Jaipur,India,False,0,0,Introduction
DA-S-0035,+917800000035,Your Aadhaar has been connected to a money laundering case. Transfer money to the verification account immediately and share the OTP. Your bank account will be frozen and an arrest team will arrive today.,1951,False,Pune,India,True,3,1,Financial Demand
DA-N-0003,+917421878385,Your appointment is confirmed for next Monday. Your grocery delivery will arrive between four and five.,438,False,Kolkata,India,False,0,0,Introduction
DA-S-0020,+917800000020,A parcel held by Customs contains prohibited documents in your name. Do not disconnect this video call or discuss the case with anyone. Your bank account will be frozen and an arrest team will arrive today.,1536,True,Central Delhi,India,True,15,1,Financial Demand
DA-N-0088,+916221124185,Your grocery delivery will arrive between four and five. Your appointment is confirmed for next Monday.,59,False,Pune,India,False,0,0,Introduction
DA-N-0171,+917898650109,Your grocery delivery will arrive between four and five. Your appointment is confirmed for next Monday.,284,False,Central Delhi,India,False,0,0,Introduction
DA-N-0183,+918876399505,The bank branch is closed today due to a public holiday. Can we move tomorrow's project meeting to the afternoon?,408,False,Central Delhi,India,False,0,0,Introduction
DA-S-0023,+917800000023,A parcel held by Customs contains prohibited documents in your name. Transfer money to the verification account immediately and share the OTP. Your bank account will be frozen and an arrest team will arrive today.,1867,False,Pune,India,True,3,1,Financial Demand
DA-S-0058,+917800000058,A parcel held by Customs contains prohibited documents in your name. Your bank account will be frozen and an arrest team will arrive today. Your bank account will be frozen and an arrest team will arrive today.,962,True,Lucknow,India,False,13,1,Financial Demand
DA-S-0485,+919549093013,A parcel held by Customs contains prohibited documents in your name. Transfer money to the verification account immediately and share the OTP. Do not disconnect this video call or discuss the case with anyone.,1346,True,Kolkata,India,True,9,1,Financial Demand
DA-S-0262,+917800000062,This is an officer from Police; your identity is under investigation. Do not disconnect this video call or discuss the case with anyone. Transfer money to the verification account immediately and share the OTP.,2080,False,Bengaluru,India,True,15,1,Financial Demand
DA-N-0103,+918122843866,The bank branch is closed today due to a public holiday. Your appointment is confirmed for next Monday.,394,False,Mumbai,India,False,0,0,Introduction
DA-N-0196,+917495162182,Your appointment is confirmed for next Monday. Can we move tomorrow's project meeting to the afternoon?,361,False,Mumbai,India,False,0,0,Introduction
DA-S-0079,+917800000079,A parcel held by Customs contains prohibited documents in your name. Transfer money to the verification account immediately and share the OTP. Do not disconnect this video call or discuss the case with anyone.,1393,True,Bengaluru,India,True,5,1,Financial Demand
DA-S-0200,+917800000000,This is an officer from ED; your identity is under investigation. Transfer money to the verification account immediately and share the OTP. Transfer money to the verification account immediately and share the OTP.,1061,False,Chennai,India,True,18,1,Financial Demand
DA-S-0163,+917800000063,A parcel held by Customs contains prohibited documents in your name. Do not disconnect this video call or discuss the case with anyone. Transfer money to the verification account immediately and share the OTP.,337,True,Mumbai,India,True,4,1,Financial Demand
DA-S-0445,+919938223420,This is an officer from Police; your identity is under investigation. Do not disconnect this video call or discuss the case with anyone. Do not disconnect this video call or discuss the case with anyone.,916,True,Central Delhi,India,True,11,1,Financial Demand
DA-S-0184,+917800000084,Your Aadhaar has been connected to a money laundering case. Transfer money to the verification account immediately and share the OTP. Transfer money to the verification account immediately and share the OTP.,2083,True,Kolkata,India,True,18,1,Financial Demand
DA-S-0178,+917800000078,A parcel held by Customs contains prohibited documents in your name. Your bank account will be frozen and an arrest team will arrive today. Do not disconnect this video call or discuss the case with anyone.,1495,False,Bengaluru,India,False,18,1,Financial Demand
DA-S-0499,+919651920351,This is an officer from Customs; your identity is under investigation. Do not disconnect this video call or discuss the case with anyone. Do not disconnect this video call or discuss the case with anyone.,967,True,Kolkata,India,True,17,1,Financial Demand
DA-N-0072,+918280905950,Can we move tomorrow's project meeting to the afternoon? The bank branch is closed today due to a public holiday.,265,False,Jaipur,India,False,0,0,Introduction
DA-S-0375,+917291032449,This is an officer from ED; your identity is under investigation. Your bank account will be frozen and an arrest team will arrive today. Your bank account will be frozen and an arrest team will arrive today.,1671,False,Mumbai,India,True,2,1,Financial Demand
DA-S-0146,+917800000046,A parcel held by Customs contains prohibited documents in your name. Transfer money to the verification account immediately and share the OTP. Your bank account will be frozen and an arrest team will arrive today.,257,False,Kolkata,India,True,3,1,Financial Demand
DA-S-0400,+919291562363,A parcel held by Customs contains prohibited documents in your name. Your bank account will be frozen and an arrest team will arrive today. Your bank account will be frozen and an arrest team will arrive today.,1306,True,Mumbai,India,True,6,1,Financial Demand
DA-N-0170,+917944490415,Your grocery delivery will arrive between four and five. Please call me when you reach home safely.,442,False,Bengaluru,India,False,0,0,Introduction
DA-S-0168,+917800000068,Your Aadhaar has been connected to a money laundering case. Transfer money to the verification account immediately and share the OTP. Your bank account will be frozen and an arrest team will arrive today.,1800,True,Jaipur,India,True,17,1,Financial Demand
DA-S-0009,+917800000009,A parcel held by Customs contains prohibited documents in your name. Your bank account will be frozen and an arrest team will arrive today. Your bank account will be frozen and an arrest team will arrive today.,1677,False,Central Delhi,India,True,17,1,Financial Demand
DA-S-0087,+917800000087,A parcel held by Customs contains prohibited documents in your name. Transfer money to the verification account immediately and share the OTP. Transfer money to the verification account immediately and share the OTP.,1039,False,Mumbai,India,True,2,1,Financial Demand
DA-S-0268,+917800000068,A parcel held by Customs contains prohibited documents in your name. Transfer money to the verification account immediately and share the OTP. Transfer money to the verification account immediately and share the OTP.,2010,False,Bengaluru,India,True,7,1,Financial Demand
DA-S-0277,+917800000077,This is an officer from Police; your identity is under investigation. Transfer money to the verification account immediately and share the OTP. Do not disconnect this video call or discuss the case with anyone.,608,False,Lucknow,India,True,12,1,Financial Demand
DA-S-0132,+917800000032,Your Aadhaar has been connected to a money laundering case. Your bank account will be frozen and an arrest team will arrive today. Your bank account will be frozen and an arrest team will arrive today.,2328,True,Mumbai,India,True,7,1,Financial Demand
DA-N-0082,+919349773282,The bank branch is closed today due to a public holiday. Can we move tomorrow's project meeting to the afternoon?,455,False,Lucknow,India,False,0,0,Introduction
DA-N-0015,+918762134646,Can we move tomorrow's project meeting to the afternoon? Your grocery delivery will arrive between four and five.,437,False,Jaipur,India,False,0,0,Introduction
DA-S-0266,+917800000066,Your Aadhaar has been connected to a money laundering case. Your bank account will be frozen and an arrest team will arrive today. Transfer money to the verification account immediately and share the OTP.,2290,True,Chennai,India,True,2,1,Financial Demand
DA-S-0359,+918064263384,A parcel held by Customs contains prohibited documents in your name. Transfer money to the verification account immediately and share the OTP. Your bank account will be frozen and an arrest team will arrive today.,1361,True,Chennai,India,False,12,1,Financial Demand
DA-S-0420,+919995828624,This is an officer from Police; your identity is under investigation. Your bank account will be frozen and an arrest team will arrive today. Your bank account will be frozen and an arrest team will arrive today.,283,True,Lucknow,India,True,13,1,Financial Demand
DA-S-0063,+917800000063,This is an officer from Customs; your identity is under investigation. Transfer money to the verification account immediately and share the OTP. Transfer money to the verification account immediately and share the OTP.,2064,True,Mumbai,India,True,8,1,Financial Demand
DA-S-0447,+917989634620,A parcel held by Customs contains prohibited documents in your name. Do not disconnect this video call or discuss the case with anyone. Do not disconnect this video call or discuss the case with anyone.,1128,True,Lucknow,India,False,16,1,Financial Demand
DA-N-0071,+919937041706,The bank branch is closed today due to a public holiday. Please call me when you reach home safely.,377,False,Central Delhi,India,False,0,0,Introduction
DA-S-0030,+917800000030,A parcel held by Customs contains prohibited documents in your name. Transfer money to the verification account immediately and share the OTP. Transfer money to the verification account immediately and share the OTP.,2071,True,Mumbai,India,True,13,1,Financial Demand
DA-S-0251,+917800000051,This is an officer from Police; your identity is under investigation. Do not disconnect this video call or discuss the case with anyone. Your bank account will be frozen and an arrest team will arrive today.,511,True,Jaipur,India,True,2,1,Financial Demand
DA-S-0133,+917800000033,This is an officer from CBI; your identity is under investigation. Do not disconnect this video call or discuss the case with anyone. Your bank account will be frozen and an arrest team will arrive today.,2202,True,Mumbai,India,True,12,1,Financial Demand
DA-S-0317,+919252131125,This is an officer from CBI; your identity is under investigation. Do not disconnect this video call or discuss the case with anyone. Your bank account will be frozen and an arrest team will arrive today.,228,False,Mumbai,India,True,3,1,Financial Demand
DA-S-0151,+917800000051,This is an officer from Income Tax; your identity is under investigation. Your bank account will be frozen and an arrest team will arrive today. Do not disconnect this video call or discuss the case with anyone.,361,True,Central Delhi,India,True,2,1,Financial Demand
DA-S-0244,+917800000044,Your Aadhaar has been connected to a money laundering case. Transfer money to the verification account immediately and share the OTP. Transfer money to the verification account immediately and share the OTP.,2169,True,Jaipur,India,False,18,1,Financial Demand
DA-S-0091,+917800000091,A parcel held by Customs contains prohibited documents in your name. Transfer money to the verification account immediately and share the OTP. Your bank account will be frozen and an arrest team will arrive today.,1547,True,Pune,India,False,14,1,Financial Demand
DA-S-0064,+917800000064,A parcel held by Customs contains prohibited documents in your name. Do not disconnect this video call or discuss the case with anyone. Do not disconnect this video call or discuss the case with anyone.,251,True,Mumbai,India,True,10,1,Financial Demand
DA-S-0371,+917941651723,Your Aadhaar has been connected to a money laundering case. Transfer money to the verification account immediately and share the OTP. Do not disconnect this video call or discuss the case with anyone.,2203,True,Pune,India,True,9,1,Financial Demand
DA-S-0198,+917800000098,This is an officer from CBI; your identity is under investigation. Your bank account will be frozen and an arrest team will arrive today. Do not disconnect this video call or discuss the case with anyone.,1009,False,Bengaluru,India,True,15,1,Financial Demand
DA-N-0054,+917527307971,Your grocery delivery will arrive between four and five. Please call me when you reach home safely.,299,False,Central Delhi,India,False,0,0,Introduction
DA-S-0057,+917800000057,This is an officer from Income Tax; your identity is under investigation. Do not disconnect this video call or discuss the case with anyone. Transfer money to the verification account immediately and share the OTP.,1075,False,Central Delhi,India,True,18,1,Financial Demand
DA-N-0133,+917666291147,Please call me when you reach home safely. Your appointment is confirmed for next Monday.,204,False,Bengaluru,India,False,0,0,Introduction
DA-S-0350,+918043679914,This is an officer from Customs; your identity is under investigation. Your bank account will be frozen and an arrest team will arrive today. Transfer money to the verification account immediately and share the OTP.,477,True,Kolkata,India,True,17,1,Financial Demand
DA-S-0003,+917800000003,This is an officer from Police; your identity is under investigation. Your bank account will be frozen and an arrest team will arrive today. Transfer money to the verification account immediately and share the OTP.,1627,True,Pune,India,True,2,1,Financial Demand
DA-S-0283,+917800000083,A parcel held by Customs contains prohibited documents in your name. Do not disconnect this video call or discuss the case with anyone. Transfer money to the verification account immediately and share the OTP.,213,True,Jaipur,India,True,18,1,Financial Demand
DA-S-0248,+917800000048,This is an officer from Customs; your identity is under investigation. Your bank account will be frozen and an arrest team will arrive today. Your bank account will be frozen and an arrest team will arrive today.,1159,True,Central Delhi,India,False,9,1,Financial Demand
DA-N-0007,+919539712023,Your grocery delivery will arrive between four and five. Please call me when you reach home safely.,288,False,Pune,India,False,0,0,Introduction
DA-S-0031,+917800000031,This is an officer from ED; your identity is under investigation. Transfer money to the verification account immediately and share the OTP. Do not disconnect this video call or discuss the case with anyone.,499,True,Central Delhi,India,True,6,1,Financial Demand
DA-S-0183,+917800000083,A parcel held by Customs contains prohibited documents in your name. Your bank account will be frozen and an arrest team will arrive today. Your bank account will be frozen and an arrest team will arrive today.,2017,True,Chennai,India,True,2,1,Financial Demand
DA-N-0138,+918378294072,Please call me when you reach home safely. Your appointment is confirmed for next Monday.,204,False,Pune,India,False,0,0,Introduction
DA-N-0192,+918024697244,Your appointment is confirmed for next Monday. Your grocery delivery will arrive between four and five.,438,False,Central Delhi,India,False,0,0,Introduction
DA-S-0479,+916162576297,A parcel held by Customs contains prohibited documents in your name. Your bank account will be frozen and an arrest team will arrive today. Do not disconnect this video call or discuss the case with anyone.,2219,True,Kolkata,India,True,7,1,Financial Demand
DA-N-0169,+916162507570,Please call me when you reach home safely. Your grocery delivery will arrive between four and five.,114,False,Lucknow,India,False,0,0,Introduction
DA-N-0149,+919921889902,Your grocery delivery will arrive between four and five. Your appointment is confirmed for next Monday.,351,False,Mumbai,India,False,0,0,Introduction
DA-S-0192,+917800000092,This is an officer from Income Tax; your identity is under investigation. Your bank account will be frozen and an arrest team will arrive today. Do not disconnect this video call or discuss the case with anyone.,1962,False,Bengaluru,India,True,13,1,Financial Demand
DA-N-0128,+916692816456,Your appointment is confirmed for next Monday. Please call me when you reach home safely.,356,False,Jaipur,India,False,0,0,Introduction
DA-S-0484,+917692005648,A parcel held by Customs contains prohibited documents in your name. Do not disconnect this video call or discuss the case with anyone. Do not disconnect this video call or discuss the case with anyone.,553,True,Mumbai,India,True,3,1,Financial Demand
DA-S-0212,+917800000012,A parcel held by Customs contains prohibited documents in your name. Do not disconnect this video call or discuss the case with anyone. Do not disconnect this video call or discuss the case with anyone.,1903,False,Central Delhi,India,True,13,1,Financial Demand
DA-S-0297,+917800000097,A parcel held by Customs contains prohibited documents in your name. Transfer money to the verification account immediately and share the OTP. Your bank account will be frozen and an arrest team will arrive today.,851,False,Kolkata,India,True,13,1,Financial Demand
DA-N-0110,+916782912673,Your appointment is confirmed for next Monday. Can we move tomorrow's project meeting to the afternoon?,94,False,Bengaluru,India,False,0,0,Introduction
DA-S-0006,+917800000006,This is an officer from Police; your identity is under investigation. Your bank account will be frozen and an arrest team will arrive today. Your bank account will be frozen and an arrest team will arrive today.,2361,True,Chennai,India,True,13,1,Financial Demand
DA-S-0390,+919195207850,A parcel held by Customs contains prohibited documents in your name. Your bank account will be frozen and an arrest team will arrive today. Your bank account will be frozen and an arrest team will arrive today.,1195,False,Chennai,India,False,5,1,Financial Demand
DA-S-0138,+917800000038,This is an officer from Police; your identity is under investigation. Your bank account will be frozen and an arrest team will arrive today. Your bank account will be frozen and an arrest team will arrive today.,312,True,Central Delhi,India,True,4,1,Financial Demand
DA-S-0114,+917800000014,Your Aadhaar has been connected to a money laundering case. Transfer money to the verification account immediately and share the OTP. Your bank account will be frozen and an arrest team will arrive today.,1017,False,Lucknow,India,True,4,1,Financial Demand
DA-S-0405,+917157116353,This is an officer from Customs; your identity is under investigation. Do not disconnect this video call or discuss the case with anyone. Transfer money to the verification account immediately and share the OTP.,2102,True,Chennai,India,False,9,1,Financial Demand
DA-N-0056,+916274200239,Please call me when you reach home safely. Your grocery delivery will arrive between four and five.,127,False,Chennai,India,False,0,0,Introduction
DA-S-0000,+917800000000,Your Aadhaar has been connected to a money laundering case. Your bank account will be frozen and an arrest team will arrive today. Transfer money to the verification account immediately and share the OTP.,2038,True,Lucknow,India,True,13,1,Financial Demand
DA-S-0246,+917800000046,A parcel held by Customs contains prohibited documents in your name. Your bank account will be frozen and an arrest team will arrive today. Do not disconnect this video call or discuss the case with anyone.,1736,True,Pune,India,True,18,1,Financial Demand
DA-S-0357,+919836289901,A parcel held by Customs contains prohibited documents in your name. Your bank account will be frozen and an arrest team will arrive today. Your bank account will be frozen and an arrest team will arrive today.,830,True,Chennai,India,True,15,1,Financial Demand
DA-S-0123,+917800000023,This is an officer from Customs; your identity is under investigation. Your bank account will be frozen and an arrest team will arrive today. Do not disconnect this video call or discuss the case with anyone.,1914,False,Central Delhi,India,True,17,1,Financial Demand
DA-N-0036,+918335017127,Your appointment is confirmed for next Monday. Please call me when you reach home safely.,216,False,Chennai,India,False,0,0,Introduction
DA-S-0243,+917800000043,A parcel held by Customs contains prohibited documents in your name. Do not disconnect this video call or discuss the case with anyone. Transfer money to the verification account immediately and share the OTP.,2232,True,Central Delhi,India,True,9,1,Financial Demand
DA-S-0433,+917712977154,This is an officer from Police; your identity is under investigation. Do not disconnect this video call or discuss the case with anyone. Transfer money to the verification account immediately and share the OTP.,1090,True,Chennai,India,False,8,1,Financial Demand
DA-S-0384,+916298062256,This is an officer from ED; your identity is under investigation. Transfer money to the verification account immediately and share the OTP. Your bank account will be frozen and an arrest team will arrive today.,2118,True,Pune,India,True,5,1,Financial Demand
DA-S-0053,+917800000053,Your Aadhaar has been connected to a money laundering case. Transfer money to the verification account immediately and share the OTP. Your bank account will be frozen and an arrest team will arrive today.,1987,False,Jaipur,India,False,3,1,Financial Demand
DA-N-0147,+918422841776,Please call me when you reach home safely. Can we move tomorrow's project meeting to the afternoon?,222,False,Kolkata,India,False,0,0,Introduction
DA-S-0295,+917800000095,A parcel held by Customs contains prohibited documents in your name. Your bank account will be frozen and an arrest team will arrive today. Do not disconnect this video call or discuss the case with anyone.,2009,False,Jaipur,India,True,3,1,Financial Demand
DA-S-0115,+917800000015,A parcel held by Customs contains prohibited documents in your name. Do not disconnect this video call or discuss the case with anyone. Your bank account will be frozen and an arrest team will arrive today.,1331,False,Pune,India,True,6,1,Financial Demand
DA-S-0074,+917800000074,This is an officer from ED; your identity is under investigation. Do not disconnect this video call or discuss the case with anyone. Transfer money to the verification account immediately and share the OTP.,1111,True,Bengaluru,India,True,18,1,Financial Demand
DA-N-0177,+917268655500,Your grocery delivery will arrive between four and five. Your appointment is confirmed for next Monday.,219,False,Pune,India,False,0,0,Introduction
DA-S-0427,+918887785464,Your Aadhaar has been connected to a money laundering case. Transfer money to the verification account immediately and share the OTP. Your bank account will be frozen and an arrest team will arrive today.,1957,False,Central Delhi,India,True,13,1,Financial Demand
DA-S-0048,+917800000048,A parcel held by Customs contains prohibited documents in your name. Your bank account will be frozen and an arrest team will arrive today. Do not disconnect this video call or discuss the case with anyone.,851,False,Jaipur,India,True,10,1,Financial Demand
DA-S-0065,+917800000065,A parcel held by Customs contains prohibited documents in your name. Your bank account will be frozen and an arrest team will arrive today. Transfer money to the verification account immediately and share the OTP.,2179,True,Central Delhi,India,True,18,1,Financial Demand
DA-S-0238,+917800000038,A parcel held by Customs contains prohibited documents in your name. Your bank account will be frozen and an arrest team will arrive today. Your bank account will be frozen and an arrest team will arrive today.,1360,True,Mumbai,India,True,12,1,Financial Demand
DA-N-0190,+919273369291,The bank branch is closed today due to a public holiday. Can we move tomorrow's project meeting to the afternoon?,433,False,Chennai,India,False,0,0,Introduction
DA-S-0356,+919719892196,This is an officer from Police; your identity is under investigation. Transfer money to the verification account immediately and share the OTP. Do not disconnect this video call or discuss the case with anyone.,522,True,Jaipur,India,False,12,1,Financial Demand
DA-S-0341,+918632416551,This is an officer from Police; your identity is under investigation. Transfer money to the verification account immediately and share the OTP. Do not disconnect this video call or discuss the case with anyone.,595,True,Jaipur,India,True,8,1,Financial Demand
DA-S-0373,+918196067111,Your Aadhaar has been connected to a money laundering case. Your bank account will be frozen and an arrest team will arrive today. Your bank account will be frozen and an arrest team will arrive today.,1382,True,Pune,India,True,8,1,Financial Demand
DA-S-0487,+917797400828,A parcel held by Customs contains prohibited documents in your name. Transfer money to the verification account immediately and share the OTP. Transfer money to the verification account immediately and share the OTP.,308,True,Chennai,India,False,4,1,Financial Demand
DA-N-0101,+918767999782,Your appointment is confirmed for next Monday. Can we move tomorrow's project meeting to the afternoon?,396,False,Central Delhi,India,False,0,0,Introduction
DA-S-0255,+917800000055,A parcel held by Customs contains prohibited documents in your name. Your bank account will be frozen and an arrest team will arrive today. Your bank account will be frozen and an arrest team will arrive today.,365,True,Kolkata,India,True,17,1,Financial Demand
DA-S-0017,+917800000017,A parcel held by Customs contains prohibited documents in your name. Your bank account will be frozen and an arrest team will arrive today. Transfer money to the verification account immediately and share the OTP.,393,False,Kolkata,India,True,10,1,Financial Demand
DA-S-0496,+919949079910,This is an officer from Income Tax; your identity is under investigation. Transfer money to the verification account immediately and share the OTP. Do not disconnect this video call or discuss the case with anyone.,1784,True,Kolkata,India,True,16,1,Financial Demand
DA-S-0136,+917800000036,A parcel held by Customs contains prohibited documents in your name. Do not disconnect this video call or discuss the case with anyone. Do not disconnect this video call or discuss the case with anyone.,1542,True,Pune,India,True,15,1,Financial Demand
DA-S-0473,+916347398100,This is an officer from Police; your identity is under investigation. Your bank account will be frozen and an arrest team will arrive today. Your bank account will be frozen and an arrest team will arrive today.,942,False,Bengaluru,India,True,4,1,Financial Demand
DA-S-0014,+917800000014,A parcel held by Customs contains prohibited documents in your name. Transfer money to the verification account immediately and share the OTP. Transfer money to the verification account immediately and share the OTP.,220,True,Mumbai,India,False,18,1,Financial Demand
DA-N-0023,+919517055870,Your grocery delivery will arrive between four and five. Please call me when you reach home safely.,402,False,Bengaluru,India,False,0,0,Introduction
DA-S-0411,+919893569161,A parcel held by Customs contains prohibited documents in your name. Transfer money to the verification account immediately and share the OTP. Do not disconnect this video call or discuss the case with anyone.,474,True,Lucknow,India,True,11,1,Financial Demand
DA-N-0009,+918827069868,The bank branch is closed today due to a public holiday. Your appointment is confirmed for next Monday.,217,False,Jaipur,India,False,0,0,Introduction
DA-N-0032,+917482425544,Can we move tomorrow's project meeting to the afternoon? Your appointment is confirmed for next Monday.,365,False,Jaipur,India,False,0,0,Introduction
DA-N-0180,+919054216938,Can we move tomorrow's project meeting to the afternoon? The bank branch is closed today due to a public holiday.,239,False,Kolkata,India,False,0,0,Introduction
DA-S-0258,+917800000058,This is an officer from Income Tax; your identity is under investigation. Your bank account will be frozen and an arrest team will arrive today. Transfer money to the verification account immediately and share the OTP.,2078,True,Central Delhi,India,False,1,1,Financial Demand
DA-S-0032,+917800000032,A parcel held by Customs contains prohibited documents in your name. Do not disconnect this video call or discuss the case with anyone. Transfer money to the verification account immediately and share the OTP.,749,False,Kolkata,India,True,16,1,Financial Demand
DA-S-0284,+917800000084,A parcel held by Customs contains prohibited documents in your name. Transfer money to the verification account immediately and share the OTP. Your bank account will be frozen and an arrest team will arrive today.,1429,True,Bengaluru,India,True,5,1,Financial Demand
DA-S-0348,+918340787617,A parcel held by Customs contains prohibited documents in your name. Do not disconnect this video call or discuss the case with anyone. Transfer money to the verification account immediately and share the OTP.,1313,False,Chennai,India,True,6,1,Financial Demand
DA-N-0145,+918529955593,Your grocery delivery will arrive between four and five. Please call me when you reach home safely.,279,False,Central Delhi,India,False,0,0,Introduction
DA-N-0014,+919919550304,Your appointment is confirmed for next Monday. Please call me when you reach home safely.,142,False,Lucknow,India,False,0,0,Introduction
DA-S-0381,+919547685482,This is an officer from Police; your identity is under investigation. Transfer money to the verification account immediately and share the OTP. Do not disconnect this video call or discuss the case with anyone.,372,True,Bengaluru,India,False,13,1,Financial Demand
DA-N-0066,+917589353382,Your grocery delivery will arrive between four and five. The bank branch is closed today due to a public holiday.,186,False,Chennai,India,False,0,0,Introduction
DA-S-0260,+917800000060,A parcel held by Customs contains prohibited documents in your name. Your bank account will be frozen and an arrest team will arrive today. Your bank account will be frozen and an arrest team will arrive today.,1998,False,Chennai,India,False,8,1,Financial Demand
DA-S-0066,+917800000066,A parcel held by Customs contains prohibited documents in your name. Do not disconnect this video call or discuss the case with anyone. Do not disconnect this video call or discuss the case with anyone.,800,False,Lucknow,India,True,16,1,Financial Demand
DA-N-0039,+917078612646,Can we move tomorrow's project meeting to the afternoon? Your grocery delivery will arrive between four and five.,239,False,Lucknow,India,False,0,0,Introduction
DA-S-0121,+917800000021,A parcel held by Customs contains prohibited documents in your name. Do not disconnect this video call or discuss the case with anyone. Transfer money to the verification account immediately and share the OTP.,866,True,Bengaluru,India,True,12,1,Financial Demand
DA-N-0021,+917643140464,Please call me when you reach home safely. Your appointment is confirmed for next Monday.,404,False,Mumbai,India,False,0,0,Introduction
DA-S-0288,+917800000088,This is an officer from ED; your identity is under investigation. Do not disconnect this video call or discuss the case with anyone. Do not disconnect this video call or discuss the case with anyone.,1267,False,Chennai,India,True,10,1,Financial Demand
DA-N-0041,+917150794278,Please call me when you reach home safely. Your appointment is confirmed for next Monday.,341,False,Mumbai,India,False,0,0,Introduction
DA-S-0038,+917800000038,A parcel held by Customs contains prohibited documents in your name. Do not disconnect this video call or discuss the case with anyone. Transfer money to the verification account immediately and share the OTP.,435,True,Mumbai,India,True,8,1,Financial Demand
DA-N-0063,+919260661071,Your appointment is confirmed for next Monday. Please call me when you reach home safely.,407,False,Jaipur,India,False,0,0,Introduction
DA-S-0395,+916616629097,A parcel held by Customs contains prohibited documents in your name. Do not disconnect this video call or discuss the case with anyone. Transfer money to the verification account immediately and share the OTP.,1112,False,Mumbai,India,False,12,1,Financial Demand
DA-N-0150,+918549297817,Please call me when you reach home safely. Your appointment is confirmed for next Monday.,448,False,Pune,India,False,0,0,Introduction
DA-S-0397,+919982858323,This is an officer from CBI; your identity is under investigation. Your bank account will be frozen and an arrest team will arrive today. Do not disconnect this video call or discuss the case with anyone.,1355,False,Kolkata,India,True,18,1,Financial Demand
DA-S-0193,+917800000093,A parcel held by Customs contains prohibited documents in your name. Transfer money to the verification account immediately and share the OTP. Transfer money to the verification account immediately and share the OTP.,1982,False,Central Delhi,India,True,16,1,Financial Demand
DA-N-0035,+918562851887,Your appointment is confirmed for next Monday. Your grocery delivery will arrive between four and five.,22,False,Chennai,India,False,0,0,Introduction
DA-N-0109,+916294227001,Your appointment is confirmed for next Monday. Can we move tomorrow's project meeting to the afternoon?,225,False,Kolkata,India,False,0,0,Introduction
DA-S-0311,+916314001442,A parcel held by Customs contains prohibited documents in your name. Do not disconnect this video call or discuss the case with anyone. Do not disconnect this video call or discuss the case with anyone.,1241,True,Bengaluru,India,True,6,1,Financial Demand
DA-N-0179,+917701569157,Can we move tomorrow's project meeting to the afternoon? Please call me when you reach home safely.,298,False,Jaipur,India,False,0,0,Introduction
DA-S-0444,+918142145240,A parcel held by Customs contains prohibited documents in your name. Do not disconnect this video call or discuss the case with anyone. Transfer money to the verification account immediately and share the OTP.,2088,True,Lucknow,India,True,7,1,Financial Demand
DA-S-0360,+917619719013,A parcel held by Customs contains prohibited documents in your name. Transfer money to the verification account immediately and share the OTP. Do not disconnect this video call or discuss the case with anyone.,1863,False,Chennai,India,True,10,1,Financial Demand
DA-S-0177,+917800000077,Your Aadhaar has been connected to a money laundering case. Do not disconnect this video call or discuss the case with anyone. Do not disconnect this video call or discuss the case with anyone.,2059,True,Mumbai,India,True,10,1,Financial Demand
DA-S-0358,+916056199326,Your Aadhaar has been connected to a money laundering case. Transfer money to the verification account immediately and share the OTP. Your bank account will be frozen and an arrest team will arrive today.,446,True,Lucknow,India,True,9,1,Financial Demand
DA-N-0102,+918653958180,Your grocery delivery will arrive between four and five. Please call me when you reach home safely.,42,False,Central Delhi,India,False,0,0,Introduction
DA-S-0027,+917800000027,Your Aadhaar has been connected to a money laundering case. Do not disconnect this video call or discuss the case with anyone. Transfer money to the verification account immediately and share the OTP.,2144,True,Kolkata,India,False,17,1,Financial Demand
DA-S-0078,+917800000078,A parcel held by Customs contains prohibited documents in your name. Do not disconnect this video call or discuss the case with anyone. Your bank account will be frozen and an arrest team will arrive today.,1704,True,Pune,India,True,11,1,Financial Demand
DA-S-0327,+918928588262,Your Aadhaar has been connected to a money laundering case. Your bank account will be frozen and an arrest team will arrive today. Your bank account will be frozen and an arrest team will arrive today.,887,True,Bengaluru,India,True,15,1,Financial Demand
DA-S-0156,+917800000056,Your Aadhaar has been connected to a money laundering case. Your bank account will be frozen and an arrest team will arrive today. Do not disconnect this video call or discuss the case with anyone.,1235,False,Chennai,India,True,6,1,Financial Demand
DA-N-0114,+918320528248,Your grocery delivery will arrive between four and five. The bank branch is closed today due to a public holiday.,473,False,Bengaluru,India,False,0,0,Introduction
DA-S-0342,+919497695736,A parcel held by Customs contains prohibited documents in your name. Transfer money to the verification account immediately and share the OTP. Your bank account will be frozen and an arrest team will arrive today.,571,True,Bengaluru,India,False,6,1,Financial Demand
DA-S-0240,+917800000040,Your Aadhaar has been connected to a money laundering case. Transfer money to the verification account immediately and share the OTP. Do not disconnect this video call or discuss the case with anyone.,1763,True,Bengaluru,India,True,13,1,Financial Demand
DA-N-0059,+918621436835,Your appointment is confirmed for next Monday. Your grocery delivery will arrive between four and five.,100,False,Bengaluru,India,False,0,0,Introduction
DA-S-0161,+917800000061,This is an officer from Income Tax; your identity is under investigation. Do not disconnect this video call or discuss the case with anyone. Your bank account will be frozen and an arrest team will arrive today.,1913,True,Lucknow,India,True,8,1,Financial Demand
DA-N-0053,+919366051245,Can we move tomorrow's project meeting to the afternoon? Your grocery delivery will arrive between four and five.,154,False,Jaipur,India,False,0,0,Introduction
DA-S-0415,+918842611963,Your Aadhaar has been connected to a money laundering case. Do not disconnect this video call or discuss the case with anyone. Do not disconnect this video call or discuss the case with anyone.,2230,False,Bengaluru,India,True,10,1,Financial Demand
DA-N-0093,+919144913561,Can we move tomorrow's project meeting to the afternoon? Please call me when you reach home safely.,291,False,Central Delhi,India,False,0,0,Introduction
DA-S-0226,+917800000026,This is an officer from Income Tax; your identity is under investigation. Transfer money to the verification account immediately and share the OTP. Do not disconnect this video call or discuss the case with anyone.,2220,True,Chennai,India,True,1,1,Financial Demand
DA-S-0135,+917800000035,A parcel held by Customs contains prohibited documents in your name. Transfer money to the verification account immediately and share the OTP. Transfer money to the verification account immediately and share the OTP.,1509,True,Kolkata,India,True,5,1,Financial Demand
DA-S-0303,+916195732579,A parcel held by Customs contains prohibited documents in your name. Do not disconnect this video call or discuss the case with anyone. Do not disconnect this video call or discuss the case with anyone.,1757,True,Chennai,India,False,18,1,Financial Demand
DA-N-0034,+916911235168,The bank branch is closed today due to a public holiday. Your grocery delivery will arrive between four and five.,268,False,Mumbai,India,False,0,0,Introduction
DA-S-0282,+917800000082,This is an officer from Customs; your identity is under investigation. Transfer money to the verification account immediately and share the OTP. Do not disconnect this video call or discuss the case with anyone.,1189,True,Chennai,India,True,3,1,Financial Demand
DA-N-0069,+917013546339,The bank branch is closed today due to a public holiday. Please call me when you reach home safely.,28,False,Chennai,India,False,0,0,Introduction
DA-S-0434,+919665482042,This is an officer from Police; your identity is under investigation. Your bank account will be frozen and an arrest team will arrive today. Your bank account will be frozen and an arrest team will arrive today.,872,True,Bengaluru,India,True,16,1,Financial Demand
DA-S-0352,+918034865903,Your Aadhaar has been connected to a money laundering case. Do not disconnect this video call or discuss the case with anyone. Your bank account will be frozen and an arrest team will arrive today.,1669,True,Central Delhi,India,True,7,1,Financial Demand
DA-S-0418,+916076968819,This is an officer from Police; your identity is under investigation. Transfer money to the verification account immediately and share the OTP. Your bank account will be frozen and an arrest team will arrive today.,191,False,Jaipur,India,True,11,1,Financial Demand
DA-S-0463,+919857001189,This is an officer from Police; your identity is under investigation. Transfer money to the verification account immediately and share the OTP. Do not disconnect this video call or discuss the case with anyone.,866,True,Chennai,India,True,17,1,Financial Demand
DA-N-0130,+919151988044,The bank branch is closed today due to a public holiday. Your grocery delivery will arrive between four and five.,24,False,Chennai,India,False,0,0,Introduction
DA-N-0012,+919288190433,Please call me when you reach home safely. Your grocery delivery will arrive between four and five.,57,False,Lucknow,India,False,0,0,Introduction
DA-S-0174,+917800000074,This is an officer from ED; your identity is under investigation. Do not disconnect this video call or discuss the case with anyone. Do not disconnect this video call or discuss the case with anyone.,228,True,Pune,India,False,17,1,Financial Demand
DA-S-0336,+917952484420,Your Aadhaar has been connected to a money laundering case. Your bank account will be frozen and an arrest team will arrive today. Transfer money to the verification account immediately and share the OTP.,1022,True,Mumbai,India,True,17,1,Financial Demand
DA-N-0134,+918303526871,Your grocery delivery will arrive between four and five. The bank branch is closed today due to a public holiday.,274,False,Lucknow,India,False,0,0,Introduction
DA-N-0104,+919710113158,Your grocery delivery will arrive between four and five. The bank branch is closed today due to a public holiday.,138,False,Chennai,India,False,0,0,Introduction
DA-S-0176,+917800000076,This is an officer from ED; your identity is under investigation. Transfer money to the verification account immediately and share the OTP. Your bank account will be frozen and an arrest team will arrive today.,233,True,Mumbai,India,True,5,1,Financial Demand
DA-S-0119,+917800000019,This is an officer from Income Tax; your identity is under investigation. Your bank account will be frozen and an arrest team will arrive today. Your bank account will be frozen and an arrest team will arrive today.,576,True,Bengaluru,India,False,18,1,Financial Demand
DA-S-0335,+916559414561,This is an officer from Police; your identity is under investigation. Your bank account will be frozen and an arrest team will arrive today. Your bank account will be frozen and an arrest team will arrive today.,356,True,Lucknow,India,False,3,1,Financial Demand
DA-S-0241,+917800000041,Your Aadhaar has been connected to a money laundering case. Your bank account will be frozen and an arrest team will arrive today. Do not disconnect this video call or discuss the case with anyone.,1696,True,Lucknow,India,True,4,1,Financial Demand
DA-N-0198,+919871363392,Your grocery delivery will arrive between four and five. Please call me when you reach home safely.,167,False,Pune,India,False,0,0,Introduction
DA-S-0469,+919707255177,Your Aadhaar has been connected to a money laundering case. Your bank account will be frozen and an arrest team will arrive today. Your bank account will be frozen and an arrest team will arrive today.,392,True,Kolkata,India,True,4,1,Financial Demand
DA-S-0033,+917800000033,A parcel held by Customs contains prohibited documents in your name. Transfer money to the verification account immediately and share the OTP. Your bank account will be frozen and an arrest team will arrive today.,681,True,Jaipur,India,True,14,1,Financial Demand
DA-S-0346,+916924659670,A parcel held by Customs contains prohibited documents in your name. Do not disconnect this video call or discuss the case with anyone. Do not disconnect this video call or discuss the case with anyone.,375,False,Pune,India,True,9,1,Financial Demand
DA-S-0351,+918794447615,A parcel held by Customs contains prohibited documents in your name. Your bank account will be frozen and an arrest team will arrive today. Transfer money to the verification account immediately and share the OTP.,774,True,Bengaluru,India,True,1,1,Financial Demand
DA-N-0195,+918199462156,The bank branch is closed today due to a public holiday. Your grocery delivery will arrive between four and five.,201,False,Central Delhi,India,False,0,0,Introduction
DA-S-0408,+919290088250,This is an officer from ED; your identity is under investigation. Transfer money to the verification account immediately and share the OTP. Your bank account will be frozen and an arrest team will arrive today.,1566,True,Jaipur,India,True,10,1,Financial Demand
DA-N-0065,+919212269063,Your appointment is confirmed for next Monday. Please call me when you reach home safely.,465,False,Kolkata,India,False,0,0,Introduction
DA-N-0132,+916585668760,The bank branch is closed today due to a public holiday. Your grocery delivery will arrive between four and five.,395,False,Bengaluru,India,False,0,0,Introduction
DA-N-0163,+916521857891,The bank branch is closed today due to a public holiday. Can we move tomorrow's project meeting to the afternoon?,401,False,Lucknow,India,False,0,0,Introduction
DA-N-0142,+919067994366,Your grocery delivery will arrive between four and five. Please call me when you reach home safely.,314,False,Central Delhi,India,False,0,0,Introduction
DA-S-0227,+917800000027,This is an officer from Customs; your identity is under investigation. Your bank account will be frozen and an arrest team will arrive today. Do not disconnect this video call or discuss the case with anyone.,660,True,Bengaluru,India,True,6,1,Financial Demand
DA-S-0439,+919168303902,A parcel held by Customs contains prohibited documents in your name. Transfer money to the verification account immediately and share the OTP. Transfer money to the verification account immediately and share the OTP.,815,True,Central Delhi,India,True,17,1,Financial Demand
DA-S-0077,+917800000077,A parcel held by Customs contains prohibited documents in your name. Transfer money to the verification account immediately and share the OTP. Transfer money to the verification account immediately and share the OTP.,1033,True,Kolkata,India,False,9,1,Financial Demand
DA-N-0027,+916124443266,Can we move tomorrow's project meeting to the afternoon? The bank branch is closed today due to a public holiday.,210,False,Lucknow,India,False,0,0,Introduction
DA-S-0318,+918878642462,A parcel held by Customs contains prohibited documents in your name. Your bank account will be frozen and an arrest team will arrive today. Do not disconnect this video call or discuss the case with anyone.,2193,True,Chennai,India,True,18,1,Financial Demand
DA-S-0094,+917800000094,A parcel held by Customs contains prohibited documents in your name. Transfer money to the verification account immediately and share the OTP. Do not disconnect this video call or discuss the case with anyone.,2040,True,Jaipur,India,True,13,1,Financial Demand
DA-N-0083,+916747858542,Can we move tomorrow's project meeting to the afternoon? Your grocery delivery will arrive between four and five.,256,False,Mumbai,India,False,0,0,Introduction
DA-N-0176,+918849043993,The bank branch is closed today due to a public holiday. Your grocery delivery will arrive between four and five.,278,False,Jaipur,India,False,0,0,Introduction
DA-S-0059,+917800000059,A parcel held by Customs contains prohibited documents in your name. Do not disconnect this video call or discuss the case with anyone. Do not disconnect this video call or discuss the case with anyone.,1425,True,Lucknow,India,True,15,1,Financial Demand
DA-S-0028,+917800000028,Your Aadhaar has been connected to a money laundering case. Your bank account will be frozen and an arrest team will arrive today. Your bank account will be frozen and an arrest team will arrive today.,599,True,Mumbai,India,True,16,1,Financial Demand
DA-N-0055,+917213552634,The bank branch is closed today due to a public holiday. Your grocery delivery will arrive between four and five.,56,False,Central Delhi,India,False,0,0,Introduction
DA-N-0197,+917752431441,The bank branch is closed today due to a public holiday. Can we move tomorrow's project meeting to the afternoon?,133,False,Pune,India,False,0,0,Introduction
DA-S-0237,+917800000037,A parcel held by Customs contains prohibited documents in your name. Transfer money to the verification account immediately and share the OTP. Transfer money to the verification account immediately and share the OTP.,813,True,Bengaluru,India,False,16,1,Financial Demand
DA-S-0412,+917782774415,A parcel held by Customs contains prohibited documents in your name. Transfer money to the verification account immediately and share the OTP. Transfer money to the verification account immediately and share the OTP.,2311,False,Bengaluru,India,False,1,1,Financial Demand
DA-S-0276,+917800000076,Your Aadhaar has been connected to a money laundering case. Your bank account will be frozen and an arrest team will arrive today. Do not disconnect this video call or discuss the case with anyone.,639,True,Mumbai,India,True,13,1,Financial Demand
DA-N-0061,+916976126558,Please call me when you reach home safely. The bank branch is closed today due to a public holiday.,453,False,Kolkata,India,False,0,0,Introduction
DA-S-0369,+916937802262,Your Aadhaar has been connected to a money laundering case. Your bank account will be frozen and an arrest team will arrive today. Do not disconnect this video call or discuss the case with anyone.,386,True,Lucknow,India,False,14,1,Financial Demand
DA-N-0182,+919714604677,Please call me when you reach home safely. The bank branch is closed today due to a public holiday.,374,False,Pune,India,False,0,0,Introduction
DA-S-0124,+917800000024,This is an officer from Customs; your identity is under investigation. Do not disconnect this video call or discuss the case with anyone. Your bank account will be frozen and an arrest team will arrive today.,948,False,Pune,India,True,1,1,Financial Demand
DA-S-0220,+917800000020,This is an officer from Customs; your identity is under investigation. Transfer money to the verification account immediately and share the OTP. Do not disconnect this video call or discuss the case with anyone.,661,False,Bengaluru,India,True,8,1,Financial Demand
DA-S-0054,+917800000054,Your Aadhaar has been connected to a money laundering case. Do not disconnect this video call or discuss the case with anyone. Do not disconnect this video call or discuss the case with anyone.,1018,True,Kolkata,India,True,7,1,Financial Demand
DA-S-0061,+917800000061,Your Aadhaar has been connected to a money laundering case. Transfer money to the verification account immediately and share the OTP. Your bank account will be frozen and an arrest team will arrive today.,1726,True,Central Delhi,India,True,7,1,Financial Demand
DA-S-0417,+917553111868,A parcel held by Customs contains prohibited documents in your name. Do not disconnect this video call or discuss the case with anyone. Do not disconnect this video call or discuss the case with anyone.,270,True,Chennai,India,True,10,1,Financial Demand
DA-N-0026,+919554533313,Your grocery delivery will arrive between four and five. Your appointment is confirmed for next Monday.,142,False,Bengaluru,India,False,0,0,Introduction
DA-N-0152,+918857161942,Please call me when you reach home safely. The bank branch is closed today due to a public holiday.,336,False,Lucknow,India,False,0,0,Introduction
DA-N-0078,+919834967000,Please call me when you reach home safely. Your grocery delivery will arrive between four and five.,154,False,Jaipur,India,False,0,0,Introduction
DA-S-0387,+918634999584,This is an officer from Police; your identity is under investigation. Transfer money to the verification account immediately and share the OTP. Your bank account will be frozen and an arrest team will arrive today.,889,False,Bengaluru,India,True,17,1,Financial Demand
DA-N-0089,+919024419232,Please call me when you reach home safely. Your appointment is confirmed for next Monday.,449,False,Jaipur,India,False,0,0,Introduction
DA-S-0150,+917800000050,This is an officer from CBI; your identity is under investigation. Do not disconnect this video call or discuss the case with anyone. Transfer money to the verification account immediately and share the OTP.,2243,True,Jaipur,India,False,12,1,Financial Demand
DA-S-0131,+917800000031,Your Aadhaar has been connected to a money laundering case. Transfer money to the verification account immediately and share the OTP. Transfer money to the verification account immediately and share the OTP.,1255,True,Lucknow,India,True,18,1,Financial Demand
DA-S-0393,+917619925668,This is an officer from ED; your identity is under investigation. Your bank account will be frozen and an arrest team will arrive today. Transfer money to the verification account immediately and share the OTP.,1677,True,Kolkata,India,True,14,1,Financial Demand
DA-S-0312,+916525489464,This is an officer from Income Tax; your identity is under investigation. Do not disconnect this video call or discuss the case with anyone. Transfer money to the verification account immediately and share the OTP.,1823,True,Kolkata,India,True,8,1,Financial Demand
DA-N-0070,+918929275597,Your grocery delivery will arrive between four and five. Can we move tomorrow's project meeting to the afternoon?,415,False,Kolkata,India,False,0,0,Introduction
DA-N-0010,+919909914230,Please call me when you reach home safely. Can we move tomorrow's project meeting to the afternoon?,57,False,Bengaluru,India,False,0,0,Introduction
DA-S-0316,+917259900168,This is an officer from ED; your identity is under investigation. Your bank account will be frozen and an arrest team will arrive today. Do not disconnect this video call or discuss the case with anyone.,1162,True,Kolkata,India,False,10,1,Financial Demand
DA-S-0464,+918352946321,This is an officer from CBI; your identity is under investigation. Transfer money to the verification account immediately and share the OTP. Transfer money to the verification account immediately and share the OTP.,1008,True,Jaipur,India,True,9,1,Financial Demand
DA-S-0230,+917800000030,A parcel held by Customs contains prohibited documents in your name. Do not disconnect this video call or discuss the case with anyone. Do not disconnect this video call or discuss the case with anyone.,1433,False,Chennai,India,True,11,1,Financial Demand
DA-S-0332,+918344926542,Your Aadhaar has been connected to a money laundering case. Your bank account will be frozen and an arrest team will arrive today. Do not disconnect this video call or discuss the case with anyone.,1151,True,Chennai,India,True,16,1,Financial Demand
DA-S-0110,+917800000010,This is an officer from Police; your identity is under investigation. Transfer money to the verification account immediately and share the OTP. Your bank account will be frozen and an arrest team will arrive today.,2002,True,Mumbai,India,True,11,1,Financial Demand
DA-S-0233,+917800000033,This is an officer from Customs; your identity is under investigation. Do not disconnect this video call or discuss the case with anyone. Your bank account will be frozen and an arrest team will arrive today.,1783,True,Mumbai,India,True,10,1,Financial Demand
DA-S-0401,+917250332517,Your Aadhaar has been connected to a money laundering case. Do not disconnect this video call or discuss the case with anyone. Your bank account will be frozen and an arrest team will arrive today.,2339,False,Jaipur,India,False,4,1,Financial Demand
DA-N-0136,+917622459700,Can we move tomorrow's project meeting to the afternoon? Your grocery delivery will arrive between four and five.,55,False,Central Delhi,India,False,0,0,Introduction
DA-S-0080,+917800000080,A parcel held by Customs contains prohibited documents in your name. Your bank account will be frozen and an arrest team will arrive today. Your bank account will be frozen and an arrest team will arrive today.,1302,True,Pune,India,True,9,1,Financial Demand
DA-S-0060,+917800000060,Your Aadhaar has been connected to a money laundering case. Transfer money to the verification account immediately and share the OTP. Transfer money to the verification account immediately and share the OTP.,1542,True,Lucknow,India,False,14,1,Financial Demand
DA-S-0376,+917291550414,A parcel held by Customs contains prohibited documents in your name. Your bank account will be frozen and an arrest team will arrive today. Transfer money to the verification account immediately and share the OTP.,665,True,Lucknow,India,False,3,1,Financial Demand
DA-S-0261,+917800000061,Your Aadhaar has been connected to a money laundering case. Do not disconnect this video call or discuss the case with anyone. Transfer money to the verification account immediately and share the OTP.,1819,True,Central Delhi,India,True,4,1,Financial Demand
DA-S-0307,+917041383905,A parcel held by Customs contains prohibited documents in your name. Transfer money to the verification account immediately and share the OTP. Your bank account will be frozen and an arrest team will arrive today.,1289,True,Central Delhi,India,False,4,1,Financial Demand
DA-N-0091,+919727430800,The bank branch is closed today due to a public holiday. Please call me when you reach home safely.,217,False,Lucknow,India,False,0,0,Introduction
DA-N-0139,+916814507658,Can we move tomorrow's project meeting to the afternoon? The bank branch is closed today due to a public holiday.,134,False,Jaipur,India,False,0,0,Introduction
DA-S-0389,+918357655426,This is an officer from ED; your identity is under investigation. Transfer money to the verification account immediately and share the OTP. Your bank account will be frozen and an arrest team will arrive today.,791,False,Lucknow,India,True,11,1,Financial Demand
DA-N-0125,+919602729528,Your grocery delivery will arrive between four and five. Can we move tomorrow's project meeting to the afternoon?,153,False,Lucknow,India,False,0,0,Introduction
DA-S-0111,+917800000011,Your Aadhaar has been connected to a money laundering case. Your bank account will be frozen and an arrest team will arrive today. Your bank account will be frozen and an arrest team will arrive today.,755,True,Kolkata,India,True,1,1,Financial Demand
DA-N-0025,+918620940584,Your grocery delivery will arrive between four and five. The bank branch is closed today due to a public holiday.,240,False,Kolkata,India,False,0,0,Introduction
DA-S-0197,+917800000097,Your Aadhaar has been connected to a money laundering case. Do not disconnect this video call or discuss the case with anyone. Transfer money to the verification account immediately and share the OTP.,1353,True,Jaipur,India,True,16,1,Financial Demand
DA-N-0126,+916601114497,Can we move tomorrow's project meeting to the afternoon? Please call me when you reach home safely.,465,False,Kolkata,India,False,0,0,Introduction
DA-S-0403,+918380107306,This is an officer from Police; your identity is under investigation. Do not disconnect this video call or discuss the case with anyone. Do not disconnect this video call or discuss the case with anyone.,1224,True,Lucknow,India,True,12,1,Financial Demand
DA-N-0131,+919864193629,Your grocery delivery will arrive between four and five. Can we move tomorrow's project meeting to the afternoon?,76,False,Jaipur,India,False,0,0,Introduction
DA-S-0475,+916798097880,This is an officer from Customs; your identity is under investigation. Do not disconnect this video call or discuss the case with anyone. Your bank account will be frozen and an arrest team will arrive today.,2085,True,Kolkata,India,True,13,1,Financial Demand
DA-N-0107,+917900857705,Your grocery delivery will arrive between four and five. Please call me when you reach home safely.,147,False,Pune,India,False,0,0,Introduction
DA-S-0002,+917800000002,A parcel held by Customs contains prohibited documents in your name. Do not disconnect this video call or discuss the case with anyone. Your bank account will be frozen and an arrest team will arrive today.,1931,True,Bengaluru,India,True,8,1,Financial Demand
DA-S-0217,+917800000017,Your Aadhaar has been connected to a money laundering case. Transfer money to the verification account immediately and share the OTP. Transfer money to the verification account immediately and share the OTP.,852,True,Chennai,India,True,4,1,Financial Demand
DA-S-0235,+917800000035,A parcel held by Customs contains prohibited documents in your name. Transfer money to the verification account immediately and share the OTP. Transfer money to the verification account immediately and share the OTP.,1313,True,Mumbai,India,True,1,1,Financial Demand
DA-S-0213,+917800000013,This is an officer from Customs; your identity is under investigation. Do not disconnect this video call or discuss the case with anyone. Do not disconnect this video call or discuss the case with anyone.,1151,True,Central Delhi,India,True,14,1,Financial Demand
DA-N-0199,+916650118104,Please call me when you reach home safely. Your appointment is confirmed for next Monday.,163,False,Jaipur,India,False,0,0,Introduction
DA-S-0292,+917800000092,A parcel held by Customs contains prohibited documents in your name. Do not disconnect this video call or discuss the case with anyone. Transfer money to the verification account immediately and share the OTP.,2051,False,Pune,India,True,14,1,Financial Demand
DA-S-0095,+917800000095,Your Aadhaar has been connected to a money laundering case. Do not disconnect this video call or discuss the case with anyone. Do not disconnect this video call or discuss the case with anyone.,1825,True,Jaipur,India,True,18,1,Financial Demand
DA-N-0153,+919960379054,Please call me when you reach home safely. The bank branch is closed today due to a public holiday.,54,False,Lucknow,India,False,0,0,Introduction
DA-N-0030,+919101342515,Your appointment is confirmed for next Monday. Please call me when you reach home safely.,272,False,Pune,India,False,0,0,Introduction
DA-S-0263,+917800000063,Your Aadhaar has been connected to a money laundering case. Transfer money to the verification account immediately and share the OTP. Your bank account will be frozen and an arrest team will arrive today.,1998,True,Jaipur,India,True,1,1,Financial Demand
DA-S-0098,+917800000098,A parcel held by Customs contains prohibited documents in your name. Do not disconnect this video call or discuss the case with anyone. Your bank account will be frozen and an arrest team will arrive today.,1105,True,Mumbai,India,True,15,1,Financial Demand
DA-S-0293,+917800000093,A parcel held by Customs contains prohibited documents in your name. Your bank account will be frozen and an arrest team will arrive today. Transfer money to the verification account immediately and share the OTP.,1325,True,Lucknow,India,True,6,1,Financial Demand
DA-S-0142,+917800000042,A parcel held by Customs contains prohibited documents in your name. Transfer money to the verification account immediately and share the OTP. Transfer money to the verification account immediately and share the OTP.,1040,True,Pune,India,True,5,1,Financial Demand
DA-N-0155,+919910746129,Your appointment is confirmed for next Monday. Please call me when you reach home safely.,350,False,Central Delhi,India,False,0,0,Introduction
DA-S-0209,+917800000009,Your Aadhaar has been connected to a money laundering case. Your bank account will be frozen and an arrest team will arrive today. Your bank account will be frozen and an arrest team will arrive today.,1548,True,Jaipur,India,True,4,1,Financial Demand
DA-S-0308,+919378680434,A parcel held by Customs contains prohibited documents in your name. Transfer money to the verification account immediately and share the OTP. Transfer money to the verification account immediately and share the OTP.,271,True,Chennai,India,True,2,1,Financial Demand
DA-S-0353,+917128681535,Your Aadhaar has been connected to a money laundering case. Your bank account will be frozen and an arrest team will arrive today. Your bank account will be frozen and an arrest team will arrive today.,1239,False,Lucknow,India,False,4,1,Financial Demand
DA-S-0001,+917800000001,A parcel held by Customs contains prohibited documents in your name. Your bank account will be frozen and an arrest team will arrive today. Transfer money to the verification account immediately and share the OTP.,276,False,Central Delhi,India,True,16,1,Financial Demand
DA-S-0310,+918492205602,A parcel held by Customs contains prohibited documents in your name. Your bank account will be frozen and an arrest team will arrive today. Transfer money to the verification account immediately and share the OTP.,1604,False,Central Delhi,India,True,10,1,Financial Demand
DA-N-0008,+917525529100,Can we move tomorrow's project meeting to the afternoon? Your appointment is confirmed for next Monday.,215,False,Chennai,India,False,0,0,Introduction
DA-S-0330,+917193515683,Your Aadhaar has been connected to a money laundering case. Transfer money to the verification account immediately and share the OTP. Do not disconnect this video call or discuss the case with anyone.,1358,True,Lucknow,India,False,2,1,Financial Demand
DA-S-0367,+918429949682,A parcel held by Customs contains prohibited documents in your name. Do not disconnect this video call or discuss the case with anyone. Do not disconnect this video call or discuss the case with anyone.,1332,True,Bengaluru,India,True,6,1,Financial Demand
DA-N-0162,+916263424208,Please call me when you reach home safely. Your grocery delivery will arrive between four and five.,284,False,Chennai,India,False,0,0,Introduction
DA-N-0077,+916531490728,Can we move tomorrow's project meeting to the afternoon? Your appointment is confirmed for next Monday.,469,False,Jaipur,India,False,0,0,Introduction
DA-S-0471,+918386782288,A parcel held by Customs contains prohibited documents in your name. Do not disconnect this video call or discuss the case with anyone. Transfer money to the verification account immediately and share the OTP.,659,True,Kolkata,India,False,11,1,Financial Demand
DA-N-0175,+919602250448,The bank branch is closed today due to a public holiday. Your grocery delivery will arrive between four and five.,148,False,Chennai,India,False,0,0,Introduction
DA-N-0111,+917796064015,The bank branch is closed today due to a public holiday. Your grocery delivery will arrive between four and five.,439,False,Pune,India,False,0,0,Introduction
DA-S-0062,+917800000062,This is an officer from Police; your identity is under investigation. Do not disconnect this video call or discuss the case with anyone. Do not disconnect this video call or discuss the case with anyone.,211,True,Kolkata,India,True,5,1,Financial Demand
DA-S-0082,+917800000082,This is an officer from Customs; your identity is under investigation. Your bank account will be frozen and an arrest team will arrive today. Do not disconnect this video call or discuss the case with anyone.,1875,False,Jaipur,India,True,8,1,Financial Demand
DA-N-0127,+916823722129,Can we move tomorrow's project meeting to the afternoon? Please call me when you reach home safely.,80,False,Kolkata,India,False,0,0,Introduction
DA-S-0196,+917800000096,A parcel held by Customs contains prohibited documents in your name. Do not disconnect this video call or discuss the case with anyone. Transfer money to the verification account immediately and share the OTP.,466,True,Lucknow,India,False,11,1,Financial Demand
DA-S-0300,+918612704532,This is an officer from CBI; your identity is under investigation. Do not disconnect this video call or discuss the case with anyone. Your bank account will be frozen and an arrest team will arrive today.,1421,False,Kolkata,India,True,13,1,Financial Demand
DA-N-0193,+919105492529,Your grocery delivery will arrive between four and five. Your appointment is confirmed for next Monday.,219,False,Jaipur,India,False,0,0,Introduction
DA-N-0189,+918844008602,Your grocery delivery will arrive between four and five. Your appointment is confirmed for next Monday.,452,False,Pune,India,False,0,0,Introduction
DA-N-0108,+918677754681,Your appointment is confirmed for next Monday. The bank branch is closed today due to a public holiday.,92,False,Kolkata,India,False,0,0,Introduction
DA-N-0060,+916659005842,The bank branch is closed today due to a public holiday. Your appointment is confirmed for next Monday.,126,False,Bengaluru,India,False,0,0,Introduction
DA-S-0402,+916696190349,Your Aadhaar has been connected to a money laundering case. Do not disconnect this video call or discuss the case with anyone. Your bank account will be frozen and an arrest team will arrive today.,1183,True,Lucknow,India,False,1,1,Financial Demand
DA-S-0165,+917800000065,A parcel held by Customs contains prohibited documents in your name. Transfer money to the verification account immediately and share the OTP. Your bank account will be frozen and an arrest team will arrive today.,904,True,Central Delhi,India,True,10,1,Financial Demand
