caller_number,duration,keywords,transcript,video_call,spoof_detected,previous_reports,risk_label
+916958682846,601,,The bank branch is closed today due to a public holiday.,False,False,0,0
+916136505587,152,,Your appointment is confirmed for next Monday.,False,False,1,0
+918530876844,1169,cbi|aadhaar,I am calling from CBI and your Aadhaar has been linked to money laundering. Do not disconnect the call or tell anyone about this investigation. Transfer all funds immediately to the verification account.,False,True,1,1
+919279182318,1408,,A customs parcel in your name contains illegal items.,True,True,3,1
+919961228449,1580,digital arrest,Transfer all funds immediately to the verification account. A digital arrest warrant has been issued and police will arrive.,True,True,1,1
+916978815630,1215,digital arrest,A digital arrest warrant has been issued and police will arrive. Transfer all funds immediately to the verification account. A customs parcel in your name contains illegal items.,False,True,2,1
+917947382419,1524,,Please call me when you reach home safely.,False,False,1,0
+917629748727,1135,cbi|aadhaar|digital arrest,Transfer all funds immediately to the verification account. I am calling from CBI and your Aadhaar has been linked to money laundering. A digital arrest warrant has been issued and police will arrive.,False,True,0,1
+916983753977,161,,The bank branch is closed today due to a public holiday.,False,False,0,0
+918144181937,1650,,Do not disconnect the call or tell anyone about this investigation.,False,True,1,1
+917059257080,2329,,The bank branch is closed today due to a public holiday.,False,False,0,0
+916941975480,596,,Your appointment is confirmed for next Monday. Please call me when you reach home safely.,False,False,1,0
+917813163240,290,cbi|aadhaar,I am calling from CBI and your Aadhaar has been linked to money laundering.,True,False,3,1
+918921794983,499,,Your appointment is confirmed for next Monday. The bank branch is closed today due to a public holiday.,False,False,0,0
+917867302554,677,,The bank branch is closed today due to a public holiday. Your grocery delivery will arrive between four and five.,False,False,1,0
+919738848790,1252,,Your appointment is confirmed for next Monday. Can we move tomorrow's project meeting to the afternoon?,False,False,0,0
+919344175247,2202,,Do not disconnect the call or tell anyone about this investigation.,False,True,3,1
+919774081712,1289,,Your grocery delivery will arrive between four and five. Your appointment is confirmed for next Monday.,False,False,1,0
+918287955558,545,cbi|aadhaar|digital arrest,I am calling from CBI and your Aadhaar has been linked to money laundering. A digital arrest warrant has been issued and police will arrive. Transfer all funds immediately to the verification account.,True,False,2,1
+919989653086,2238,,Do not disconnect the call or tell anyone about this investigation. Transfer all funds immediately to the verification account. A customs parcel in your name contains illegal items.,False,False,1,1
+919863813067,2149,,Please call me when you reach home safely. The bank branch is closed today due to a public holiday.,False,False,1,0
+916945826486,59,,Transfer all funds immediately to the verification account.,True,True,9,1
+919692105921,1383,,Your grocery delivery will arrive between four and five.,False,False,0,0
+917043665192,1967,,A customs parcel in your name contains illegal items. Do not disconnect the call or tell anyone about this investigation. Transfer all funds immediately to the verification account.,False,True,10,1
+919131356954,251,,A customs parcel in your name contains illegal items.,False,True,7,1
+919127653547,1419,,Your grocery delivery will arrive between four and five.,False,False,1,0
+917196342297,1924,,Do not disconnect the call or tell anyone about this investigation.,True,True,3,1
+918800940984,2244,,Your appointment is confirmed for next Monday. Your grocery delivery will arrive between four and five.,False,False,0,0
+918085812759,2001,,Can we move tomorrow's project meeting to the afternoon?,False,False,1,0
+919367557574,1893,,Do not disconnect the call or tell anyone about this investigation.,True,True,7,1
+916935018220,269,,Can we move tomorrow's project meeting to the afternoon? Your appointment is confirmed for next Monday.,False,False,1,0
+918159725924,2205,,Your grocery delivery will arrive between four and five. Your appointment is confirmed for next Monday.,False,False,1,0
+918555656321,308,,Can we move tomorrow's project meeting to the afternoon?,False,False,0,0
+916352116052,1747,digital arrest,A digital arrest warrant has been issued and police will arrive.,False,True,10,1
+917025148381,1117,,The bank branch is closed today due to a public holiday. Can we move tomorrow's project meeting to the afternoon?,False,False,1,0
+916040009587,1907,,Please call me when you reach home safely. The bank branch is closed today due to a public holiday.,False,False,0,0
+918172758220,1116,,Your grocery delivery will arrive between four and five.,False,False,0,0
+918333103372,1269,,Do not disconnect the call or tell anyone about this investigation.,False,True,3,1
+918849232839,454,,Your appointment is confirmed for next Monday.,False,False,1,0
+918597724331,892,cbi|aadhaar,I am calling from CBI and your Aadhaar has been linked to money laundering.,False,True,0,1
+917819244083,1163,,Transfer all funds immediately to the verification account. A customs parcel in your name contains illegal items. Do not disconnect the call or tell anyone about this investigation.,True,True,0,1
+917836901321,2327,,Transfer all funds immediately to the verification account.,True,True,8,1
+916179653598,1292,cbi|aadhaar|digital arrest,Do not disconnect the call or tell anyone about this investigation. I am calling from CBI and your Aadhaar has been linked to money laundering. A digital arrest warrant has been issued and police will arrive.,True,True,3,1
+918929454134,1052,,The bank branch is closed today due to a public holiday.,False,False,0,0
+916106456634,764,cbi|aadhaar,A customs parcel in your name contains illegal items. Do not disconnect the call or tell anyone about this investigation. I am calling from CBI and your Aadhaar has been linked to money laundering.,False,False,0,1
+919745927824,188,,Do not disconnect the call or tell anyone about this investigation. Transfer all funds immediately to the verification account.,False,True,12,1
+918834820954,821,digital arrest,Transfer all funds immediately to the verification account. A digital arrest warrant has been issued and police will arrive.,True,True,0,1
+919623497101,2226,,Transfer all funds immediately to the verification account.,True,True,9,1
+919129077209,1314,,Do not disconnect the call or tell anyone about this investigation. Transfer all funds immediately to the verification account.,True,True,10,1
+917094024844,211,,Please call me when you reach home safely.,False,False,0,0
+918676432103,1315,digital arrest,Do not disconnect the call or tell anyone about this investigation. Transfer all funds immediately to the verification account. A digital arrest warrant has been issued and police will arrive.,False,False,11,1
+917269829408,2300,digital arrest,A digital arrest warrant has been issued and police will arrive. Transfer all funds immediately to the verification account.,True,True,1,1
+916902727745,1790,,Do not disconnect the call or tell anyone about this investigation. Transfer all funds immediately to the verification account.,False,True,1,1
+918901796894,905,,Please call me when you reach home safely. Your appointment is confirmed for next Monday.,False,False,1,0
+918213849513,1402,,Your grocery delivery will arrive between four and five.,False,False,1,0
+919464161270,845,,The bank branch is closed today due to a public holiday.,False,False,0,0
+919085272193,1602,cbi|aadhaar|digital arrest,A digital arrest warrant has been issued and police will arrive. I am calling from CBI and your Aadhaar has been linked to money laundering.,True,True,11,1
+916215686308,2313,cbi|aadhaar|digital arrest,I am calling from CBI and your Aadhaar has been linked to money laundering. A digital arrest warrant has been issued and police will arrive. Do not disconnect the call or tell anyone about this investigation.,True,True,12,1
+919243774098,1842,,Can we move tomorrow's project meeting to the afternoon? Please call me when you reach home safely.,False,False,1,0
+919193975799,1974,,Your appointment is confirmed for next Monday. Please call me when you reach home safely.,False,False,0,0
+917179387055,1831,,Your appointment is confirmed for next Monday. Please call me when you reach home safely.,False,False,0,0
+916993260504,1598,digital arrest,Transfer all funds immediately to the verification account. A digital arrest warrant has been issued and police will arrive.,False,True,0,1
+917421124738,2252,,Please call me when you reach home safely.,False,False,1,0
+917510792572,1253,cbi|aadhaar,A customs parcel in your name contains illegal items. I am calling from CBI and your Aadhaar has been linked to money laundering.,False,True,1,1
+916942408767,1147,,Your appointment is confirmed for next Monday. Can we move tomorrow's project meeting to the afternoon?,False,False,1,0
+918294043548,140,,A customs parcel in your name contains illegal items. Do not disconnect the call or tell anyone about this investigation.,False,False,0,1
+916582824840,1921,,Your grocery delivery will arrive between four and five.,False,False,1,0
+919573087602,1756,,Do not disconnect the call or tell anyone about this investigation. A customs parcel in your name contains illegal items.,True,True,7,1
+916294713656,194,digital arrest,A digital arrest warrant has been issued and police will arrive.,False,True,6,1
+917024542722,547,,Your grocery delivery will arrive between four and five.,False,False,0,0
+918608108101,499,,A customs parcel in your name contains illegal items.,False,True,1,1
+919070964768,842,cbi|aadhaar|digital arrest,I am calling from CBI and your Aadhaar has been linked to money laundering. A digital arrest warrant has been issued and police will arrive.,True,True,1,1
+919651981656,525,,Your grocery delivery will arrive between four and five.,False,False,1,0
+918841212515,1547,,The bank branch is closed today due to a public holiday.,False,False,1,0
+916453285987,1805,,Please call me when you reach home safely.,False,False,1,0
+919151626818,2167,,Can we move tomorrow's project meeting to the afternoon? Please call me when you reach home safely.,False,False,0,0
+917054393708,384,digital arrest,A customs parcel in your name contains illegal items. A digital arrest warrant has been issued and police will arrive. Do not disconnect the call or tell anyone about this investigation.,True,True,1,1
+916780996231,2027,digital arrest,A digital arrest warrant has been issued and police will arrive. A customs parcel in your name contains illegal items.,True,False,8,1
+918218897149,812,,The bank branch is closed today due to a public holiday. Your appointment is confirmed for next Monday.,False,False,0,0
+918774131811,2040,,Your appointment is confirmed for next Monday. Can we move tomorrow's project meeting to the afternoon?,False,False,1,0
+917584930775,1968,,Do not disconnect the call or tell anyone about this investigation. A customs parcel in your name contains illegal items.,True,True,1,1
+916990153355,524,digital arrest,A digital arrest warrant has been issued and police will arrive. Transfer all funds immediately to the verification account. Do not disconnect the call or tell anyone about this investigation.,False,True,1,1
+918532256470,2178,cbi|aadhaar|digital arrest,A digital arrest warrant has been issued and police will arrive. Do not disconnect the call or tell anyone about this investigation. I am calling from CBI and your Aadhaar has been linked to money laundering.,False,True,8,1
+917549972386,764,,The bank branch is closed today due to a public holiday.,False,False,0,0
+916234187462,2296,,The bank branch is closed today due to a public holiday.,False,False,0,0
+918016044512,1990,,Your grocery delivery will arrive between four and five. Your appointment is confirmed for next Monday.,False,False,1,0
+916280647907,1671,,Transfer all funds immediately to the verification account.,True,True,1,1
+919483828685,2335,,Can we move tomorrow's project meeting to the afternoon?,False,False,0,0
+919396205985,954,cbi|aadhaar,I am calling from CBI and your Aadhaar has been linked to money laundering.,False,True,7,1
+919178659381,436,,Transfer all funds immediately to the verification account. A customs parcel in your name contains illegal items.,False,True,10,1
+918370788647,337,,Transfer all funds immediately to the verification account.,True,True,0,1
+919019308557,1889,digital arrest,A digital arrest warrant has been issued and police will arrive. A customs parcel in your name contains illegal items. Do not disconnect the call or tell anyone about this investigation.,True,False,5,1
+916639904576,1118,digital arrest,A digital arrest warrant has been issued and police will arrive. Do not disconnect the call or tell anyone about this investigation.,False,True,9,1
+917886149718,539,,Transfer all funds immediately to the verification account.,True,False,10,1
+917855548990,1350,,Transfer all funds immediately to the verification account. A customs parcel in your name contains illegal items.,False,True,10,1
+918887427412,1133,digital arrest,A digital arrest warrant has been issued and police will arrive.,False,False,1,1
+919934502656,1169,,Please call me when you reach home safely.,False,False,1,0
+917753841726,1395,,Your grocery delivery will arrive between four and five. Please call me when you reach home safely.,False,False,1,0
+917719929315,2283,,Transfer all funds immediately to the verification account.,True,True,8,1
+919543035341,34,cbi|aadhaar,Transfer all funds immediately to the verification account. I am calling from CBI and your Aadhaar has been linked to money laundering.,False,False,1,1
+918674192109,2071,,Your grocery delivery will arrive between four and five. Can we move tomorrow's project meeting to the afternoon?,False,False,1,0
+919984324182,1209,,The bank branch is closed today due to a public holiday.,False,False,0,0
+919048494026,678,,Your grocery delivery will arrive between four and five.,False,False,0,0
+916504513251,660,cbi|aadhaar,I am calling from CBI and your Aadhaar has been linked to money laundering. Do not disconnect the call or tell anyone about this investigation.,True,True,0,1
+917046816259,1900,,Please call me when you reach home safely. Your appointment is confirmed for next Monday.,False,False,1,0
+919383220511,2109,cbi|aadhaar|digital arrest,A digital arrest warrant has been issued and police will arrive. Do not disconnect the call or tell anyone about this investigation. I am calling from CBI and your Aadhaar has been linked to money laundering.,True,True,7,1
+918370467256,2255,cbi|aadhaar,Transfer all funds immediately to the verification account. A customs parcel in your name contains illegal items. I am calling from CBI and your Aadhaar has been linked to money laundering.,True,True,8,1
+917003143045,1712,,Can we move tomorrow's project meeting to the afternoon?,False,False,1,0
+916158998032,547,,Please call me when you reach home safely. Can we move tomorrow's project meeting to the afternoon?,False,False,1,0
+918258942692,1901,,Please call me when you reach home safely.,True,False,0,0
+918975143612,1658,cbi|aadhaar|digital arrest,Do not disconnect the call or tell anyone about this investigation. I am calling from CBI and your Aadhaar has been linked to money laundering. A digital arrest warrant has been issued and police will arrive.,False,True,1,1
+918651968205,310,,The bank branch is closed today due to a public holiday. Please call me when you reach home safely.,False,False,0,0
+916422809996,441,,Can we move tomorrow's project meeting to the afternoon? Your grocery delivery will arrive between four and five.,False,False,1,0
+919419410162,259,,Your grocery delivery will arrive between four and five.,False,False,1,0
+916773338452,726,,Do not disconnect the call or tell anyone about this investigation.,True,False,10,1
+919920570781,616,,Your appointment is confirmed for next Monday. Can we move tomorrow's project meeting to the afternoon?,False,False,1,0
+919870665004,1208,,The bank branch is closed today due to a public holiday. Your grocery delivery will arrive between four and five.,False,False,1,0
+917962094851,1267,digital arrest,Transfer all funds immediately to the verification account. A digital arrest warrant has been issued and police will arrive.,True,False,1,1
+919003380792,1239,cbi|aadhaar,I am calling from CBI and your Aadhaar has been linked to money laundering. Do not disconnect the call or tell anyone about this investigation.,True,True,6,1
+919911070030,2064,,The bank branch is closed today due to a public holiday. Your grocery delivery will arrive between four and five.,False,False,0,0
+916940617318,808,,Your appointment is confirmed for next Monday.,False,False,1,0
+917326856608,1835,,Your grocery delivery will arrive between four and five.,True,False,0,0
+916754368373,852,cbi|aadhaar,I am calling from CBI and your Aadhaar has been linked to money laundering.,True,False,1,1
+917103678092,2003,,Your appointment is confirmed for next Monday. The bank branch is closed today due to a public holiday.,False,False,0,0
+916969007714,1657,cbi|aadhaar,I am calling from CBI and your Aadhaar has been linked to money laundering. A customs parcel in your name contains illegal items.,False,False,0,1
+917135840948,2227,,Your grocery delivery will arrive between four and five. Please call me when you reach home safely.,False,False,0,0
+918024977737,132,digital arrest,Transfer all funds immediately to the verification account. A customs parcel in your name contains illegal items. A digital arrest warrant has been issued and police will arrive.,False,True,0,1
+918729039064,1931,,Your appointment is confirmed for next Monday. Can we move tomorrow's project meeting to the afternoon?,False,False,0,0
+918115806625,505,cbi|aadhaar,I am calling from CBI and your Aadhaar has been linked to money laundering. Do not disconnect the call or tell anyone about this investigation.,True,True,1,1
+917593482331,2242,,Please call me when you reach home safely.,False,False,1,0
+919580684522,2034,,Please call me when you reach home safely.,False,False,0,0
+917904315855,1851,,Your grocery delivery will arrive between four and five. The bank branch is closed today due to a public holiday.,False,False,0,0
+916260060661,1660,,The bank branch is closed today due to a public holiday.,False,False,1,0
+916217233051,1396,,Your grocery delivery will arrive between four and five. Can we move tomorrow's project meeting to the afternoon?,False,False,0,0
+917000721711,1375,cbi|aadhaar,Do not disconnect the call or tell anyone about this investigation. I am calling from CBI and your Aadhaar has been linked to money laundering. Transfer all funds immediately to the verification account.,False,False,4,1
+916558311957,2242,,The bank branch is closed today due to a public holiday.,False,False,0,0
+916067779246,743,cbi|aadhaar|digital arrest,I am calling from CBI and your Aadhaar has been linked to money laundering. Do not disconnect the call or tell anyone about this investigation. A digital arrest warrant has been issued and police will arrive.,True,True,4,1
+917554945552,2132,cbi|aadhaar|digital arrest,A digital arrest warrant has been issued and police will arrive. I am calling from CBI and your Aadhaar has been linked to money laundering.,False,True,1,1
+917967277638,157,digital arrest,A digital arrest warrant has been issued and police will arrive.,True,True,11,1
+916346992476,1349,cbi|aadhaar,A customs parcel in your name contains illegal items. I am calling from CBI and your Aadhaar has been linked to money laundering.,False,True,8,1
+917948692883,2100,digital arrest,A digital arrest warrant has been issued and police will arrive. Transfer all funds immediately to the verification account.,False,True,10,1
+919553738511,1887,cbi|aadhaar,I am calling from CBI and your Aadhaar has been linked to money laundering. Do not disconnect the call or tell anyone about this investigation. A customs parcel in your name contains illegal items.,True,True,4,1
+917607610633,655,,Please call me when you reach home safely. The bank branch is closed today due to a public holiday.,False,False,1,0
+917600506062,562,cbi|aadhaar,I am calling from CBI and your Aadhaar has been linked to money laundering.,True,False,2,1
+919752115103,1762,,Your grocery delivery will arrive between four and five. Please call me when you reach home safely.,False,False,1,0
+916444961037,2397,,Your appointment is confirmed for next Monday. The bank branch is closed today due to a public holiday.,False,False,1,0
+919275366252,1171,cbi|aadhaar,Do not disconnect the call or tell anyone about this investigation. I am calling from CBI and your Aadhaar has been linked to money laundering.,False,True,9,1
+916124352982,768,,Your appointment is confirmed for next Monday.,False,False,1,0
+919736031885,616,,The bank branch is closed today due to a public holiday. Your grocery delivery will arrive between four and five.,False,False,0,0
+917803166816,1888,cbi|aadhaar,I am calling from CBI and your Aadhaar has been linked to money laundering.,True,True,9,1
+916350389989,1144,cbi|aadhaar,Transfer all funds immediately to the verification account. I am calling from CBI and your Aadhaar has been linked to money laundering. A customs parcel in your name contains illegal items.,True,True,10,1
+917846465000,484,digital arrest,A customs parcel in your name contains illegal items. A digital arrest warrant has been issued and police will arrive. Do not disconnect the call or tell anyone about this investigation.,True,True,9,1
+916947119487,1648,,Your appointment is confirmed for next Monday. The bank branch is closed today due to a public holiday.,False,False,0,0
+917243165953,1373,,Transfer all funds immediately to the verification account.,True,False,0,1
+918399699438,1480,digital arrest,Do not disconnect the call or tell anyone about this investigation. A digital arrest warrant has been issued and police will arrive.,True,True,12,1
+917974629461,348,,Please call me when you reach home safely.,False,False,0,0
+917739600515,115,,Please call me when you reach home safely. The bank branch is closed today due to a public holiday.,False,False,0,0
+918529182928,1670,cbi|aadhaar,A customs parcel in your name contains illegal items. Transfer all funds immediately to the verification account. I am calling from CBI and your Aadhaar has been linked to money laundering.,True,True,2,1
+918719679239,497,,Transfer all funds immediately to the verification account. Do not disconnect the call or tell anyone about this investigation.,True,True,3,1
+916745172634,656,,Transfer all funds immediately to the verification account. Do not disconnect the call or tell anyone about this investigation.,False,True,3,1
+919240320145,2339,,Please call me when you reach home safely.,False,False,1,0
+917899269162,1270,digital arrest,A digital arrest warrant has been issued and police will arrive. Transfer all funds immediately to the verification account. A customs parcel in your name contains illegal items.,False,True,8,1
+917983168873,1881,,Your appointment is confirmed for next Monday. Your grocery delivery will arrive between four and five.,True,False,1,0
+918380770668,198,cbi|aadhaar|digital arrest,I am calling from CBI and your Aadhaar has been linked to money laundering. A digital arrest warrant has been issued and police will arrive.,True,True,1,1
+918153356179,647,,The bank branch is closed today due to a public holiday.,False,False,1,0
+917887302225,2176,cbi|aadhaar,I am calling from CBI and your Aadhaar has been linked to money laundering. Do not disconnect the call or tell anyone about this investigation.,True,True,12,1
+916224908174,1400,,Transfer all funds immediately to the verification account. A customs parcel in your name contains illegal items.,True,True,6,1
+918502847163,609,,A customs parcel in your name contains illegal items. Transfer all funds immediately to the verification account. Do not disconnect the call or tell anyone about this investigation.,False,True,0,1
+917617825308,1375,,A customs parcel in your name contains illegal items. Do not disconnect the call or tell anyone about this investigation. Transfer all funds immediately to the verification account.,False,True,0,1
+916078299575,1515,,Please call me when you reach home safely.,False,False,1,0
+916590838716,664,,Please call me when you reach home safely. Can we move tomorrow's project meeting to the afternoon?,False,False,0,0
+918842964443,1409,,Your appointment is confirmed for next Monday.,False,False,0,0
+919570599829,708,,Can we move tomorrow's project meeting to the afternoon? Your appointment is confirmed for next Monday.,False,False,0,0
+917027220866,1297,,Do not disconnect the call or tell anyone about this investigation. A customs parcel in your name contains illegal items.,False,True,1,1
+917982900391,1184,,The bank branch is closed today due to a public holiday.,False,False,1,0
+916224110541,1998,digital arrest,Do not disconnect the call or tell anyone about this investigation. A digital arrest warrant has been issued and police will arrive.,False,False,0,1
+917224336336,373,,Your appointment is confirmed for next Monday.,False,False,0,0
+919799455941,1461,cbi|aadhaar,Do not disconnect the call or tell anyone about this investigation. A customs parcel in your name contains illegal items. I am calling from CBI and your Aadhaar has been linked to money laundering.,False,False,0,1
+916121064582,1335,digital arrest,A digital arrest warrant has been issued and police will arrive. Transfer all funds immediately to the verification account.,False,True,2,1
+917232137626,1965,,Can we move tomorrow's project meeting to the afternoon? Your appointment is confirmed for next Monday.,False,False,0,0
+916926230061,642,digital arrest,A customs parcel in your name contains illegal items. A digital arrest warrant has been issued and police will arrive. Transfer all funds immediately to the verification account.,True,True,2,1
+917293434554,529,,Your grocery delivery will arrive between four and five. The bank branch is closed today due to a public holiday.,False,False,0,0
+916070589284,2140,cbi|aadhaar|digital arrest,A customs parcel in your name contains illegal items. I am calling from CBI and your Aadhaar has been linked to money laundering. A digital arrest warrant has been issued and police will arrive.,False,True,1,1
+917033215551,2367,,Please call me when you reach home safely. Your grocery delivery will arrive between four and five.,False,False,1,0
+916290680473,2184,,Your appointment is confirmed for next Monday.,False,False,1,0
+916186978937,1614,,Please call me when you reach home safely.,False,False,1,0
+918822241896,454,,Transfer all funds immediately to the verification account.,False,True,1,1
+918345111169,1416,,Can we move tomorrow's project meeting to the afternoon? Your grocery delivery will arrive between four and five.,False,False,1,0
+919333712367,1904,digital arrest,A customs parcel in your name contains illegal items. A digital arrest warrant has been issued and police will arrive. Transfer all funds immediately to the verification account.,True,True,3,1
+919502142446,2254,cbi|aadhaar,I am calling from CBI and your Aadhaar has been linked to money laundering.,True,True,5,1
+917425605673,1149,digital arrest,Do not disconnect the call or tell anyone about this investigation. Transfer all funds immediately to the verification account. A digital arrest warrant has been issued and police will arrive.,True,False,0,1
+918136846691,1534,digital arrest,A customs parcel in your name contains illegal items. A digital arrest warrant has been issued and police will arrive.,False,True,3,1
+916775054695,2264,,A customs parcel in your name contains illegal items.,True,False,10,1
+918962517290,1848,digital arrest,Transfer all funds immediately to the verification account. A digital arrest warrant has been issued and police will arrive.,True,True,12,1
+918738095498,1693,digital arrest,A digital arrest warrant has been issued and police will arrive. A customs parcel in your name contains illegal items.,True,True,1,1
+919645006924,1824,,Your grocery delivery will arrive between four and five.,True,False,0,0
+918916549321,1872,digital arrest,Transfer all funds immediately to the verification account. A digital arrest warrant has been issued and police will arrive. Do not disconnect the call or tell anyone about this investigation.,False,True,0,1
+918789842140,1171,digital arrest,A digital arrest warrant has been issued and police will arrive.,True,True,6,1
+919328447109,1096,,Do not disconnect the call or tell anyone about this investigation. A customs parcel in your name contains illegal items. Transfer all funds immediately to the verification account.,False,True,9,1
+919859797024,1853,cbi|aadhaar,Transfer all funds immediately to the verification account. A customs parcel in your name contains illegal items. I am calling from CBI and your Aadhaar has been linked to money laundering.,False,True,2,1
+919828240439,1258,,The bank branch is closed today due to a public holiday. Your grocery delivery will arrive between four and five.,False,False,1,0
+916521247759,853,,The bank branch is closed today due to a public holiday.,False,False,0,0
+918369305560,561,cbi|aadhaar,I am calling from CBI and your Aadhaar has been linked to money laundering. Transfer all funds immediately to the verification account.,False,True,6,1
+916316756902,543,digital arrest,A customs parcel in your name contains illegal items. A digital arrest warrant has been issued and police will arrive.,False,False,7,1
+919770810142,2288,,Please call me when you reach home safely. The bank branch is closed today due to a public holiday.,False,False,0,0
+918225231724,656,,A customs parcel in your name contains illegal items.,True,False,1,1
+918727549434,2286,,Do not disconnect the call or tell anyone about this investigation. Transfer all funds immediately to the verification account. A customs parcel in your name contains illegal items.,True,True,0,1
+918541797909,661,,Your appointment is confirmed for next Monday.,False,False,0,0
+916348849508,216,,Your appointment is confirmed for next Monday. Your grocery delivery will arrive between four and five.,False,False,0,0
+918139057162,2264,,Can we move tomorrow's project meeting to the afternoon? Please call me when you reach home safely.,False,False,0,0
+917947957237,328,,Can we move tomorrow's project meeting to the afternoon? Please call me when you reach home safely.,False,False,1,0
+919700050210,1337,digital arrest,A customs parcel in your name contains illegal items. A digital arrest warrant has been issued and police will arrive.,False,True,10,1
+917370592316,1020,,Can we move tomorrow's project meeting to the afternoon? The bank branch is closed today due to a public holiday.,False,False,0,0
+919711555475,1742,,Do not disconnect the call or tell anyone about this investigation.,True,False,5,1
+916815331250,682,,The bank branch is closed today due to a public holiday.,False,False,1,0
+917033921654,911,,Transfer all funds immediately to the verification account. A customs parcel in your name contains illegal items.,False,True,7,1
+917850820685,578,digital arrest,A customs parcel in your name contains illegal items. A digital arrest warrant has been issued and police will arrive.,False,False,1,1
+916219720597,2365,,The bank branch is closed today due to a public holiday. Your grocery delivery will arrive between four and five.,False,False,1,0
+918676802207,516,cbi|aadhaar,I am calling from CBI and your Aadhaar has been linked to money laundering. A customs parcel in your name contains illegal items.,True,True,9,1
+917723944394,2078,digital arrest,Transfer all funds immediately to the verification account. A digital arrest warrant has been issued and police will arrive.,True,True,0,1
+916600354779,1373,digital arrest,Transfer all funds immediately to the verification account. A customs parcel in your name contains illegal items. A digital arrest warrant has been issued and police will arrive.,False,False,10,1
+918286382166,2036,digital arrest,A digital arrest warrant has been issued and police will arrive. Transfer all funds immediately to the verification account.,False,False,9,1
+918506981604,1290,,Transfer all funds immediately to the verification account.,False,False,2,1
+917140444523,2399,,Your appointment is confirmed for next Monday.,False,False,1,0
+919529008370,1022,,Can we move tomorrow's project meeting to the afternoon? Please call me when you reach home safely.,True,False,0,0
+917894246230,1314,,Can we move tomorrow's project meeting to the afternoon?,False,False,0,0
+919748723498,285,,A customs parcel in your name contains illegal items.,False,False,10,1
+918289763301,1432,digital arrest,Transfer all funds immediately to the verification account. A customs parcel in your name contains illegal items. A digital arrest warrant has been issued and police will arrive.,True,True,3,1
+917058791632,1172,,Your appointment is confirmed for next Monday. Please call me when you reach home safely.,False,False,0,0
+917498098234,2325,,Transfer all funds immediately to the verification account. Do not disconnect the call or tell anyone about this investigation.,False,True,1,1
+919847261858,1646,,The bank branch is closed today due to a public holiday. Your grocery delivery will arrive between four and five.,False,False,1,0
+917235362881,353,,The bank branch is closed today due to a public holiday.,False,False,0,0
+918413849014,1142,,A customs parcel in your name contains illegal items. Do not disconnect the call or tell anyone about this investigation.,True,True,9,1
+918876914972,2205,,Can we move tomorrow's project meeting to the afternoon?,False,False,0,0
+919310415016,593,,A customs parcel in your name contains illegal items.,True,True,8,1
+918050625761,846,,Please call me when you reach home safely.,False,False,1,0
+919105766766,182,cbi|aadhaar|digital arrest,I am calling from CBI and your Aadhaar has been linked to money laundering. A digital arrest warrant has been issued and police will arrive.,False,True,0,1
+916800202342,1215,cbi|aadhaar,I am calling from CBI and your Aadhaar has been linked to money laundering.,False,False,1,1
+918121337685,579,cbi|aadhaar|digital arrest,A digital arrest warrant has been issued and police will arrive. I am calling from CBI and your Aadhaar has been linked to money laundering. Do not disconnect the call or tell anyone about this investigation.,False,True,11,1
+917104944224,792,cbi|aadhaar,I am calling from CBI and your Aadhaar has been linked to money laundering.,True,True,12,1
+919551894263,1781,digital arrest,A digital arrest warrant has been issued and police will arrive. Do not disconnect the call or tell anyone about this investigation.,True,False,11,1
+917647439475,994,cbi|aadhaar|digital arrest,I am calling from CBI and your Aadhaar has been linked to money laundering. Do not disconnect the call or tell anyone about this investigation. A digital arrest warrant has been issued and police will arrive.,True,True,4,1
+916266821961,514,cbi|aadhaar,Transfer all funds immediately to the verification account. I am calling from CBI and your Aadhaar has been linked to money laundering.,True,False,6,1
+916948540266,927,digital arrest,A digital arrest warrant has been issued and police will arrive. Transfer all funds immediately to the verification account. A customs parcel in your name contains illegal items.,False,True,5,1
+919252795722,2231,digital arrest,A digital arrest warrant has been issued and police will arrive. Transfer all funds immediately to the verification account.,False,False,9,1
+918257033897,1859,,Your appointment is confirmed for next Monday.,False,False,0,0
+916643611097,703,cbi|aadhaar|digital arrest,I am calling from CBI and your Aadhaar has been linked to money laundering. A digital arrest warrant has been issued and police will arrive. Transfer all funds immediately to the verification account.,True,True,0,1
+916390591367,2120,,Can we move tomorrow's project meeting to the afternoon?,False,False,1,0
+917985899701,1292,digital arrest,A digital arrest warrant has been issued and police will arrive.,False,True,10,1
+919008130163,291,,Do not disconnect the call or tell anyone about this investigation.,True,True,1,1
+916581662546,1751,,A customs parcel in your name contains illegal items.,True,True,7,1
+918932304514,2238,,Please call me when you reach home safely. Your appointment is confirmed for next Monday.,False,False,0,0
+918271361431,551,,Can we move tomorrow's project meeting to the afternoon?,False,False,1,0
+918338374929,1767,cbi|aadhaar,I am calling from CBI and your Aadhaar has been linked to money laundering.,True,True,1,1
+916666241244,1159,,Please call me when you reach home safely.,False,False,1,0
+918641075042,94,,Your grocery delivery will arrive between four and five.,False,False,1,0
+916189995314,1677,cbi|aadhaar,I am calling from CBI and your Aadhaar has been linked to money laundering. A customs parcel in your name contains illegal items. Transfer all funds immediately to the verification account.,True,True,0,1
+917005716063,2389,,Can we move tomorrow's project meeting to the afternoon?,False,False,1,0
+918835590759,2165,,Can we move tomorrow's project meeting to the afternoon? The bank branch is closed today due to a public holiday.,False,False,0,0
+917834812535,2306,digital arrest,A digital arrest warrant has been issued and police will arrive.,True,True,0,1
+917753459822,641,,Your appointment is confirmed for next Monday. The bank branch is closed today due to a public holiday.,False,False,1,0
+917988677919,266,cbi|aadhaar,A customs parcel in your name contains illegal items. Do not disconnect the call or tell anyone about this investigation. I am calling from CBI and your Aadhaar has been linked to money laundering.,True,True,12,1
+917095197958,862,,Please call me when you reach home safely.,False,False,0,0
+917619924126,191,cbi|aadhaar,Transfer all funds immediately to the verification account. I am calling from CBI and your Aadhaar has been linked to money laundering.,False,True,4,1
+919904100195,92,digital arrest,A digital arrest warrant has been issued and police will arrive. Do not disconnect the call or tell anyone about this investigation. A customs parcel in your name contains illegal items.,True,True,6,1
+917027918636,2291,cbi|aadhaar|digital arrest,I am calling from CBI and your Aadhaar has been linked to money laundering. A customs parcel in your name contains illegal items. A digital arrest warrant has been issued and police will arrive.,True,True,0,1
+918135789708,1938,digital arrest,A digital arrest warrant has been issued and police will arrive. Transfer all funds immediately to the verification account.,True,True,6,1
+917343989841,1725,,The bank branch is closed today due to a public holiday. Can we move tomorrow's project meeting to the afternoon?,False,False,1,0
+918376455067,1740,,Your grocery delivery will arrive between four and five.,False,False,1,0
+918811519776,1412,,A customs parcel in your name contains illegal items.,True,True,4,1
+916726990714,603,,Please call me when you reach home safely. Can we move tomorrow's project meeting to the afternoon?,False,False,1,0
+917771211118,593,cbi|aadhaar|digital arrest,I am calling from CBI and your Aadhaar has been linked to money laundering. A digital arrest warrant has been issued and police will arrive. A customs parcel in your name contains illegal items.,False,False,0,1
+918739023440,2009,cbi|aadhaar,Do not disconnect the call or tell anyone about this investigation. I am calling from CBI and your Aadhaar has been linked to money laundering. A customs parcel in your name contains illegal items.,False,True,6,1
+917231317910,100,cbi|aadhaar|digital arrest,A digital arrest warrant has been issued and police will arrive. A customs parcel in your name contains illegal items. I am calling from CBI and your Aadhaar has been linked to money laundering.,True,True,12,1
+918252218154,639,,Can we move tomorrow's project meeting to the afternoon? Your grocery delivery will arrive between four and five.,False,False,0,0
+916339385087,1558,,The bank branch is closed today due to a public holiday. Your appointment is confirmed for next Monday.,False,False,1,0
+919686023201,159,,Do not disconnect the call or tell anyone about this investigation.,True,True,2,1
+919630663819,1807,cbi|aadhaar,A customs parcel in your name contains illegal items. I am calling from CBI and your Aadhaar has been linked to money laundering. Transfer all funds immediately to the verification account.,False,True,3,1
+919728533643,2351,digital arrest,A digital arrest warrant has been issued and police will arrive.,True,True,0,1
+919652558724,1318,,Transfer all funds immediately to the verification account.,True,True,0,1
+917032820212,2351,,A customs parcel in your name contains illegal items.,False,True,1,1
+918150888898,1446,digital arrest,Transfer all funds immediately to the verification account. A customs parcel in your name contains illegal items. A digital arrest warrant has been issued and police will arrive.,True,False,12,1
+917401777036,151,,Transfer all funds immediately to the verification account.,False,False,1,1
+918375278922,1567,,Please call me when you reach home safely. Can we move tomorrow's project meeting to the afternoon?,False,False,1,0
+919062777850,331,,Your grocery delivery will arrive between four and five. The bank branch is closed today due to a public holiday.,False,False,0,0
+917323998648,1851,digital arrest,Do not disconnect the call or tell anyone about this investigation. A customs parcel in your name contains illegal items. A digital arrest warrant has been issued and police will arrive.,True,True,2,1
+918200916676,1701,cbi|aadhaar,I am calling from CBI and your Aadhaar has been linked to money laundering.,True,True,8,1
+916363781647,2321,cbi|aadhaar,I am calling from CBI and your Aadhaar has been linked to money laundering. Transfer all funds immediately to the verification account. Do not disconnect the call or tell anyone about this investigation.,False,True,7,1
+916596313527,1131,,Please call me when you reach home safely.,False,False,0,0
+919361527572,345,,Do not disconnect the call or tell anyone about this investigation.,True,True,7,1
+916459442845,584,,Your appointment is confirmed for next Monday. Can we move tomorrow's project meeting to the afternoon?,False,False,1,0
+917890743044,1401,,Your appointment is confirmed for next Monday. Please call me when you reach home safely.,False,False,1,0
+918590772665,852,,The bank branch is closed today due to a public holiday.,False,False,1,0
+919358554365,1022,digital arrest,Transfer all funds immediately to the verification account. A digital arrest warrant has been issued and police will arrive.,True,False,1,1
+918343459102,766,cbi|aadhaar,Transfer all funds immediately to the verification account. I am calling from CBI and your Aadhaar has been linked to money laundering.,False,True,0,1
+919570328188,313,,Can we move tomorrow's project meeting to the afternoon? Please call me when you reach home safely.,False,False,1,0
+917039472999,1064,,Please call me when you reach home safely. Can we move tomorrow's project meeting to the afternoon?,False,False,1,0
+918500719008,1671,,Your grocery delivery will arrive between four and five. Please call me when you reach home safely.,False,False,1,0
+919013496306,2229,,Your appointment is confirmed for next Monday. Your grocery delivery will arrive between four and five.,False,False,1,0
+916714418371,211,,Can we move tomorrow's project meeting to the afternoon?,False,False,1,0
+916045302356,433,,The bank branch is closed today due to a public holiday. Please call me when you reach home safely.,False,False,0,0
+918527974623,2079,digital arrest,A digital arrest warrant has been issued and police will arrive. Do not disconnect the call or tell anyone about this investigation. A customs parcel in your name contains illegal items.,True,False,8,1
+919953721569,381,,Your grocery delivery will arrive between four and five. The bank branch is closed today due to a public holiday.,False,False,1,0
+917473460179,1895,,The bank branch is closed today due to a public holiday.,False,False,1,0
+919100940360,1883,,Please call me when you reach home safely. Your grocery delivery will arrive between four and five.,False,False,1,0
+919180378138,1029,cbi|aadhaar|digital arrest,I am calling from CBI and your Aadhaar has been linked to money laundering. A digital arrest warrant has been issued and police will arrive. Do not disconnect the call or tell anyone about this investigation.,True,False,0,1
+916995811976,1689,,Your appointment is confirmed for next Monday. Please call me when you reach home safely.,False,False,1,0
+917844915411,1622,cbi|aadhaar|digital arrest,A customs parcel in your name contains illegal items. A digital arrest warrant has been issued and police will arrive. I am calling from CBI and your Aadhaar has been linked to money laundering.,True,True,0,1
+916846427583,1904,cbi|aadhaar|digital arrest,I am calling from CBI and your Aadhaar has been linked to money laundering. A digital arrest warrant has been issued and police will arrive.,True,True,0,1
+918625549685,1637,,Your appointment is confirmed for next Monday. The bank branch is closed today due to a public holiday.,False,False,1,0
+918534753843,377,digital arrest,A digital arrest warrant has been issued and police will arrive. Do not disconnect the call or tell anyone about this investigation.,False,False,1,1
+918193976097,1621,,Transfer all funds immediately to the verification account.,True,False,6,1
+918771370988,739,,A customs parcel in your name contains illegal items. Do not disconnect the call or tell anyone about this investigation.,True,False,9,1
+919717389692,1500,,Do not disconnect the call or tell anyone about this investigation.,False,True,8,1
+918111946589,1732,,A customs parcel in your name contains illegal items.,False,True,1,1
+917180484299,950,cbi|aadhaar,I am calling from CBI and your Aadhaar has been linked to money laundering.,True,True,4,1
+917150574089,2254,digital arrest,A digital arrest warrant has been issued and police will arrive. A customs parcel in your name contains illegal items.,False,True,2,1
+919565126577,1043,,A customs parcel in your name contains illegal items.,True,True,7,1
+917885790857,510,,The bank branch is closed today due to a public holiday. Your appointment is confirmed for next Monday.,False,False,0,0
+916598009614,876,digital arrest,A digital arrest warrant has been issued and police will arrive. Transfer all funds immediately to the verification account. A customs parcel in your name contains illegal items.,False,True,1,1
+917390081665,1228,,Your appointment is confirmed for next Monday. The bank branch is closed today due to a public holiday.,False,False,0,0
+916544980513,573,cbi|aadhaar,I am calling from CBI and your Aadhaar has been linked to money laundering. Do not disconnect the call or tell anyone about this investigation. A customs parcel in your name contains illegal items.,True,False,1,1
+916610622521,2395,,Please call me when you reach home safely.,False,False,1,0
+917730230896,2141,,Please call me when you reach home safely. Your grocery delivery will arrive between four and five.,False,False,0,0
+918499480048,40,,Please call me when you reach home safely. Your appointment is confirmed for next Monday.,False,False,1,0
+919651178503,289,,Please call me when you reach home safely.,False,False,1,0
+918482206102,564,,Do not disconnect the call or tell anyone about this investigation. A customs parcel in your name contains illegal items.,True,True,5,1
+919991883779,677,cbi|aadhaar|digital arrest,I am calling from CBI and your Aadhaar has been linked to money laundering. A digital arrest warrant has been issued and police will arrive.,True,True,8,1
+919764947017,1152,digital arrest,Do not disconnect the call or tell anyone about this investigation. A digital arrest warrant has been issued and police will arrive.,True,True,1,1
+918686949912,1281,,Transfer all funds immediately to the verification account.,False,True,0,1
+916916636971,1983,,Your grocery delivery will arrive between four and five. Your appointment is confirmed for next Monday.,False,False,0,0
+919509456565,523,,Your grocery delivery will arrive between four and five. Your appointment is confirmed for next Monday.,False,False,1,0
+919461558269,449,,A customs parcel in your name contains illegal items.,True,True,7,1
+918908281627,615,,Do not disconnect the call or tell anyone about this investigation. A customs parcel in your name contains illegal items.,True,True,0,1
+919102821948,902,,Please call me when you reach home safely.,False,False,1,0
+916601351841,534,digital arrest,A digital arrest warrant has been issued and police will arrive. A customs parcel in your name contains illegal items.,False,False,0,1
+918376820435,1197,,Transfer all funds immediately to the verification account. Do not disconnect the call or tell anyone about this investigation.,False,True,11,1
+917269343434,253,,Can we move tomorrow's project meeting to the afternoon? Your appointment is confirmed for next Monday.,False,False,1,0
+916484230338,1017,,Please call me when you reach home safely.,False,False,1,0
+916566862173,1614,,The bank branch is closed today due to a public holiday.,False,False,1,0
+919308701294,328,,Your appointment is confirmed for next Monday. Can we move tomorrow's project meeting to the afternoon?,True,False,1,0
+918699690577,2082,cbi|aadhaar,Do not disconnect the call or tell anyone about this investigation. I am calling from CBI and your Aadhaar has been linked to money laundering.,False,True,1,1
+919955342162,862,cbi|aadhaar,I am calling from CBI and your Aadhaar has been linked to money laundering. Do not disconnect the call or tell anyone about this investigation.,False,True,5,1
+919635552887,1007,cbi|aadhaar,A customs parcel in your name contains illegal items. I am calling from CBI and your Aadhaar has been linked to money laundering.,True,False,7,1
+919185549370,749,cbi|aadhaar,I am calling from CBI and your Aadhaar has been linked to money laundering. A customs parcel in your name contains illegal items.,True,True,0,1
+917489087190,2172,,Can we move tomorrow's project meeting to the afternoon?,False,False,1,0
+919220265024,1130,,Can we move tomorrow's project meeting to the afternoon? The bank branch is closed today due to a public holiday.,False,False,0,0
+917129360134,2391,,Transfer all funds immediately to the verification account.,False,True,1,1
+917095715220,451,cbi|aadhaar,Transfer all funds immediately to the verification account. I am calling from CBI and your Aadhaar has been linked to money laundering. Do not disconnect the call or tell anyone about this investigation.,False,True,0,1
+916189141363,80,,Can we move tomorrow's project meeting to the afternoon?,False,False,0,0
+919925375344,1747,digital arrest,Do not disconnect the call or tell anyone about this investigation. A digital arrest warrant has been issued and police will arrive.,True,True,0,1
+919873807154,245,cbi|aadhaar|digital arrest,Transfer all funds immediately to the verification account. A digital arrest warrant has been issued and police will arrive. I am calling from CBI and your Aadhaar has been linked to money laundering.,True,True,2,1
+919766648694,1935,,Please call me when you reach home safely.,False,False,0,0
+916034227351,1541,,The bank branch is closed today due to a public holiday. Your grocery delivery will arrive between four and five.,False,False,1,0
+917581723170,2050,,Your appointment is confirmed for next Monday. Can we move tomorrow's project meeting to the afternoon?,False,False,1,0
+917761091683,127,,Can we move tomorrow's project meeting to the afternoon?,False,False,0,0
+919123364825,1289,cbi|aadhaar|digital arrest,I am calling from CBI and your Aadhaar has been linked to money laundering. Transfer all funds immediately to the verification account. A digital arrest warrant has been issued and police will arrive.,True,False,1,1
+916257247382,613,,Please call me when you reach home safely.,False,False,1,0
+919212203479,377,digital arrest,A digital arrest warrant has been issued and police will arrive.,False,True,6,1
+916561387824,999,cbi|aadhaar,A customs parcel in your name contains illegal items. I am calling from CBI and your Aadhaar has been linked to money laundering. Transfer all funds immediately to the verification account.,True,True,7,1
+917168041588,986,,The bank branch is closed today due to a public holiday. Your appointment is confirmed for next Monday.,False,False,1,0
+916518560332,2225,cbi|aadhaar|digital arrest,I am calling from CBI and your Aadhaar has been linked to money laundering. Do not disconnect the call or tell anyone about this investigation. A digital arrest warrant has been issued and police will arrive.,True,True,8,1
+919661383114,521,,The bank branch is closed today due to a public holiday. Please call me when you reach home safely.,False,False,1,0
+919590269471,1372,,Your appointment is confirmed for next Monday. Your grocery delivery will arrive between four and five.,False,False,0,0
+917117407868,742,,Please call me when you reach home safely. Your grocery delivery will arrive between four and five.,True,False,1,0
+916600406558,527,digital arrest,A digital arrest warrant has been issued and police will arrive. Do not disconnect the call or tell anyone about this investigation.,True,False,2,1
+919537650376,1670,,Can we move tomorrow's project meeting to the afternoon?,False,False,0,0
+919940325728,337,,Your appointment is confirmed for next Monday.,True,False,1,0
+917979958124,237,cbi|aadhaar,A customs parcel in your name contains illegal items. Do not disconnect the call or tell anyone about this investigation. I am calling from CBI and your Aadhaar has been linked to money laundering.,True,True,1,1
+918934377138,1777,,Please call me when you reach home safely. Your grocery delivery will arrive between four and five.,False,False,1,0
+918659343022,1036,,Transfer all funds immediately to the verification account.,False,True,3,1
+918760171573,2183,cbi|aadhaar|digital arrest,A customs parcel in your name contains illegal items. I am calling from CBI and your Aadhaar has been linked to money laundering. A digital arrest warrant has been issued and police will arrive.,True,True,3,1
+918060228976,2260,,Please call me when you reach home safely.,False,False,1,0
+916940684569,150,digital arrest,A digital arrest warrant has been issued and police will arrive. Transfer all funds immediately to the verification account. Do not disconnect the call or tell anyone about this investigation.,False,True,1,1
+919293562040,983,,Please call me when you reach home safely.,False,False,1,0
+916942365574,2388,,Do not disconnect the call or tell anyone about this investigation. Transfer all funds immediately to the verification account. A customs parcel in your name contains illegal items.,False,False,0,1
+918544851934,1332,,Can we move tomorrow's project meeting to the afternoon? Your appointment is confirmed for next Monday.,False,False,0,0
+918418534256,801,,The bank branch is closed today due to a public holiday.,False,False,0,0
+918106408413,185,,Your appointment is confirmed for next Monday. The bank branch is closed today due to a public holiday.,False,False,0,0
+918637688758,855,cbi|aadhaar,I am calling from CBI and your Aadhaar has been linked to money laundering.,False,True,1,1
+919939447721,610,,Transfer all funds immediately to the verification account.,False,True,3,1
+918516922421,443,,Your grocery delivery will arrive between four and five. The bank branch is closed today due to a public holiday.,False,False,1,0
+916748194762,2331,,A customs parcel in your name contains illegal items.,False,True,1,1
+917317795722,1236,,Can we move tomorrow's project meeting to the afternoon? Your appointment is confirmed for next Monday.,False,False,1,0
+918587239638,1333,,Your appointment is confirmed for next Monday. Your grocery delivery will arrive between four and five.,False,False,0,0
+918131098613,606,,Your appointment is confirmed for next Monday.,False,False,0,0
+918877733629,1405,,Transfer all funds immediately to the verification account. Do not disconnect the call or tell anyone about this investigation.,True,False,0,1
+916206791755,1610,cbi|aadhaar,I am calling from CBI and your Aadhaar has been linked to money laundering.,True,False,2,1
+917612105539,445,,A customs parcel in your name contains illegal items.,False,True,7,1
+916316579418,166,,Can we move tomorrow's project meeting to the afternoon?,False,False,1,0
+916322132937,2270,cbi|aadhaar,I am calling from CBI and your Aadhaar has been linked to money laundering.,False,True,7,1
+917852519609,705,,Your appointment is confirmed for next Monday. Please call me when you reach home safely.,False,False,0,0
+918379894770,2242,cbi|aadhaar,I am calling from CBI and your Aadhaar has been linked to money laundering.,True,True,4,1
+918108606793,659,cbi|aadhaar,I am calling from CBI and your Aadhaar has been linked to money laundering.,True,True,10,1
+916110533960,877,,Transfer all funds immediately to the verification account.,True,True,1,1
+918022691021,2033,,A customs parcel in your name contains illegal items.,False,False,1,1
+917914590233,212,cbi|aadhaar|digital arrest,A digital arrest warrant has been issued and police will arrive. A customs parcel in your name contains illegal items. I am calling from CBI and your Aadhaar has been linked to money laundering.,True,True,7,1
+918866755218,426,,Transfer all funds immediately to the verification account.,True,False,3,1
+917798011065,2223,,A customs parcel in your name contains illegal items. Do not disconnect the call or tell anyone about this investigation. Transfer all funds immediately to the verification account.,False,False,7,1
+916339109365,1647,,Please call me when you reach home safely.,False,False,1,0
+916742509523,714,,Your grocery delivery will arrive between four and five.,False,False,1,0
+916336590217,1813,,Your grocery delivery will arrive between four and five.,False,False,1,0
+917373313591,304,,Your appointment is confirmed for next Monday.,False,False,1,0
+919378209272,2170,,The bank branch is closed today due to a public holiday. Please call me when you reach home safely.,False,False,0,0
+916430372878,462,,Do not disconnect the call or tell anyone about this investigation.,True,False,10,1
+918085570788,2373,digital arrest,A digital arrest warrant has been issued and police will arrive. Transfer all funds immediately to the verification account.,False,True,1,1
+919820692142,1387,,A customs parcel in your name contains illegal items. Do not disconnect the call or tell anyone about this investigation.,False,True,1,1
+919619998445,2043,digital arrest,Transfer all funds immediately to the verification account. A digital arrest warrant has been issued and police will arrive.,False,True,5,1
+919194268714,1844,,Can we move tomorrow's project meeting to the afternoon?,False,False,1,0
+919261998854,2145,cbi|aadhaar|digital arrest,A customs parcel in your name contains illegal items. I am calling from CBI and your Aadhaar has been linked to money laundering. A digital arrest warrant has been issued and police will arrive.,False,False,7,1
+919047577372,2105,,Your grocery delivery will arrive between four and five.,False,False,1,0
+919758871860,852,,Can we move tomorrow's project meeting to the afternoon?,False,False,0,0
+917993803105,2098,cbi|aadhaar,I am calling from CBI and your Aadhaar has been linked to money laundering. Transfer all funds immediately to the verification account.,True,True,1,1
+918099323053,1857,,Can we move tomorrow's project meeting to the afternoon?,False,False,1,0
+919216763571,400,,The bank branch is closed today due to a public holiday. Can we move tomorrow's project meeting to the afternoon?,False,False,1,0
+918780475472,952,digital arrest,A digital arrest warrant has been issued and police will arrive.,False,False,0,1
+916568284681,739,cbi|aadhaar|digital arrest,A digital arrest warrant has been issued and police will arrive. I am calling from CBI and your Aadhaar has been linked to money laundering.,False,True,0,1
+917616949739,1458,digital arrest,A digital arrest warrant has been issued and police will arrive. Transfer all funds immediately to the verification account.,True,True,1,1
+918844794993,1562,digital arrest,A digital arrest warrant has been issued and police will arrive. A customs parcel in your name contains illegal items.,True,True,1,1
+916274178050,1407,,The bank branch is closed today due to a public holiday. Your grocery delivery will arrive between four and five.,False,False,1,0
+916643941414,2148,,The bank branch is closed today due to a public holiday. Your appointment is confirmed for next Monday.,False,False,0,0
+918814924004,2067,,The bank branch is closed today due to a public holiday. Can we move tomorrow's project meeting to the afternoon?,False,False,0,0
+919063897771,940,digital arrest,A customs parcel in your name contains illegal items. A digital arrest warrant has been issued and police will arrive.,False,True,0,1
+919610515710,2316,,The bank branch is closed today due to a public holiday. Your appointment is confirmed for next Monday.,False,False,0,0
+919863714615,1404,,Transfer all funds immediately to the verification account.,False,False,0,1
+918515006996,1234,,Transfer all funds immediately to the verification account.,True,True,6,1
+919820055862,826,digital arrest,A digital arrest warrant has been issued and police will arrive.,True,True,10,1
+916232194392,647,,Your appointment is confirmed for next Monday. The bank branch is closed today due to a public holiday.,False,False,1,0
+916347082594,2027,digital arrest,A digital arrest warrant has been issued and police will arrive. A customs parcel in your name contains illegal items.,True,True,12,1
+917174793230,887,,Your grocery delivery will arrive between four and five. Your appointment is confirmed for next Monday.,False,False,1,0
+917862776335,1788,,A customs parcel in your name contains illegal items.,True,True,0,1
+919138156825,1558,,Your grocery delivery will arrive between four and five. Your appointment is confirmed for next Monday.,False,False,0,0
+918691599845,1049,,Your grocery delivery will arrive between four and five.,False,False,0,0
+918161813706,1283,,Can we move tomorrow's project meeting to the afternoon? Your grocery delivery will arrive between four and five.,False,False,1,0
+917862577974,578,,The bank branch is closed today due to a public holiday. Please call me when you reach home safely.,False,False,1,0
+916082140117,965,,Can we move tomorrow's project meeting to the afternoon? Your appointment is confirmed for next Monday.,False,False,1,0
+916528976690,1531,,Your grocery delivery will arrive between four and five.,False,False,0,0
+918843139149,472,,The bank branch is closed today due to a public holiday. Your grocery delivery will arrive between four and five.,False,False,0,0
+919014501050,657,cbi|aadhaar,I am calling from CBI and your Aadhaar has been linked to money laundering. A customs parcel in your name contains illegal items. Do not disconnect the call or tell anyone about this investigation.,True,True,9,1
+918841827734,443,,The bank branch is closed today due to a public holiday.,False,False,1,0
+916489680170,465,cbi|aadhaar,Do not disconnect the call or tell anyone about this investigation. A customs parcel in your name contains illegal items. I am calling from CBI and your Aadhaar has been linked to money laundering.,True,True,10,1
+919021237834,1708,,Your appointment is confirmed for next Monday. Can we move tomorrow's project meeting to the afternoon?,False,False,1,0
+916382264279,482,,Do not disconnect the call or tell anyone about this investigation. A customs parcel in your name contains illegal items.,False,True,1,1
+919107682060,444,,Your grocery delivery will arrive between four and five.,False,False,0,0
+916215092803,438,,The bank branch is closed today due to a public holiday. Your appointment is confirmed for next Monday.,False,False,1,0
+919172006012,504,,The bank branch is closed today due to a public holiday. Your appointment is confirmed for next Monday.,False,False,1,0
+918849088142,728,,Your grocery delivery will arrive between four and five.,False,False,0,0
+916785418196,496,,Your grocery delivery will arrive between four and five. The bank branch is closed today due to a public holiday.,False,False,1,0
+918786774414,713,,Please call me when you reach home safely. Your appointment is confirmed for next Monday.,False,False,1,0
+917786825410,2007,,Can we move tomorrow's project meeting to the afternoon?,False,False,0,0
+919346485166,1498,,Your appointment is confirmed for next Monday.,False,False,1,0
+916485062769,1714,,Please call me when you reach home safely.,False,False,1,0
+918876959590,1415,cbi|aadhaar|digital arrest,Transfer all funds immediately to the verification account. I am calling from CBI and your Aadhaar has been linked to money laundering. A digital arrest warrant has been issued and police will arrive.,True,False,0,1
+918069872193,1446,,Please call me when you reach home safely.,False,False,0,0
+916050014313,672,,Your appointment is confirmed for next Monday.,False,False,0,0
+917194675791,236,cbi|aadhaar,Do not disconnect the call or tell anyone about this investigation. I am calling from CBI and your Aadhaar has been linked to money laundering.,True,True,1,1
+917971796256,1849,,Please call me when you reach home safely. Can we move tomorrow's project meeting to the afternoon?,False,False,0,0
+916076317824,450,,A customs parcel in your name contains illegal items. Transfer all funds immediately to the verification account.,True,False,8,1
+918415200001,877,cbi|aadhaar|digital arrest,I am calling from CBI and your Aadhaar has been linked to money laundering. A digital arrest warrant has been issued and police will arrive. Transfer all funds immediately to the verification account.,False,False,1,1
+919296028351,1967,cbi|aadhaar,Transfer all funds immediately to the verification account. I am calling from CBI and your Aadhaar has been linked to money laundering.,False,True,1,1
+917525310290,1225,cbi|aadhaar|digital arrest,I am calling from CBI and your Aadhaar has been linked to money laundering. A digital arrest warrant has been issued and police will arrive.,True,True,0,1
+919078873557,1706,cbi|aadhaar,I am calling from CBI and your Aadhaar has been linked to money laundering.,True,True,1,1
+916925949882,1902,,Your grocery delivery will arrive between four and five.,False,False,1,0
+918528924461,534,cbi|aadhaar,I am calling from CBI and your Aadhaar has been linked to money laundering. A customs parcel in your name contains illegal items.,False,False,11,1
+917858906417,2008,digital arrest,A digital arrest warrant has been issued and police will arrive. Do not disconnect the call or tell anyone about this investigation. A customs parcel in your name contains illegal items.,False,True,12,1
+919137450661,555,,Your appointment is confirmed for next Monday.,False,False,0,0
+918615607979,1046,,Your appointment is confirmed for next Monday. Please call me when you reach home safely.,False,False,1,0
+917772728313,2128,,Please call me when you reach home safely. Can we move tomorrow's project meeting to the afternoon?,False,False,0,0
+916900709165,1220,,Your appointment is confirmed for next Monday. Can we move tomorrow's project meeting to the afternoon?,False,False,0,0
+919050941750,502,,Can we move tomorrow's project meeting to the afternoon?,False,False,1,0
+919471642620,82,,Your appointment is confirmed for next Monday. The bank branch is closed today due to a public holiday.,False,False,1,0
+919373835078,689,cbi|aadhaar,I am calling from CBI and your Aadhaar has been linked to money laundering.,False,True,0,1
+916876177193,2246,,Your grocery delivery will arrive between four and five.,True,False,1,0
+919188638426,2328,,Your appointment is confirmed for next Monday.,False,False,0,0
+918371357111,250,cbi|aadhaar,Transfer all funds immediately to the verification account. I am calling from CBI and your Aadhaar has been linked to money laundering. Do not disconnect the call or tell anyone about this investigation.,True,True,11,1
+918347694143,834,,A customs parcel in your name contains illegal items. Do not disconnect the call or tell anyone about this investigation. Transfer all funds immediately to the verification account.,False,False,1,1
+916803058282,741,,Please call me when you reach home safely. Can we move tomorrow's project meeting to the afternoon?,False,False,0,0
+918508201018,1074,,A customs parcel in your name contains illegal items.,True,True,5,1
+919322848469,1263,cbi|aadhaar,I am calling from CBI and your Aadhaar has been linked to money laundering.,True,True,6,1
+916789711774,2162,,Your grocery delivery will arrive between four and five. The bank branch is closed today due to a public holiday.,False,False,0,0
+918848999900,1389,digital arrest,A digital arrest warrant has been issued and police will arrive. A customs parcel in your name contains illegal items.,True,False,4,1
+917486090002,1855,digital arrest,A digital arrest warrant has been issued and police will arrive. A customs parcel in your name contains illegal items. Transfer all funds immediately to the verification account.,True,True,0,1
+917637982876,494,,Your grocery delivery will arrive between four and five.,False,False,1,0
+918090810307,209,,Your grocery delivery will arrive between four and five. The bank branch is closed today due to a public holiday.,False,False,1,0
+916718955214,2233,,Your appointment is confirmed for next Monday. Your grocery delivery will arrive between four and five.,False,False,0,0
+919589154183,455,,Can we move tomorrow's project meeting to the afternoon?,False,False,1,0
+917972357370,1388,,Your grocery delivery will arrive between four and five. Can we move tomorrow's project meeting to the afternoon?,True,False,0,0
+919912657541,1089,,Transfer all funds immediately to the verification account.,True,False,10,1
+916025335682,289,,A customs parcel in your name contains illegal items. Transfer all funds immediately to the verification account.,False,True,11,1
+917244838690,1264,,The bank branch is closed today due to a public holiday.,False,False,0,0
+918291226621,930,digital arrest,A customs parcel in your name contains illegal items. A digital arrest warrant has been issued and police will arrive.,True,True,0,1
+916047889782,2297,,Transfer all funds immediately to the verification account. Do not disconnect the call or tell anyone about this investigation. A customs parcel in your name contains illegal items.,False,False,1,1
+916365617071,1278,cbi|aadhaar,I am calling from CBI and your Aadhaar has been linked to money laundering.,True,True,7,1
+916691293717,783,,Can we move tomorrow's project meeting to the afternoon? Please call me when you reach home safely.,False,False,0,0
+918881828165,2353,,Your grocery delivery will arrive between four and five.,False,False,0,0
+918884866198,305,,Your appointment is confirmed for next Monday. Your grocery delivery will arrive between four and five.,False,False,1,0
+917224654701,315,,A customs parcel in your name contains illegal items. Transfer all funds immediately to the verification account. Do not disconnect the call or tell anyone about this investigation.,False,True,11,1
+917565487367,1325,digital arrest,Transfer all funds immediately to the verification account. A digital arrest warrant has been issued and police will arrive.,False,True,0,1
+917543980627,580,digital arrest,Do not disconnect the call or tell anyone about this investigation. A digital arrest warrant has been issued and police will arrive.,False,True,1,1
+916467432617,749,digital arrest,A customs parcel in your name contains illegal items. A digital arrest warrant has been issued and police will arrive.,False,True,5,1
+916323840346,106,digital arrest,Do not disconnect the call or tell anyone about this investigation. A digital arrest warrant has been issued and police will arrive.,False,True,11,1
+918369078206,1097,,Your appointment is confirmed for next Monday. Can we move tomorrow's project meeting to the afternoon?,False,False,0,0
+916959094724,1221,,Can we move tomorrow's project meeting to the afternoon? The bank branch is closed today due to a public holiday.,False,False,1,0
+919642054244,709,,A customs parcel in your name contains illegal items.,False,True,1,1
+916627920145,2010,,Do not disconnect the call or tell anyone about this investigation.,False,True,10,1
+916888087890,2151,cbi|aadhaar,Do not disconnect the call or tell anyone about this investigation. I am calling from CBI and your Aadhaar has been linked to money laundering.,False,True,4,1
+919022524173,2165,cbi|aadhaar,A customs parcel in your name contains illegal items. I am calling from CBI and your Aadhaar has been linked to money laundering.,False,True,11,1
+919857853947,348,,Transfer all funds immediately to the verification account. Do not disconnect the call or tell anyone about this investigation. A customs parcel in your name contains illegal items.,True,True,1,1
+918070647070,57,digital arrest,A digital arrest warrant has been issued and police will arrive.,True,True,6,1
+916645277642,795,,Do not disconnect the call or tell anyone about this investigation.,True,True,11,1
+919483959915,1382,,Can we move tomorrow's project meeting to the afternoon?,False,False,1,0
+916096405016,1028,,A customs parcel in your name contains illegal items. Do not disconnect the call or tell anyone about this investigation.,True,False,11,1
+919825946852,2374,,Can we move tomorrow's project meeting to the afternoon?,False,False,0,0
+919126625885,1191,digital arrest,A digital arrest warrant has been issued and police will arrive.,False,False,0,1
+919412850018,774,cbi|aadhaar|digital arrest,A customs parcel in your name contains illegal items. A digital arrest warrant has been issued and police will arrive. I am calling from CBI and your Aadhaar has been linked to money laundering.,False,True,7,1
+917655546199,571,,Transfer all funds immediately to the verification account.,True,True,0,1
+918576180666,189,,A customs parcel in your name contains illegal items. Do not disconnect the call or tell anyone about this investigation. Transfer all funds immediately to the verification account.,False,False,8,1
+918832069709,563,,Your grocery delivery will arrive between four and five.,False,False,1,0
+917590759039,207,,Please call me when you reach home safely.,False,False,1,0
+919595705864,2389,,A customs parcel in your name contains illegal items. Transfer all funds immediately to the verification account.,True,False,12,1
+916811839103,52,cbi|aadhaar,Do not disconnect the call or tell anyone about this investigation. I am calling from CBI and your Aadhaar has been linked to money laundering.,False,True,9,1
+917610741069,871,,Your appointment is confirmed for next Monday.,False,False,0,0
+919672097945,2225,cbi|aadhaar,I am calling from CBI and your Aadhaar has been linked to money laundering. Do not disconnect the call or tell anyone about this investigation.,True,True,10,1
+917590052587,2320,,A customs parcel in your name contains illegal items. Do not disconnect the call or tell anyone about this investigation.,True,True,9,1
+919672192390,517,digital arrest,A digital arrest warrant has been issued and police will arrive. Transfer all funds immediately to the verification account.,False,False,1,1
+918637218862,243,cbi|aadhaar,Do not disconnect the call or tell anyone about this investigation. I am calling from CBI and your Aadhaar has been linked to money laundering. A customs parcel in your name contains illegal items.,True,False,6,1
+918025801466,1813,,Your grocery delivery will arrive between four and five.,False,False,0,0
+918237701770,1203,cbi|aadhaar|digital arrest,I am calling from CBI and your Aadhaar has been linked to money laundering. A digital arrest warrant has been issued and police will arrive.,False,True,1,1
+916046000830,856,,Please call me when you reach home safely.,False,False,1,0
+918642220886,724,,Can we move tomorrow's project meeting to the afternoon? Your grocery delivery will arrive between four and five.,False,False,0,0
+917697126768,1690,cbi|aadhaar|digital arrest,I am calling from CBI and your Aadhaar has been linked to money laundering. Do not disconnect the call or tell anyone about this investigation. A digital arrest warrant has been issued and police will arrive.,False,True,1,1
+917495057700,1453,cbi|aadhaar|digital arrest,I am calling from CBI and your Aadhaar has been linked to money laundering. A digital arrest warrant has been issued and police will arrive. Transfer all funds immediately to the verification account.,False,False,9,1
+918174276085,466,digital arrest,Do not disconnect the call or tell anyone about this investigation. A customs parcel in your name contains illegal items. A digital arrest warrant has been issued and police will arrive.,True,True,5,1
+917619547472,2336,cbi|aadhaar,I am calling from CBI and your Aadhaar has been linked to money laundering. Transfer all funds immediately to the verification account.,True,False,1,1
+917107327477,306,digital arrest,A customs parcel in your name contains illegal items. A digital arrest warrant has been issued and police will arrive.,True,True,0,1
+917771356036,1476,,Can we move tomorrow's project meeting to the afternoon?,False,False,1,0
+917468848245,341,,Do not disconnect the call or tell anyone about this investigation. Transfer all funds immediately to the verification account.,True,False,11,1
+919204716713,808,,Transfer all funds immediately to the verification account. Do not disconnect the call or tell anyone about this investigation.,True,True,1,1
+917529125930,668,cbi|aadhaar,Do not disconnect the call or tell anyone about this investigation. Transfer all funds immediately to the verification account. I am calling from CBI and your Aadhaar has been linked to money laundering.,False,False,4,1
+917594276982,1321,,A customs parcel in your name contains illegal items.,True,False,0,1
+917708879427,939,,Please call me when you reach home safely. Can we move tomorrow's project meeting to the afternoon?,False,False,1,0
+918947802029,745,digital arrest,A customs parcel in your name contains illegal items. A digital arrest warrant has been issued and police will arrive. Transfer all funds immediately to the verification account.,True,True,6,1
+918495411322,442,digital arrest,A customs parcel in your name contains illegal items. Transfer all funds immediately to the verification account. A digital arrest warrant has been issued and police will arrive.,True,True,11,1
+917157099546,1960,,Can we move tomorrow's project meeting to the afternoon? The bank branch is closed today due to a public holiday.,False,False,0,0
+917599057680,1525,,A customs parcel in your name contains illegal items.,False,False,7,1
+919496922300,439,digital arrest,A digital arrest warrant has been issued and police will arrive.,False,False,10,1
+919436134704,642,,Please call me when you reach home safely. Can we move tomorrow's project meeting to the afternoon?,False,False,0,0
+917288637003,1057,,A customs parcel in your name contains illegal items. Do not disconnect the call or tell anyone about this investigation.,True,False,1,1
+916925425090,1071,,Your grocery delivery will arrive between four and five. Can we move tomorrow's project meeting to the afternoon?,False,False,0,0
+917547504991,2325,,The bank branch is closed today due to a public holiday. Your appointment is confirmed for next Monday.,False,False,1,0
+917507922155,844,,Your grocery delivery will arrive between four and five. Please call me when you reach home safely.,False,False,0,0
+917396252148,2120,,The bank branch is closed today due to a public holiday.,False,False,1,0
+917991800019,623,,Please call me when you reach home safely.,False,False,1,0
+916339783148,693,,Please call me when you reach home safely. Your appointment is confirmed for next Monday.,False,False,0,0
+919354257922,1517,digital arrest,Transfer all funds immediately to the verification account. A digital arrest warrant has been issued and police will arrive. A customs parcel in your name contains illegal items.,False,False,1,1
+919668811953,124,,Please call me when you reach home safely. Can we move tomorrow's project meeting to the afternoon?,False,False,0,0
+919773949004,1968,cbi|aadhaar,I am calling from CBI and your Aadhaar has been linked to money laundering. Do not disconnect the call or tell anyone about this investigation.,True,True,2,1
+918812484901,1626,cbi|aadhaar|digital arrest,A digital arrest warrant has been issued and police will arrive. I am calling from CBI and your Aadhaar has been linked to money laundering.,True,True,10,1
+918849921830,1491,,A customs parcel in your name contains illegal items. Do not disconnect the call or tell anyone about this investigation.,False,True,3,1
+918996267442,2238,,A customs parcel in your name contains illegal items. Transfer all funds immediately to the verification account.,True,False,3,1
+918068678214,2240,,Your appointment is confirmed for next Monday. The bank branch is closed today due to a public holiday.,False,False,1,0
+918247626139,588,,Transfer all funds immediately to the verification account. A customs parcel in your name contains illegal items.,True,True,5,1
+919289383176,1793,,A customs parcel in your name contains illegal items.,False,True,1,1
+916809906184,1716,,Your appointment is confirmed for next Monday.,False,False,1,0
+916947437263,1107,,Do not disconnect the call or tell anyone about this investigation.,True,False,1,1
+916807456518,310,,The bank branch is closed today due to a public holiday. Your appointment is confirmed for next Monday.,False,False,1,0
+916083302600,653,digital arrest,A customs parcel in your name contains illegal items. A digital arrest warrant has been issued and police will arrive. Do not disconnect the call or tell anyone about this investigation.,True,True,1,1
+917156184315,542,,Your grocery delivery will arrive between four and five.,False,False,1,0
+916063242750,2051,,Your grocery delivery will arrive between four and five.,False,False,0,0
+919623003768,628,,Transfer all funds immediately to the verification account. A customs parcel in your name contains illegal items.,True,True,0,1
+916779982123,817,,Your appointment is confirmed for next Monday.,False,False,1,0
+917902502763,1042,cbi|aadhaar|digital arrest,I am calling from CBI and your Aadhaar has been linked to money laundering. A digital arrest warrant has been issued and police will arrive.,False,True,0,1
+917387545832,679,cbi|aadhaar,I am calling from CBI and your Aadhaar has been linked to money laundering. Do not disconnect the call or tell anyone about this investigation.,False,False,11,1
+919811867564,243,cbi|aadhaar|digital arrest,A digital arrest warrant has been issued and police will arrive. I am calling from CBI and your Aadhaar has been linked to money laundering. Do not disconnect the call or tell anyone about this investigation.,False,True,5,1
+919411880793,1160,,Do not disconnect the call or tell anyone about this investigation.,False,True,1,1
+916665685329,1551,cbi|aadhaar,I am calling from CBI and your Aadhaar has been linked to money laundering.,False,False,1,1
+918768428107,660,cbi|aadhaar,I am calling from CBI and your Aadhaar has been linked to money laundering. Transfer all funds immediately to the verification account.,False,True,0,1
+917360386030,2317,,Please call me when you reach home safely.,False,False,0,0
+917538317686,581,,Can we move tomorrow's project meeting to the afternoon? Your grocery delivery will arrive between four and five.,False,False,1,0
+918334832473,1454,digital arrest,A customs parcel in your name contains illegal items. Transfer all funds immediately to the verification account. A digital arrest warrant has been issued and police will arrive.,True,True,0,1
+917131076509,2248,cbi|aadhaar|digital arrest,A digital arrest warrant has been issued and police will arrive. Do not disconnect the call or tell anyone about this investigation. I am calling from CBI and your Aadhaar has been linked to money laundering.,True,True,8,1
+917563691059,1008,digital arrest,A digital arrest warrant has been issued and police will arrive. A customs parcel in your name contains illegal items. Transfer all funds immediately to the verification account.,True,True,1,1
+917385556630,1708,,A customs parcel in your name contains illegal items. Do not disconnect the call or tell anyone about this investigation. Transfer all funds immediately to the verification account.,False,True,0,1
+918084649514,814,cbi|aadhaar|digital arrest,I am calling from CBI and your Aadhaar has been linked to money laundering. A digital arrest warrant has been issued and police will arrive. A customs parcel in your name contains illegal items.,True,True,1,1
+917573478551,934,,Please call me when you reach home safely. The bank branch is closed today due to a public holiday.,False,False,0,0
+918744126400,278,,A customs parcel in your name contains illegal items.,True,True,0,1
+918272127173,196,,The bank branch is closed today due to a public holiday. Your grocery delivery will arrive between four and five.,False,False,1,0
+916434758564,976,,Can we move tomorrow's project meeting to the afternoon?,False,False,0,0
+919291162219,2391,digital arrest,Do not disconnect the call or tell anyone about this investigation. A digital arrest warrant has been issued and police will arrive. Transfer all funds immediately to the verification account.,True,False,1,1
+918824077950,677,cbi|aadhaar|digital arrest,A customs parcel in your name contains illegal items. I am calling from CBI and your Aadhaar has been linked to money laundering. A digital arrest warrant has been issued and police will arrive.,True,True,1,1
+917771000941,1793,,The bank branch is closed today due to a public holiday. Your appointment is confirmed for next Monday.,False,False,1,0
+919977770729,1070,digital arrest,A digital arrest warrant has been issued and police will arrive.,True,False,7,1
+919823914858,1266,cbi|aadhaar|digital arrest,I am calling from CBI and your Aadhaar has been linked to money laundering. A digital arrest warrant has been issued and police will arrive.,True,True,0,1
+919313666361,1160,,The bank branch is closed today due to a public holiday.,False,False,0,0
+917138115565,1533,cbi|aadhaar|digital arrest,A digital arrest warrant has been issued and police will arrive. Do not disconnect the call or tell anyone about this investigation. I am calling from CBI and your Aadhaar has been linked to money laundering.,False,True,6,1
+919153648273,346,cbi|aadhaar,Transfer all funds immediately to the verification account. I am calling from CBI and your Aadhaar has been linked to money laundering.,False,False,10,1
+918556498528,1260,,Please call me when you reach home safely.,True,False,0,0
+917494348846,1808,,Your grocery delivery will arrive between four and five. Your appointment is confirmed for next Monday.,False,False,1,0
+918722524375,1596,,Your appointment is confirmed for next Monday.,False,False,0,0
+918157798468,934,,Your appointment is confirmed for next Monday. Can we move tomorrow's project meeting to the afternoon?,False,False,1,0
+917855149589,1216,,Please call me when you reach home safely. Your grocery delivery will arrive between four and five.,False,False,0,0
+917127677925,378,cbi|aadhaar,I am calling from CBI and your Aadhaar has been linked to money laundering. A customs parcel in your name contains illegal items.,True,True,1,1
+918453846612,833,digital arrest,Do not disconnect the call or tell anyone about this investigation. A digital arrest warrant has been issued and police will arrive. A customs parcel in your name contains illegal items.,True,True,8,1
+917143565474,1791,,Can we move tomorrow's project meeting to the afternoon?,False,False,0,0
+917819093035,1526,,Your grocery delivery will arrive between four and five.,False,False,1,0
+917891776000,213,cbi|aadhaar|digital arrest,I am calling from CBI and your Aadhaar has been linked to money laundering. Transfer all funds immediately to the verification account. A digital arrest warrant has been issued and police will arrive.,False,True,1,1
+917043884514,634,digital arrest,Transfer all funds immediately to the verification account. Do not disconnect the call or tell anyone about this investigation. A digital arrest warrant has been issued and police will arrive.,False,False,0,1
+917310472034,1873,,The bank branch is closed today due to a public holiday.,False,False,0,0
+918675944972,608,cbi|aadhaar|digital arrest,A digital arrest warrant has been issued and police will arrive. Do not disconnect the call or tell anyone about this investigation. I am calling from CBI and your Aadhaar has been linked to money laundering.,False,True,5,1
+916731517326,276,,Your appointment is confirmed for next Monday. Your grocery delivery will arrive between four and five.,False,False,1,0
+916286035346,1621,,Your grocery delivery will arrive between four and five. Please call me when you reach home safely.,False,False,0,0
+919725499475,1613,,Your grocery delivery will arrive between four and five. Your appointment is confirmed for next Monday.,False,False,1,0
+918150278891,1905,cbi|aadhaar,I am calling from CBI and your Aadhaar has been linked to money laundering. Transfer all funds immediately to the verification account. Do not disconnect the call or tell anyone about this investigation.,True,True,0,1
+917432670675,2036,,Can we move tomorrow's project meeting to the afternoon?,False,False,1,0
+918152858629,1159,digital arrest,Transfer all funds immediately to the verification account. A digital arrest warrant has been issued and police will arrive.,False,False,0,1
+916651581691,1429,,Your grocery delivery will arrive between four and five. The bank branch is closed today due to a public holiday.,False,False,0,0
+917792433036,1014,,Please call me when you reach home safely.,False,False,0,0
+916595181663,2247,digital arrest,A digital arrest warrant has been issued and police will arrive. Transfer all funds immediately to the verification account.,False,True,3,1
+919904134250,624,,Transfer all funds immediately to the verification account.,False,True,0,1
+918393758362,2213,,The bank branch is closed today due to a public holiday.,False,False,0,0
+917302870199,1844,cbi|aadhaar,Do not disconnect the call or tell anyone about this investigation. I am calling from CBI and your Aadhaar has been linked to money laundering.,False,False,1,1
+916564985269,786,,Can we move tomorrow's project meeting to the afternoon? Your appointment is confirmed for next Monday.,True,False,0,0
+916991761103,136,,Your appointment is confirmed for next Monday. Can we move tomorrow's project meeting to the afternoon?,False,False,0,0
+916790172950,1617,,Can we move tomorrow's project meeting to the afternoon? Please call me when you reach home safely.,False,False,1,0
+917774010584,941,,Do not disconnect the call or tell anyone about this investigation.,False,False,1,1
+919981877920,1829,,Your grocery delivery will arrive between four and five.,False,False,0,0
+919540464024,1588,,A customs parcel in your name contains illegal items. Do not disconnect the call or tell anyone about this investigation.,False,True,1,1
+916182174975,1036,cbi|aadhaar|digital arrest,A digital arrest warrant has been issued and police will arrive. I am calling from CBI and your Aadhaar has been linked to money laundering. Transfer all funds immediately to the verification account.,True,False,8,1
+917887869509,1660,cbi|aadhaar,I am calling from CBI and your Aadhaar has been linked to money laundering. A customs parcel in your name contains illegal items. Transfer all funds immediately to the verification account.,False,True,0,1
+917264523083,253,,Please call me when you reach home safely. Can we move tomorrow's project meeting to the afternoon?,False,False,1,0
+916772112249,2268,,Please call me when you reach home safely. Your grocery delivery will arrive between four and five.,False,False,0,0
+919790516721,1892,cbi|aadhaar,I am calling from CBI and your Aadhaar has been linked to money laundering. Do not disconnect the call or tell anyone about this investigation.,True,False,12,1
+916366388824,2175,cbi|aadhaar,Do not disconnect the call or tell anyone about this investigation. I am calling from CBI and your Aadhaar has been linked to money laundering. A customs parcel in your name contains illegal items.,False,True,8,1
+916188575177,729,,Please call me when you reach home safely.,False,False,1,0
+916768226906,240,,Can we move tomorrow's project meeting to the afternoon?,False,False,0,0
+916015173668,1066,,Transfer all funds immediately to the verification account. Do not disconnect the call or tell anyone about this investigation.,True,False,3,1
+918529144430,1978,cbi|aadhaar|digital arrest,A digital arrest warrant has been issued and police will arrive. I am calling from CBI and your Aadhaar has been linked to money laundering.,True,True,1,1
+918394653192,880,cbi|aadhaar|digital arrest,A digital arrest warrant has been issued and police will arrive. I am calling from CBI and your Aadhaar has been linked to money laundering. A customs parcel in your name contains illegal items.,True,True,1,1
+916376680187,230,cbi|aadhaar,Transfer all funds immediately to the verification account. I am calling from CBI and your Aadhaar has been linked to money laundering. A customs parcel in your name contains illegal items.,True,True,1,1
+917955661068,1505,,The bank branch is closed today due to a public holiday.,False,False,0,0
+919621987279,2284,digital arrest,Transfer all funds immediately to the verification account. A digital arrest warrant has been issued and police will arrive.,True,False,0,1
+918988564933,886,,Transfer all funds immediately to the verification account.,False,True,7,1
+919641264554,1326,cbi|aadhaar|digital arrest,A digital arrest warrant has been issued and police will arrive. I am calling from CBI and your Aadhaar has been linked to money laundering. Do not disconnect the call or tell anyone about this investigation.,True,True,1,1
+918115290517,766,,Can we move tomorrow's project meeting to the afternoon? Please call me when you reach home safely.,False,False,1,0
+916506487119,879,cbi|aadhaar,Do not disconnect the call or tell anyone about this investigation. I am calling from CBI and your Aadhaar has been linked to money laundering.,False,True,8,1
+918406966240,899,,Your grocery delivery will arrive between four and five. The bank branch is closed today due to a public holiday.,True,False,1,0
+919294379963,55,cbi|aadhaar,Transfer all funds immediately to the verification account. I am calling from CBI and your Aadhaar has been linked to money laundering.,True,True,9,1
+917451427715,1992,cbi|aadhaar|digital arrest,A digital arrest warrant has been issued and police will arrive. I am calling from CBI and your Aadhaar has been linked to money laundering.,False,True,0,1
+918693805581,1916,,Please call me when you reach home safely.,False,False,0,0
+919586751837,2164,,Please call me when you reach home safely. Your appointment is confirmed for next Monday.,False,False,0,0
+918479903972,1388,,Your appointment is confirmed for next Monday. Your grocery delivery will arrive between four and five.,False,False,0,0
+919610947195,157,,Your grocery delivery will arrive between four and five. Can we move tomorrow's project meeting to the afternoon?,False,False,1,0
+917350764609,159,cbi|aadhaar,Do not disconnect the call or tell anyone about this investigation. A customs parcel in your name contains illegal items. I am calling from CBI and your Aadhaar has been linked to money laundering.,True,False,5,1
+917298447203,746,,Transfer all funds immediately to the verification account.,True,True,5,1
+918173230664,132,,Your grocery delivery will arrive between four and five.,False,False,1,0
+919966989720,2010,,Can we move tomorrow's project meeting to the afternoon?,False,False,1,0
+916881271916,179,,Can we move tomorrow's project meeting to the afternoon? Your grocery delivery will arrive between four and five.,False,False,0,0
+916189107235,386,,Your grocery delivery will arrive between four and five.,False,False,1,0
+916096551970,2395,,Your appointment is confirmed for next Monday.,False,False,1,0
+916826977245,1203,,The bank branch is closed today due to a public holiday.,False,False,0,0
+918675528232,2322,cbi|aadhaar,I am calling from CBI and your Aadhaar has been linked to money laundering. Transfer all funds immediately to the verification account.,True,True,5,1
+918465667475,1032,digital arrest,A digital arrest warrant has been issued and police will arrive. Transfer all funds immediately to the verification account.,True,False,12,1
+918901232981,236,digital arrest,A digital arrest warrant has been issued and police will arrive. A customs parcel in your name contains illegal items.,True,True,1,1
+917341922388,1391,,A customs parcel in your name contains illegal items. Do not disconnect the call or tell anyone about this investigation.,False,True,1,1
+916399071914,1948,,Please call me when you reach home safely.,False,False,0,0
+918649746105,1086,cbi|aadhaar|digital arrest,A customs parcel in your name contains illegal items. A digital arrest warrant has been issued and police will arrive. I am calling from CBI and your Aadhaar has been linked to money laundering.,False,False,0,1
+917509426830,1990,digital arrest,Transfer all funds immediately to the verification account. A digital arrest warrant has been issued and police will arrive. Do not disconnect the call or tell anyone about this investigation.,True,True,2,1
+919422048585,468,digital arrest,A digital arrest warrant has been issued and police will arrive. Do not disconnect the call or tell anyone about this investigation.,True,False,7,1
+918536332631,1723,,Your appointment is confirmed for next Monday. Please call me when you reach home safely.,False,False,1,0
+918980964394,1795,,A customs parcel in your name contains illegal items.,False,True,6,1
+919998027244,2381,digital arrest,A digital arrest warrant has been issued and police will arrive. Do not disconnect the call or tell anyone about this investigation.,False,True,11,1
+917742870683,315,digital arrest,A customs parcel in your name contains illegal items. Transfer all funds immediately to the verification account. A digital arrest warrant has been issued and police will arrive.,False,True,8,1
+916388836304,921,,The bank branch is closed today due to a public holiday. Please call me when you reach home safely.,False,False,0,0
+917945510312,2206,,Can we move tomorrow's project meeting to the afternoon?,False,False,0,0
+917287353440,2365,,Can we move tomorrow's project meeting to the afternoon? Your appointment is confirmed for next Monday.,False,False,1,0
+918626332786,2120,,The bank branch is closed today due to a public holiday. Your grocery delivery will arrive between four and five.,False,False,0,0
+918405311630,1501,cbi|aadhaar,I am calling from CBI and your Aadhaar has been linked to money laundering. Transfer all funds immediately to the verification account.,True,True,0,1
+917366346378,1597,,Do not disconnect the call or tell anyone about this investigation.,True,True,10,1
+919622064762,1505,,Do not disconnect the call or tell anyone about this investigation.,False,True,4,1
+919800567965,2023,cbi|aadhaar|digital arrest,Do not disconnect the call or tell anyone about this investigation. A digital arrest warrant has been issued and police will arrive. I am calling from CBI and your Aadhaar has been linked to money laundering.,False,True,1,1
+918758412226,1733,,Your grocery delivery will arrive between four and five.,False,False,0,0
+918187920410,1767,,Your appointment is confirmed for next Monday. Can we move tomorrow's project meeting to the afternoon?,False,False,1,0
+919636994992,999,digital arrest,Do not disconnect the call or tell anyone about this investigation. A digital arrest warrant has been issued and police will arrive.,False,True,1,1
+916486037259,2002,cbi|aadhaar|digital arrest,A digital arrest warrant has been issued and police will arrive. Transfer all funds immediately to the verification account. I am calling from CBI and your Aadhaar has been linked to money laundering.,False,False,1,1
+916379874179,1034,digital arrest,A digital arrest warrant has been issued and police will arrive. Transfer all funds immediately to the verification account. Do not disconnect the call or tell anyone about this investigation.,True,False,9,1
+918632982968,246,,Your appointment is confirmed for next Monday.,False,False,1,0
+918201871277,1951,,Please call me when you reach home safely.,False,False,1,0
+919218757065,1275,digital arrest,Transfer all funds immediately to the verification account. A digital arrest warrant has been issued and police will arrive.,False,False,12,1
+918460414950,241,,Please call me when you reach home safely.,False,False,0,0
+919656929513,1168,cbi|aadhaar|digital arrest,A digital arrest warrant has been issued and police will arrive. I am calling from CBI and your Aadhaar has been linked to money laundering. Do not disconnect the call or tell anyone about this investigation.,True,True,3,1
+918593393772,745,,The bank branch is closed today due to a public holiday. Your grocery delivery will arrive between four and five.,False,False,0,0
+919360930901,997,,The bank branch is closed today due to a public holiday. Can we move tomorrow's project meeting to the afternoon?,False,False,1,0
+916623071990,661,,The bank branch is closed today due to a public holiday.,False,False,0,0
+919118142344,715,,Please call me when you reach home safely. Can we move tomorrow's project meeting to the afternoon?,False,False,1,0
+916225585432,716,,Your grocery delivery will arrive between four and five. The bank branch is closed today due to a public holiday.,False,False,0,0
+917127966460,624,digital arrest,A digital arrest warrant has been issued and police will arrive. Do not disconnect the call or tell anyone about this investigation.,True,True,12,1
+918281887562,1479,digital arrest,A customs parcel in your name contains illegal items. A digital arrest warrant has been issued and police will arrive.,False,True,0,1
+918509020413,1632,digital arrest,Transfer all funds immediately to the verification account. A digital arrest warrant has been issued and police will arrive. Do not disconnect the call or tell anyone about this investigation.,True,True,2,1
+918233178208,1412,,Your appointment is confirmed for next Monday.,False,False,0,0
+919572079205,308,,Your appointment is confirmed for next Monday. Your grocery delivery will arrive between four and five.,True,False,0,0
+916829270292,169,,A customs parcel in your name contains illegal items.,True,True,12,1
+916557947412,1569,cbi|aadhaar,Do not disconnect the call or tell anyone about this investigation. I am calling from CBI and your Aadhaar has been linked to money laundering. Transfer all funds immediately to the verification account.,False,False,0,1
+917088068733,1236,,Your grocery delivery will arrive between four and five.,False,False,0,0
+917105252271,693,,The bank branch is closed today due to a public holiday. Please call me when you reach home safely.,False,False,1,0
+919490953123,1114,,A customs parcel in your name contains illegal items.,True,True,1,1
+916617928099,2244,digital arrest,A digital arrest warrant has been issued and police will arrive.,False,True,11,1
+918453906177,1056,cbi|aadhaar,I am calling from CBI and your Aadhaar has been linked to money laundering. A customs parcel in your name contains illegal items. Transfer all funds immediately to the verification account.,False,True,1,1
+919006714179,1380,cbi|aadhaar,Do not disconnect the call or tell anyone about this investigation. I am calling from CBI and your Aadhaar has been linked to money laundering.,False,True,1,1
+919625163511,317,,Please call me when you reach home safely. Your appointment is confirmed for next Monday.,False,False,1,0
+917300636690,1670,cbi|aadhaar,A customs parcel in your name contains illegal items. I am calling from CBI and your Aadhaar has been linked to money laundering. Transfer all funds immediately to the verification account.,True,True,6,1
+916345559261,1912,,The bank branch is closed today due to a public holiday.,False,False,1,0
+917283638341,1627,,Do not disconnect the call or tell anyone about this investigation.,False,True,7,1
+919158193327,806,,Please call me when you reach home safely. Your grocery delivery will arrive between four and five.,False,False,1,0
+918146127091,2217,digital arrest,A digital arrest warrant has been issued and police will arrive. Do not disconnect the call or tell anyone about this investigation. A customs parcel in your name contains illegal items.,False,True,9,1
+916240752042,1413,,Your grocery delivery will arrive between four and five.,False,False,1,0
+919737480643,2227,,Do not disconnect the call or tell anyone about this investigation.,True,False,1,1
+918099786785,108,,Your grocery delivery will arrive between four and five.,False,False,0,0
+916061698094,735,,Can we move tomorrow's project meeting to the afternoon?,False,False,0,0
+919587810181,291,,Please call me when you reach home safely.,False,False,0,0
+919485456278,1676,digital arrest,A digital arrest warrant has been issued and police will arrive. Do not disconnect the call or tell anyone about this investigation.,True,True,4,1
+919282333775,216,,The bank branch is closed today due to a public holiday.,False,False,0,0
+917588825845,2296,,Transfer all funds immediately to the verification account.,True,True,7,1
+916067131712,2024,cbi|aadhaar|digital arrest,I am calling from CBI and your Aadhaar has been linked to money laundering. Do not disconnect the call or tell anyone about this investigation. A digital arrest warrant has been issued and police will arrive.,True,False,1,1
+919402647938,1979,digital arrest,A digital arrest warrant has been issued and police will arrive.,False,False,1,1
+916161581876,767,,Transfer all funds immediately to the verification account. A customs parcel in your name contains illegal items. Do not disconnect the call or tell anyone about this investigation.,False,True,3,1
+917798671637,48,,The bank branch is closed today due to a public holiday.,False,False,1,0
+918831788593,882,cbi|aadhaar,I am calling from CBI and your Aadhaar has been linked to money laundering. Transfer all funds immediately to the verification account. A customs parcel in your name contains illegal items.,True,False,8,1
+916185180108,251,,A customs parcel in your name contains illegal items.,False,True,3,1
+919180066307,244,digital arrest,Transfer all funds immediately to the verification account. A digital arrest warrant has been issued and police will arrive.,False,True,1,1
+919098402644,1851,,A customs parcel in your name contains illegal items.,False,False,2,1
+916421182269,1001,,Transfer all funds immediately to the verification account.,False,True,2,1
+918512952109,2014,,Can we move tomorrow's project meeting to the afternoon? Your grocery delivery will arrive between four and five.,False,False,1,0
+917965979155,825,digital arrest,A digital arrest warrant has been issued and police will arrive.,False,True,7,1
+916137845240,2359,,The bank branch is closed today due to a public holiday.,False,False,0,0
+917267709045,672,digital arrest,A customs parcel in your name contains illegal items. A digital arrest warrant has been issued and police will arrive.,False,True,6,1
+916371404423,1716,,Your appointment is confirmed for next Monday.,False,False,0,0
+919135402392,1783,digital arrest,A digital arrest warrant has been issued and police will arrive.,False,True,8,1
+919857962086,50,,A customs parcel in your name contains illegal items. Do not disconnect the call or tell anyone about this investigation.,True,False,0,1
+919427459116,431,cbi|aadhaar|digital arrest,A digital arrest warrant has been issued and police will arrive. I am calling from CBI and your Aadhaar has been linked to money laundering.,True,True,7,1
+916389680278,95,cbi|aadhaar|digital arrest,I am calling from CBI and your Aadhaar has been linked to money laundering. A customs parcel in your name contains illegal items. A digital arrest warrant has been issued and police will arrive.,True,True,5,1
+917741009563,787,cbi|aadhaar,A customs parcel in your name contains illegal items. I am calling from CBI and your Aadhaar has been linked to money laundering. Do not disconnect the call or tell anyone about this investigation.,False,False,3,1
+916140506321,1244,cbi|aadhaar|digital arrest,I am calling from CBI and your Aadhaar has been linked to money laundering. A digital arrest warrant has been issued and police will arrive.,True,True,12,1
+916235414339,2138,digital arrest,A digital arrest warrant has been issued and police will arrive. Do not disconnect the call or tell anyone about this investigation. Transfer all funds immediately to the verification account.,False,False,6,1
+917570200796,1936,,Your grocery delivery will arrive between four and five.,False,False,1,0
+917438512030,1007,digital arrest,A digital arrest warrant has been issued and police will arrive.,True,True,0,1
+917514885083,1125,,Can we move tomorrow's project meeting to the afternoon?,False,False,1,0
+918262084520,532,cbi|aadhaar,I am calling from CBI and your Aadhaar has been linked to money laundering.,True,True,8,1
+916808972471,1905,,Please call me when you reach home safely. The bank branch is closed today due to a public holiday.,False,False,0,0
+917185165025,488,,Transfer all funds immediately to the verification account.,False,True,0,1
+918930900179,2247,digital arrest,A digital arrest warrant has been issued and police will arrive.,False,True,0,1
+919444516981,981,cbi|aadhaar,A customs parcel in your name contains illegal items. I am calling from CBI and your Aadhaar has been linked to money laundering.,False,True,2,1
+918859826923,2201,,A customs parcel in your name contains illegal items. Transfer all funds immediately to the verification account.,False,True,1,1
+917116723521,958,digital arrest,A digital arrest warrant has been issued and police will arrive. Do not disconnect the call or tell anyone about this investigation.,True,True,1,1
+917221411520,1897,,Can we move tomorrow's project meeting to the afternoon?,False,False,1,0
+916782888812,748,,Your appointment is confirmed for next Monday.,False,False,1,0
+916502156141,198,,Can we move tomorrow's project meeting to the afternoon?,False,False,0,0
+916881135565,2333,,The bank branch is closed today due to a public holiday. Your appointment is confirmed for next Monday.,False,False,0,0
+918318709355,695,,Can we move tomorrow's project meeting to the afternoon? The bank branch is closed today due to a public holiday.,False,False,1,0
+919984919149,1341,,A customs parcel in your name contains illegal items.,True,False,0,1
+919239099646,2379,,The bank branch is closed today due to a public holiday. Please call me when you reach home safely.,False,False,1,0
+919866219906,194,,The bank branch is closed today due to a public holiday. Your grocery delivery will arrive between four and five.,False,False,1,0
+917915438137,1493,,Your grocery delivery will arrive between four and five. Please call me when you reach home safely.,False,False,0,0
+917913227899,387,digital arrest,Do not disconnect the call or tell anyone about this investigation. A digital arrest warrant has been issued and police will arrive. A customs parcel in your name contains illegal items.,False,True,2,1
+919075040971,1781,cbi|aadhaar,Transfer all funds immediately to the verification account. I am calling from CBI and your Aadhaar has been linked to money laundering.,True,True,1,1
+916376233267,913,digital arrest,Transfer all funds immediately to the verification account. A digital arrest warrant has been issued and police will arrive.,False,False,8,1
+917820345419,1726,,A customs parcel in your name contains illegal items. Transfer all funds immediately to the verification account.,True,False,12,1
+917302367816,1974,,Can we move tomorrow's project meeting to the afternoon?,False,False,0,0
+916028427814,1707,,Your grocery delivery will arrive between four and five. Please call me when you reach home safely.,False,False,0,0
+916588097152,846,digital arrest,A digital arrest warrant has been issued and police will arrive.,True,False,10,1
+919177657432,1928,cbi|aadhaar,A customs parcel in your name contains illegal items. I am calling from CBI and your Aadhaar has been linked to money laundering. Do not disconnect the call or tell anyone about this investigation.,True,True,1,1
+918751163659,1965,,The bank branch is closed today due to a public holiday.,False,False,1,0
+919894647107,1032,,Please call me when you reach home safely. Can we move tomorrow's project meeting to the afternoon?,True,False,1,0
+918429124352,1816,,Your grocery delivery will arrive between four and five. The bank branch is closed today due to a public holiday.,False,False,1,0
+919630450266,1093,,Your grocery delivery will arrive between four and five. The bank branch is closed today due to a public holiday.,False,False,0,0
+917801798923,1488,,A customs parcel in your name contains illegal items. Do not disconnect the call or tell anyone about this investigation.,True,True,1,1
+916717843296,2257,cbi|aadhaar,I am calling from CBI and your Aadhaar has been linked to money laundering. Do not disconnect the call or tell anyone about this investigation. Transfer all funds immediately to the verification account.,True,True,2,1
+918491281359,1470,digital arrest,Transfer all funds immediately to the verification account. A digital arrest warrant has been issued and police will arrive. A customs parcel in your name contains illegal items.,False,True,1,1
+916663808303,2091,digital arrest,Transfer all funds immediately to the verification account. A digital arrest warrant has been issued and police will arrive. Do not disconnect the call or tell anyone about this investigation.,True,True,3,1
+916563637820,101,cbi|aadhaar|digital arrest,A digital arrest warrant has been issued and police will arrive. I am calling from CBI and your Aadhaar has been linked to money laundering. Do not disconnect the call or tell anyone about this investigation.,True,True,2,1
+917308608938,147,,Do not disconnect the call or tell anyone about this investigation. A customs parcel in your name contains illegal items.,False,True,1,1
+916559283112,351,,Do not disconnect the call or tell anyone about this investigation.,True,True,1,1
+919327278141,2013,,Your grocery delivery will arrive between four and five.,False,False,0,0
+919902103617,1066,cbi|aadhaar,I am calling from CBI and your Aadhaar has been linked to money laundering.,True,True,0,1
+916859098375,786,cbi|aadhaar,I am calling from CBI and your Aadhaar has been linked to money laundering.,False,True,0,1
+919672790090,2080,,Transfer all funds immediately to the verification account.,False,True,1,1
+918271345114,918,,Your grocery delivery will arrive between four and five.,False,False,0,0
+919115351748,434,,Your appointment is confirmed for next Monday.,False,False,0,0
+918892770843,469,,The bank branch is closed today due to a public holiday. Can we move tomorrow's project meeting to the afternoon?,False,False,1,0
+917349823507,536,,A customs parcel in your name contains illegal items. Do not disconnect the call or tell anyone about this investigation.,True,True,7,1
+918120480340,503,digital arrest,Transfer all funds immediately to the verification account. A digital arrest warrant has been issued and police will arrive.,True,True,1,1
+917838081369,803,cbi|aadhaar,Transfer all funds immediately to the verification account. A customs parcel in your name contains illegal items. I am calling from CBI and your Aadhaar has been linked to money laundering.,False,False,5,1
+918895490481,2043,,The bank branch is closed today due to a public holiday. Can we move tomorrow's project meeting to the afternoon?,False,False,0,0
+916436893312,721,cbi|aadhaar|digital arrest,I am calling from CBI and your Aadhaar has been linked to money laundering. A digital arrest warrant has been issued and police will arrive. A customs parcel in your name contains illegal items.,True,True,12,1
+917000167474,1769,,Can we move tomorrow's project meeting to the afternoon? Please call me when you reach home safely.,False,False,0,0
+918590575789,1686,digital arrest,A digital arrest warrant has been issued and police will arrive. Transfer all funds immediately to the verification account. A customs parcel in your name contains illegal items.,False,True,1,1
+916991372057,581,,A customs parcel in your name contains illegal items.,True,True,5,1
+916769210137,1597,,Please call me when you reach home safely.,False,False,0,0
+916867290276,1232,cbi|aadhaar|digital arrest,A digital arrest warrant has been issued and police will arrive. I am calling from CBI and your Aadhaar has been linked to money laundering.,False,False,1,1
+916135714617,1792,digital arrest,A digital arrest warrant has been issued and police will arrive. Transfer all funds immediately to the verification account.,False,False,0,1
+918390864624,1271,,Transfer all funds immediately to the verification account. A customs parcel in your name contains illegal items.,False,True,1,1
+918443214578,2039,,Do not disconnect the call or tell anyone about this investigation. Transfer all funds immediately to the verification account.,False,False,1,1
+917680985022,1108,,Please call me when you reach home safely. Can we move tomorrow's project meeting to the afternoon?,False,False,0,0
+916120890371,214,,The bank branch is closed today due to a public holiday. Your appointment is confirmed for next Monday.,False,False,0,0
+917534875624,1717,cbi|aadhaar|digital arrest,A digital arrest warrant has been issued and police will arrive. I am calling from CBI and your Aadhaar has been linked to money laundering. Transfer all funds immediately to the verification account.,True,True,2,1
+918544904142,377,,Can we move tomorrow's project meeting to the afternoon?,False,False,1,0
+917979590743,1760,cbi|aadhaar,I am calling from CBI and your Aadhaar has been linked to money laundering. Transfer all funds immediately to the verification account.,True,True,9,1
+917359418693,1577,,Your grocery delivery will arrive between four and five. Please call me when you reach home safely.,False,False,0,0
+918133445095,2089,,A customs parcel in your name contains illegal items.,False,True,11,1
+917560508934,1815,,Your appointment is confirmed for next Monday.,False,False,1,0
+917234182744,1116,,Your appointment is confirmed for next Monday.,False,False,0,0
+918542039357,1409,,Can we move tomorrow's project meeting to the afternoon? Your grocery delivery will arrive between four and five.,False,False,0,0
+919417298242,344,,Please call me when you reach home safely. Can we move tomorrow's project meeting to the afternoon?,False,False,1,0
+918213493993,1886,,A customs parcel in your name contains illegal items. Transfer all funds immediately to the verification account.,False,True,7,1
+918477523098,2074,,Your appointment is confirmed for next Monday.,False,False,0,0
+918243130794,851,,The bank branch is closed today due to a public holiday. Please call me when you reach home safely.,False,False,0,0
+919565743615,293,,Transfer all funds immediately to the verification account.,False,True,1,1
+918950019339,997,,The bank branch is closed today due to a public holiday. Can we move tomorrow's project meeting to the afternoon?,False,False,1,0
+918404430111,1816,cbi|aadhaar,I am calling from CBI and your Aadhaar has been linked to money laundering.,True,True,5,1
+916585965093,149,,Can we move tomorrow's project meeting to the afternoon?,False,False,1,0
+919359668379,111,,Your grocery delivery will arrive between four and five.,False,False,1,0
+919867939656,1697,,Your appointment is confirmed for next Monday. The bank branch is closed today due to a public holiday.,False,False,0,0
+917013789043,488,,Please call me when you reach home safely.,False,False,0,0
+916387615589,1005,digital arrest,A digital arrest warrant has been issued and police will arrive.,False,True,1,1
+917816208531,922,,The bank branch is closed today due to a public holiday. Please call me when you reach home safely.,False,False,0,0
+918291236085,1564,digital arrest,A customs parcel in your name contains illegal items. A digital arrest warrant has been issued and police will arrive.,False,True,10,1
+916622390281,1516,digital arrest,A customs parcel in your name contains illegal items. A digital arrest warrant has been issued and police will arrive. Transfer all funds immediately to the verification account.,True,False,5,1
+919387881852,1011,cbi|aadhaar|digital arrest,I am calling from CBI and your Aadhaar has been linked to money laundering. A digital arrest warrant has been issued and police will arrive.,True,False,0,1
+919907514416,1639,cbi|aadhaar|digital arrest,Transfer all funds immediately to the verification account. I am calling from CBI and your Aadhaar has been linked to money laundering. A digital arrest warrant has been issued and police will arrive.,False,True,1,1
+916903603094,686,,Your grocery delivery will arrive between four and five. Can we move tomorrow's project meeting to the afternoon?,False,False,1,0
+919535607532,2043,,Your grocery delivery will arrive between four and five. The bank branch is closed today due to a public holiday.,False,False,0,0
+917511211495,1753,cbi|aadhaar,A customs parcel in your name contains illegal items. I am calling from CBI and your Aadhaar has been linked to money laundering.,False,True,1,1
+918754675172,782,,Please call me when you reach home safely. Your grocery delivery will arrive between four and five.,False,False,0,0
+916859316945,1281,,Your grocery delivery will arrive between four and five.,False,False,1,0
+919637667342,1710,,Do not disconnect the call or tell anyone about this investigation.,False,False,11,1
+919433949486,1184,,Do not disconnect the call or tell anyone about this investigation. Transfer all funds immediately to the verification account.,True,False,10,1
+916098655791,2317,,A customs parcel in your name contains illegal items.,False,True,0,1
+917124350133,721,,Please call me when you reach home safely.,False,False,0,0
+916730672201,2353,,Can we move tomorrow's project meeting to the afternoon? Your grocery delivery will arrive between four and five.,False,False,1,0
+916964151220,862,,Please call me when you reach home safely. Your appointment is confirmed for next Monday.,False,False,0,0
+916559201866,1796,,The bank branch is closed today due to a public holiday. Please call me when you reach home safely.,False,False,1,0
+917754597640,627,,Can we move tomorrow's project meeting to the afternoon? Please call me when you reach home safely.,True,False,0,0
+919896945119,1047,,Your appointment is confirmed for next Monday.,False,False,1,0
+916572110839,1354,,Your grocery delivery will arrive between four and five. Your appointment is confirmed for next Monday.,False,False,1,0
+918392296673,270,,A customs parcel in your name contains illegal items.,True,True,1,1
+917089448023,2096,,The bank branch is closed today due to a public holiday. Your grocery delivery will arrive between four and five.,False,False,0,0
+917117944144,725,,Transfer all funds immediately to the verification account. Do not disconnect the call or tell anyone about this investigation.,True,True,0,1
+919050524463,2202,,Can we move tomorrow's project meeting to the afternoon? Your grocery delivery will arrive between four and five.,False,False,1,0
+919978157818,1791,cbi|aadhaar,I am calling from CBI and your Aadhaar has been linked to money laundering. Do not disconnect the call or tell anyone about this investigation.,True,False,5,1
+919833996253,705,,Your appointment is confirmed for next Monday. The bank branch is closed today due to a public holiday.,False,False,1,0
+916228587581,803,,Your appointment is confirmed for next Monday.,False,False,1,0
+916498319477,2057,,A customs parcel in your name contains illegal items.,True,True,12,1
+916531090911,1461,digital arrest,A digital arrest warrant has been issued and police will arrive. A customs parcel in your name contains illegal items. Do not disconnect the call or tell anyone about this investigation.,True,False,12,1
+918419129100,899,,Can we move tomorrow's project meeting to the afternoon?,False,False,1,0
+917057238139,2070,,Please call me when you reach home safely.,False,False,0,0
+917692946428,1560,,The bank branch is closed today due to a public holiday.,False,False,0,0
+917976686454,1995,,Can we move tomorrow's project meeting to the afternoon? Your grocery delivery will arrive between four and five.,False,False,0,0
+918818240521,1885,,The bank branch is closed today due to a public holiday.,False,False,0,0
+919442665234,1188,,Can we move tomorrow's project meeting to the afternoon?,False,False,0,0
+917095920639,759,digital arrest,A digital arrest warrant has been issued and police will arrive.,True,True,1,1
+916699824916,1621,,Your grocery delivery will arrive between four and five. Your appointment is confirmed for next Monday.,False,False,0,0
+919958670544,1300,cbi|aadhaar|digital arrest,Do not disconnect the call or tell anyone about this investigation. I am calling from CBI and your Aadhaar has been linked to money laundering. A digital arrest warrant has been issued and police will arrive.,False,False,7,1
+918102914921,1854,,Your grocery delivery will arrive between four and five. The bank branch is closed today due to a public holiday.,False,False,0,0
+917864470731,1774,cbi|aadhaar|digital arrest,A digital arrest warrant has been issued and police will arrive. A customs parcel in your name contains illegal items. I am calling from CBI and your Aadhaar has been linked to money laundering.,True,True,1,1
+917878427679,354,digital arrest,Do not disconnect the call or tell anyone about this investigation. A digital arrest warrant has been issued and police will arrive.,False,True,0,1
+918246663276,1781,,Do not disconnect the call or tell anyone about this investigation.,True,False,1,1
+916405807234,1933,cbi|aadhaar,I am calling from CBI and your Aadhaar has been linked to money laundering.,False,True,9,1
+919301312747,2092,,The bank branch is closed today due to a public holiday. Your appointment is confirmed for next Monday.,True,False,0,0
+916194384710,371,,Can we move tomorrow's project meeting to the afternoon? Your appointment is confirmed for next Monday.,False,False,1,0
+918679245233,1115,,Your appointment is confirmed for next Monday. Please call me when you reach home safely.,False,False,1,0
+916335954600,1092,,Can we move tomorrow's project meeting to the afternoon?,False,False,0,0
+917976385116,1689,cbi|aadhaar|digital arrest,I am calling from CBI and your Aadhaar has been linked to money laundering. A digital arrest warrant has been issued and police will arrive. Do not disconnect the call or tell anyone about this investigation.,False,True,3,1
+919455905653,1269,,The bank branch is closed today due to a public holiday. Your appointment is confirmed for next Monday.,False,False,1,0
+916898633785,2000,cbi|aadhaar,I am calling from CBI and your Aadhaar has been linked to money laundering.,False,False,0,1
+917292432406,1928,,Your appointment is confirmed for next Monday. Can we move tomorrow's project meeting to the afternoon?,False,False,0,0
+918025030698,110,,Do not disconnect the call or tell anyone about this investigation.,False,False,1,1
+916218709107,1397,,The bank branch is closed today due to a public holiday.,True,False,1,0
+916158987731,2026,,Please call me when you reach home safely. Your appointment is confirmed for next Monday.,False,False,1,0
+917356566068,2296,cbi|aadhaar|digital arrest,A digital arrest warrant has been issued and police will arrive. A customs parcel in your name contains illegal items. I am calling from CBI and your Aadhaar has been linked to money laundering.,True,True,0,1
+918674461918,1450,,Please call me when you reach home safely. Your grocery delivery will arrive between four and five.,False,False,1,0
+916996875277,2109,,Transfer all funds immediately to the verification account.,True,True,1,1
+919793200863,1231,,Your appointment is confirmed for next Monday. Please call me when you reach home safely.,False,False,0,0
+917213144505,383,,Transfer all funds immediately to the verification account. A customs parcel in your name contains illegal items.,False,True,0,1
+918120533071,1273,,Do not disconnect the call or tell anyone about this investigation.,True,False,0,1
+917533491749,679,,The bank branch is closed today due to a public holiday.,False,False,1,0
+917849500820,496,,Your grocery delivery will arrive between four and five.,False,False,1,0
+919304435774,221,,A customs parcel in your name contains illegal items.,False,False,6,1
+919033986022,236,,Your appointment is confirmed for next Monday.,False,False,0,0
+916180257367,2107,cbi|aadhaar|digital arrest,I am calling from CBI and your Aadhaar has been linked to money laundering. A digital arrest warrant has been issued and police will arrive.,True,False,0,1
+919128236321,1226,,The bank branch is closed today due to a public holiday.,False,False,0,0
+917437128353,594,,Your grocery delivery will arrive between four and five. Can we move tomorrow's project meeting to the afternoon?,False,False,1,0
+918169056122,731,cbi|aadhaar,I am calling from CBI and your Aadhaar has been linked to money laundering. Do not disconnect the call or tell anyone about this investigation.,True,True,1,1
+916980034265,595,,Transfer all funds immediately to the verification account. Do not disconnect the call or tell anyone about this investigation.,False,True,9,1
+916042729398,2149,,A customs parcel in your name contains illegal items. Transfer all funds immediately to the verification account.,False,True,1,1
+918835435059,648,,A customs parcel in your name contains illegal items. Do not disconnect the call or tell anyone about this investigation.,False,False,7,1
+919751853079,1276,digital arrest,A digital arrest warrant has been issued and police will arrive. Transfer all funds immediately to the verification account. Do not disconnect the call or tell anyone about this investigation.,False,False,11,1
+917916367361,870,cbi|aadhaar,I am calling from CBI and your Aadhaar has been linked to money laundering. Transfer all funds immediately to the verification account.,False,False,0,1
+919783757459,1265,,The bank branch is closed today due to a public holiday. Please call me when you reach home safely.,False,False,0,0
+916398657020,2125,,Can we move tomorrow's project meeting to the afternoon? The bank branch is closed today due to a public holiday.,False,False,0,0
+919823892417,2241,,Your grocery delivery will arrive between four and five.,False,False,0,0
+918179693243,1481,cbi|aadhaar,A customs parcel in your name contains illegal items. I am calling from CBI and your Aadhaar has been linked to money laundering.,True,True,1,1
+918458590795,51,,Please call me when you reach home safely.,False,False,1,0
+917222070629,2376,,The bank branch is closed today due to a public holiday.,False,False,1,0
+918218143687,818,,Your grocery delivery will arrive between four and five.,False,False,1,0
+916267119789,1770,,Do not disconnect the call or tell anyone about this investigation.,False,True,1,1
+918228851793,1647,cbi|aadhaar,I am calling from CBI and your Aadhaar has been linked to money laundering. Transfer all funds immediately to the verification account.,False,True,1,1
+919538244882,697,,Please call me when you reach home safely. Your appointment is confirmed for next Monday.,False,False,1,0
+916913292765,1895,,A customs parcel in your name contains illegal items. Do not disconnect the call or tell anyone about this investigation. Transfer all funds immediately to the verification account.,True,True,9,1
+916519117351,1543,,Your grocery delivery will arrive between four and five. Please call me when you reach home safely.,False,False,0,0
+918087034313,144,cbi|aadhaar,I am calling from CBI and your Aadhaar has been linked to money laundering.,False,True,6,1
+919176816914,2032,cbi|aadhaar,A customs parcel in your name contains illegal items. I am calling from CBI and your Aadhaar has been linked to money laundering. Do not disconnect the call or tell anyone about this investigation.,True,True,0,1
+918066637025,2377,,Your grocery delivery will arrive between four and five.,False,False,1,0
+918167944263,1917,digital arrest,A customs parcel in your name contains illegal items. A digital arrest warrant has been issued and police will arrive.,False,False,0,1
+919435164742,1707,,The bank branch is closed today due to a public holiday.,False,False,0,0
+919160721385,1166,,Your appointment is confirmed for next Monday. Your grocery delivery will arrive between four and five.,False,False,1,0
+918409667148,537,,Your appointment is confirmed for next Monday.,False,False,1,0
+916080161578,522,cbi|aadhaar|digital arrest,A digital arrest warrant has been issued and police will arrive. I am calling from CBI and your Aadhaar has been linked to money laundering. Transfer all funds immediately to the verification account.,False,True,8,1
+917053498326,1849,,The bank branch is closed today due to a public holiday.,False,False,0,0
+919702151572,125,,Please call me when you reach home safely. Your grocery delivery will arrive between four and five.,False,False,1,0
+916426634688,2249,digital arrest,A digital arrest warrant has been issued and police will arrive.,True,True,5,1
+916253032556,1362,cbi|aadhaar,I am calling from CBI and your Aadhaar has been linked to money laundering. Do not disconnect the call or tell anyone about this investigation.,True,True,7,1
+916611863421,1720,,Please call me when you reach home safely. Your grocery delivery will arrive between four and five.,False,False,1,0
+918117330575,2113,cbi|aadhaar,I am calling from CBI and your Aadhaar has been linked to money laundering.,False,True,10,1
+916281140892,2013,,Transfer all funds immediately to the verification account.,True,True,8,1
+917057919563,2302,,The bank branch is closed today due to a public holiday.,False,False,0,0
+916611461750,1559,cbi|aadhaar|digital arrest,A customs parcel in your name contains illegal items. A digital arrest warrant has been issued and police will arrive. I am calling from CBI and your Aadhaar has been linked to money laundering.,True,False,0,1
+919490278186,1933,digital arrest,A digital arrest warrant has been issued and police will arrive.,False,True,1,1
+919959146874,2005,,Your grocery delivery will arrive between four and five.,False,False,0,0
+916693277728,2217,digital arrest,A customs parcel in your name contains illegal items. Transfer all funds immediately to the verification account. A digital arrest warrant has been issued and police will arrive.,True,True,9,1
+916905594622,2097,cbi|aadhaar,I am calling from CBI and your Aadhaar has been linked to money laundering. Do not disconnect the call or tell anyone about this investigation.,False,False,1,1
+917381425782,1429,digital arrest,Transfer all funds immediately to the verification account. A digital arrest warrant has been issued and police will arrive. A customs parcel in your name contains illegal items.,True,True,4,1
+918614719178,1981,,Your grocery delivery will arrive between four and five. Can we move tomorrow's project meeting to the afternoon?,True,False,0,0
+919274763284,1638,,A customs parcel in your name contains illegal items.,True,False,12,1
+919833568382,1853,,Your appointment is confirmed for next Monday.,False,False,0,0
+916535856716,1925,digital arrest,A digital arrest warrant has been issued and police will arrive. Transfer all funds immediately to the verification account.,True,False,12,1
+919045981273,1495,,Do not disconnect the call or tell anyone about this investigation.,True,False,1,1
+917559069619,180,,Can we move tomorrow's project meeting to the afternoon? Your appointment is confirmed for next Monday.,False,False,1,0
+919526698463,1652,,Your grocery delivery will arrive between four and five.,False,False,0,0
+918930815248,2344,,A customs parcel in your name contains illegal items. Do not disconnect the call or tell anyone about this investigation. Transfer all funds immediately to the verification account.,True,True,12,1
+918447715974,963,,Can we move tomorrow's project meeting to the afternoon?,False,False,1,0
+918923499861,2324,,Can we move tomorrow's project meeting to the afternoon? Your grocery delivery will arrive between four and five.,False,False,1,0
+918921322839,2152,cbi|aadhaar,I am calling from CBI and your Aadhaar has been linked to money laundering. Transfer all funds immediately to the verification account.,True,True,7,1
+917358248920,51,,Do not disconnect the call or tell anyone about this investigation.,True,True,7,1
+916845579519,703,cbi|aadhaar,I am calling from CBI and your Aadhaar has been linked to money laundering. Do not disconnect the call or tell anyone about this investigation. Transfer all funds immediately to the verification account.,True,False,2,1
+918689925587,1399,cbi|aadhaar|digital arrest,I am calling from CBI and your Aadhaar has been linked to money laundering. A digital arrest warrant has been issued and police will arrive. Do not disconnect the call or tell anyone about this investigation.,False,True,1,1
+917016806276,328,,Do not disconnect the call or tell anyone about this investigation. Transfer all funds immediately to the verification account.,False,True,1,1
+916367368719,278,,Please call me when you reach home safely.,False,False,0,0
+918623102467,1798,cbi|aadhaar|digital arrest,I am calling from CBI and your Aadhaar has been linked to money laundering. Do not disconnect the call or tell anyone about this investigation. A digital arrest warrant has been issued and police will arrive.,True,True,1,1
+917725215636,422,,The bank branch is closed today due to a public holiday.,False,False,1,0
+918659574996,444,cbi|aadhaar|digital arrest,A digital arrest warrant has been issued and police will arrive. I am calling from CBI and your Aadhaar has been linked to money laundering. Do not disconnect the call or tell anyone about this investigation.,True,False,7,1
+918524639163,818,,Please call me when you reach home safely.,False,False,1,0
+917808211327,2001,cbi|aadhaar,I am calling from CBI and your Aadhaar has been linked to money laundering. Do not disconnect the call or tell anyone about this investigation. Transfer all funds immediately to the verification account.,False,True,9,1
+918510504153,1815,,Do not disconnect the call or tell anyone about this investigation.,True,True,0,1
+918016589212,1294,,The bank branch is closed today due to a public holiday. Can we move tomorrow's project meeting to the afternoon?,False,False,0,0
+917019570931,2107,digital arrest,A digital arrest warrant has been issued and police will arrive.,False,True,11,1
+916839267208,850,,Please call me when you reach home safely.,False,False,1,0
+918007477968,1386,,Transfer all funds immediately to the verification account.,False,False,8,1
+917411408078,694,,Your appointment is confirmed for next Monday. The bank branch is closed today due to a public holiday.,False,False,1,0
+919951170613,45,,Please call me when you reach home safely.,False,False,0,0
+918064789221,1387,,Your appointment is confirmed for next Monday. Can we move tomorrow's project meeting to the afternoon?,False,False,0,0
+918382382306,501,cbi|aadhaar,Do not disconnect the call or tell anyone about this investigation. I am calling from CBI and your Aadhaar has been linked to money laundering.,True,True,2,1
+916747954010,926,cbi|aadhaar|digital arrest,A digital arrest warrant has been issued and police will arrive. Transfer all funds immediately to the verification account. I am calling from CBI and your Aadhaar has been linked to money laundering.,False,True,0,1
+916841760174,118,,Your appointment is confirmed for next Monday. Can we move tomorrow's project meeting to the afternoon?,False,False,0,0
+919381917721,484,cbi|aadhaar,I am calling from CBI and your Aadhaar has been linked to money laundering.,True,True,0,1
+919431776913,1806,,Do not disconnect the call or tell anyone about this investigation. Transfer all funds immediately to the verification account.,False,False,0,1
+918982227275,1562,,Do not disconnect the call or tell anyone about this investigation.,True,True,0,1
+916638090067,1372,cbi|aadhaar,Do not disconnect the call or tell anyone about this investigation. I am calling from CBI and your Aadhaar has been linked to money laundering. Transfer all funds immediately to the verification account.,True,True,9,1
+919123723470,363,,Can we move tomorrow's project meeting to the afternoon? Please call me when you reach home safely.,False,False,0,0
+919226843425,2115,,Can we move tomorrow's project meeting to the afternoon?,False,False,1,0
+918125115553,1970,,Transfer all funds immediately to the verification account.,True,False,1,1
+917700377445,925,cbi|aadhaar|digital arrest,I am calling from CBI and your Aadhaar has been linked to money laundering. Do not disconnect the call or tell anyone about this investigation. A digital arrest warrant has been issued and police will arrive.,True,False,1,1
+918364602747,377,,The bank branch is closed today due to a public holiday.,False,False,1,0
+918667715097,1407,digital arrest,A digital arrest warrant has been issued and police will arrive. Transfer all funds immediately to the verification account.,True,True,1,1
+917897037643,987,,Transfer all funds immediately to the verification account. A customs parcel in your name contains illegal items.,True,True,7,1
+919979742135,962,,Transfer all funds immediately to the verification account.,True,False,0,1
+917073843390,1269,digital arrest,A digital arrest warrant has been issued and police will arrive.,False,True,4,1
+916036652731,1256,,Can we move tomorrow's project meeting to the afternoon? Your appointment is confirmed for next Monday.,False,False,1,0
+916641157612,1658,cbi|aadhaar,A customs parcel in your name contains illegal items. I am calling from CBI and your Aadhaar has been linked to money laundering.,True,False,9,1
+918215453003,2293,,Please call me when you reach home safely.,False,False,0,0
+919632690501,799,,The bank branch is closed today due to a public holiday. Your grocery delivery will arrive between four and five.,False,False,1,0
+919663367107,2317,,Can we move tomorrow's project meeting to the afternoon? Please call me when you reach home safely.,True,False,1,0
+918829731150,1482,,Transfer all funds immediately to the verification account.,True,True,0,1
+919960579149,599,,A customs parcel in your name contains illegal items. Transfer all funds immediately to the verification account. Do not disconnect the call or tell anyone about this investigation.,True,False,10,1
+916877052144,1630,,Your appointment is confirmed for next Monday. Please call me when you reach home safely.,False,False,1,0
+917308442317,411,cbi|aadhaar,I am calling from CBI and your Aadhaar has been linked to money laundering. Transfer all funds immediately to the verification account.,True,True,8,1
+916115270523,794,,Your grocery delivery will arrive between four and five.,False,False,1,0
+917250288707,2177,,The bank branch is closed today due to a public holiday. Can we move tomorrow's project meeting to the afternoon?,False,False,0,0
+916475641654,558,cbi|aadhaar,I am calling from CBI and your Aadhaar has been linked to money laundering. Do not disconnect the call or tell anyone about this investigation. A customs parcel in your name contains illegal items.,True,True,1,1
+916883376029,1298,,A customs parcel in your name contains illegal items.,True,True,0,1
+918158113763,1909,,Can we move tomorrow's project meeting to the afternoon? The bank branch is closed today due to a public holiday.,False,False,0,0
+917060170258,2183,,A customs parcel in your name contains illegal items.,True,True,7,1
+919166639491,403,,Please call me when you reach home safely. Your appointment is confirmed for next Monday.,False,False,0,0
+918632933108,747,,The bank branch is closed today due to a public holiday. Your appointment is confirmed for next Monday.,False,False,1,0
+916410316157,1641,digital arrest,A customs parcel in your name contains illegal items. A digital arrest warrant has been issued and police will arrive. Do not disconnect the call or tell anyone about this investigation.,False,False,0,1
+916286662713,919,,Transfer all funds immediately to the verification account.,False,True,1,1
+916707978579,1065,cbi|aadhaar|digital arrest,I am calling from CBI and your Aadhaar has been linked to money laundering. Transfer all funds immediately to the verification account. A digital arrest warrant has been issued and police will arrive.,True,True,1,1
+919203862794,1665,cbi|aadhaar,I am calling from CBI and your Aadhaar has been linked to money laundering.,False,True,1,1
+919215539054,1931,,Transfer all funds immediately to the verification account.,True,True,3,1
+916732674578,103,cbi|aadhaar,Do not disconnect the call or tell anyone about this investigation. A customs parcel in your name contains illegal items. I am calling from CBI and your Aadhaar has been linked to money laundering.,False,False,5,1
+919279590011,75,digital arrest,A digital arrest warrant has been issued and police will arrive.,False,True,0,1
+916205110542,2171,digital arrest,Do not disconnect the call or tell anyone about this investigation. A digital arrest warrant has been issued and police will arrive.,False,True,0,1
+917906908289,244,,Please call me when you reach home safely.,False,False,1,0
+916068884600,1757,digital arrest,Do not disconnect the call or tell anyone about this investigation. A digital arrest warrant has been issued and police will arrive.,True,True,4,1
+919566758449,717,cbi|aadhaar,I am calling from CBI and your Aadhaar has been linked to money laundering.,False,False,2,1
+918326595173,1648,cbi|aadhaar,I am calling from CBI and your Aadhaar has been linked to money laundering. Transfer all funds immediately to the verification account. Do not disconnect the call or tell anyone about this investigation.,False,True,4,1
+918808877515,1325,cbi|aadhaar,I am calling from CBI and your Aadhaar has been linked to money laundering.,True,True,3,1
+917584756879,209,cbi|aadhaar,I am calling from CBI and your Aadhaar has been linked to money laundering.,True,True,1,1
+919398434844,2361,digital arrest,A digital arrest warrant has been issued and police will arrive. A customs parcel in your name contains illegal items.,True,False,0,1
+916753041097,1332,,Please call me when you reach home safely. Can we move tomorrow's project meeting to the afternoon?,False,False,1,0
+918613630710,1868,,The bank branch is closed today due to a public holiday.,False,False,0,0
+916999034756,116,,Your appointment is confirmed for next Monday.,False,False,0,0
+918661875683,355,,Can we move tomorrow's project meeting to the afternoon? Please call me when you reach home safely.,False,False,0,0
+919966012059,1847,digital arrest,Do not disconnect the call or tell anyone about this investigation. A digital arrest warrant has been issued and police will arrive.,False,True,11,1
+917238905224,127,cbi|aadhaar,Transfer all funds immediately to the verification account. I am calling from CBI and your Aadhaar has been linked to money laundering.,True,True,7,1
+919893955022,1047,,Can we move tomorrow's project meeting to the afternoon? Your appointment is confirmed for next Monday.,False,False,0,0
+918239704894,1347,,Your appointment is confirmed for next Monday.,False,False,1,0
+916826632812,243,,Please call me when you reach home safely.,False,False,0,0
+919415500097,867,,Do not disconnect the call or tell anyone about this investigation.,True,True,10,1
+918602111250,1049,cbi|aadhaar,A customs parcel in your name contains illegal items. Transfer all funds immediately to the verification account. I am calling from CBI and your Aadhaar has been linked to money laundering.,True,True,0,1
+916343665952,1502,,The bank branch is closed today due to a public holiday.,False,False,1,0
+917638183472,1780,digital arrest,A customs parcel in your name contains illegal items. A digital arrest warrant has been issued and police will arrive.,False,True,1,1
+917105059551,1588,,Your appointment is confirmed for next Monday. Can we move tomorrow's project meeting to the afternoon?,False,False,0,0
+916840592753,663,digital arrest,A digital arrest warrant has been issued and police will arrive. A customs parcel in your name contains illegal items.,False,False,3,1
+917602645134,1603,,Transfer all funds immediately to the verification account. A customs parcel in your name contains illegal items. Do not disconnect the call or tell anyone about this investigation.,True,False,1,1
+919958255823,539,,Please call me when you reach home safely.,False,False,0,0
+919312581035,1457,,Please call me when you reach home safely.,False,False,1,0
+917040897645,1986,cbi|aadhaar|digital arrest,Transfer all funds immediately to the verification account. I am calling from CBI and your Aadhaar has been linked to money laundering. A digital arrest warrant has been issued and police will arrive.,True,False,7,1
+918600326244,1895,,Can we move tomorrow's project meeting to the afternoon?,False,False,1,0
+916052988672,508,digital arrest,A digital arrest warrant has been issued and police will arrive.,False,False,11,1
+919762417827,1762,,Please call me when you reach home safely. Your grocery delivery will arrive between four and five.,False,False,0,0
+919969926697,394,digital arrest,Transfer all funds immediately to the verification account. A customs parcel in your name contains illegal items. A digital arrest warrant has been issued and police will arrive.,True,False,7,1
+919994392015,1660,,Can we move tomorrow's project meeting to the afternoon? The bank branch is closed today due to a public holiday.,False,False,0,0
+917794607451,2180,,A customs parcel in your name contains illegal items.,True,False,2,1
+918089378173,775,digital arrest,Do not disconnect the call or tell anyone about this investigation. A digital arrest warrant has been issued and police will arrive.,True,True,12,1
+916824139082,1092,cbi|aadhaar|digital arrest,Do not disconnect the call or tell anyone about this investigation. A digital arrest warrant has been issued and police will arrive. I am calling from CBI and your Aadhaar has been linked to money laundering.,False,False,3,1
+916342780495,1230,,Your appointment is confirmed for next Monday. Your grocery delivery will arrive between four and five.,False,False,0,0
+918889673699,442,,Transfer all funds immediately to the verification account.,True,True,4,1
+918243409780,59,digital arrest,A digital arrest warrant has been issued and police will arrive.,True,True,0,1
+918595756047,1789,,Please call me when you reach home safely. Your appointment is confirmed for next Monday.,False,False,1,0
+918856489475,1662,,The bank branch is closed today due to a public holiday. Can we move tomorrow's project meeting to the afternoon?,False,False,1,0
+919588106555,598,cbi|aadhaar,Transfer all funds immediately to the verification account. I am calling from CBI and your Aadhaar has been linked to money laundering.,True,True,12,1
+918040966002,2139,,Transfer all funds immediately to the verification account. Do not disconnect the call or tell anyone about this investigation. A customs parcel in your name contains illegal items.,True,True,11,1
+919160292911,1363,cbi|aadhaar|digital arrest,Transfer all funds immediately to the verification account. I am calling from CBI and your Aadhaar has been linked to money laundering. A digital arrest warrant has been issued and police will arrive.,False,False,1,1
+919681216475,441,cbi|aadhaar,A customs parcel in your name contains illegal items. I am calling from CBI and your Aadhaar has been linked to money laundering.,False,False,8,1
+919422319132,386,,Do not disconnect the call or tell anyone about this investigation.,True,True,0,1
+918070898143,2244,,Can we move tomorrow's project meeting to the afternoon? Please call me when you reach home safely.,False,False,0,0
+919989884418,1367,cbi|aadhaar|digital arrest,I am calling from CBI and your Aadhaar has been linked to money laundering. A digital arrest warrant has been issued and police will arrive. Do not disconnect the call or tell anyone about this investigation.,False,True,0,1
+919854779900,534,,The bank branch is closed today due to a public holiday.,False,False,1,0
+918473781261,294,,Your grocery delivery will arrive between four and five. The bank branch is closed today due to a public holiday.,False,False,0,0
+916478384314,395,cbi|aadhaar|digital arrest,A customs parcel in your name contains illegal items. A digital arrest warrant has been issued and police will arrive. I am calling from CBI and your Aadhaar has been linked to money laundering.,True,True,2,1
+916547253832,1313,,Your grocery delivery will arrive between four and five.,False,False,1,0
+918534287482,2223,,The bank branch is closed today due to a public holiday.,False,False,0,0
+918583928070,939,digital arrest,Transfer all funds immediately to the verification account. A digital arrest warrant has been issued and police will arrive.,True,True,0,1
+918146764942,1896,,Transfer all funds immediately to the verification account. Do not disconnect the call or tell anyone about this investigation.,True,False,1,1
+919640711755,2380,cbi|aadhaar,I am calling from CBI and your Aadhaar has been linked to money laundering. Transfer all funds immediately to the verification account. Do not disconnect the call or tell anyone about this investigation.,True,True,12,1
+919479826221,1394,,The bank branch is closed today due to a public holiday. Please call me when you reach home safely.,False,False,0,0
+919679836917,2026,,Your grocery delivery will arrive between four and five.,False,False,0,0
+917495967867,1633,cbi|aadhaar,Do not disconnect the call or tell anyone about this investigation. I am calling from CBI and your Aadhaar has been linked to money laundering. Transfer all funds immediately to the verification account.,True,True,7,1
+916417984375,566,,The bank branch is closed today due to a public holiday. Can we move tomorrow's project meeting to the afternoon?,False,False,1,0
+918811631556,700,,The bank branch is closed today due to a public holiday.,False,False,1,0
+918797045905,67,,Transfer all funds immediately to the verification account. Do not disconnect the call or tell anyone about this investigation.,True,True,12,1
+917834428050,719,,Can we move tomorrow's project meeting to the afternoon?,False,False,1,0
+918548600919,1806,cbi|aadhaar,Do not disconnect the call or tell anyone about this investigation. I am calling from CBI and your Aadhaar has been linked to money laundering.,False,True,9,1
+917034466170,1654,,Can we move tomorrow's project meeting to the afternoon? Your grocery delivery will arrive between four and five.,False,False,0,0
+919340328400,1929,,Please call me when you reach home safely.,False,False,0,0
+916515397731,507,,Please call me when you reach home safely. The bank branch is closed today due to a public holiday.,False,False,0,0
+918979529855,417,cbi|aadhaar|digital arrest,A digital arrest warrant has been issued and police will arrive. Do not disconnect the call or tell anyone about this investigation. I am calling from CBI and your Aadhaar has been linked to money laundering.,False,True,10,1
+919065610816,2231,,A customs parcel in your name contains illegal items. Transfer all funds immediately to the verification account.,True,True,2,1
+916274584412,2155,,Please call me when you reach home safely.,False,False,1,0
+916775946689,767,,Can we move tomorrow's project meeting to the afternoon?,True,False,0,0
+916377188000,2333,cbi|aadhaar|digital arrest,I am calling from CBI and your Aadhaar has been linked to money laundering. A digital arrest warrant has been issued and police will arrive.,True,True,4,1
+917561476763,2259,,Your grocery delivery will arrive between four and five.,False,False,1,0
+916198282570,2157,,Can we move tomorrow's project meeting to the afternoon?,False,False,1,0
+917512331549,2234,,A customs parcel in your name contains illegal items. Do not disconnect the call or tell anyone about this investigation. Transfer all funds immediately to the verification account.,True,True,6,1
+916807770198,610,,Can we move tomorrow's project meeting to the afternoon?,False,False,0,0
+918541689242,1500,,Your appointment is confirmed for next Monday.,False,False,0,0
+917639742550,698,,Your grocery delivery will arrive between four and five. The bank branch is closed today due to a public holiday.,False,False,1,0
+917157062824,819,,A customs parcel in your name contains illegal items. Do not disconnect the call or tell anyone about this investigation.,False,True,2,1
+917358757290,1806,,Please call me when you reach home safely.,False,False,0,0
+916535244065,2206,,Your grocery delivery will arrive between four and five.,False,False,1,0
+917558297794,1396,,The bank branch is closed today due to a public holiday.,False,False,0,0
+916954451581,1580,,Transfer all funds immediately to the verification account.,False,False,7,1
+918528992927,2035,,Can we move tomorrow's project meeting to the afternoon?,False,False,1,0
+919229269576,1625,digital arrest,Transfer all funds immediately to the verification account. A digital arrest warrant has been issued and police will arrive. A customs parcel in your name contains illegal items.,True,True,1,1
+916040791313,2133,,Please call me when you reach home safely. Can we move tomorrow's project meeting to the afternoon?,False,False,1,0
+916227051827,1546,,Please call me when you reach home safely.,False,False,1,0
+918157058203,1204,cbi|aadhaar|digital arrest,A customs parcel in your name contains illegal items. A digital arrest warrant has been issued and police will arrive. I am calling from CBI and your Aadhaar has been linked to money laundering.,True,False,6,1
+917343194801,399,,Do not disconnect the call or tell anyone about this investigation. Transfer all funds immediately to the verification account. A customs parcel in your name contains illegal items.,False,True,1,1
+917227720103,2299,cbi|aadhaar,I am calling from CBI and your Aadhaar has been linked to money laundering.,False,True,1,1
+918060106614,2069,,Please call me when you reach home safely.,False,False,0,0
+918646930819,808,,Please call me when you reach home safely.,False,False,0,0
+919173908479,2193,,Your appointment is confirmed for next Monday. The bank branch is closed today due to a public holiday.,False,False,0,0
+918206258071,1477,digital arrest,Do not disconnect the call or tell anyone about this investigation. A digital arrest warrant has been issued and police will arrive.,False,False,6,1
+917072733459,2238,,Do not disconnect the call or tell anyone about this investigation. Transfer all funds immediately to the verification account.,False,False,1,1
+917137095986,902,,The bank branch is closed today due to a public holiday. Please call me when you reach home safely.,True,False,1,0
+917988814587,2029,,Can we move tomorrow's project meeting to the afternoon? The bank branch is closed today due to a public holiday.,False,False,0,0
+919102828641,792,digital arrest,Transfer all funds immediately to the verification account. A digital arrest warrant has been issued and police will arrive.,True,True,1,1
+917764024904,537,,A customs parcel in your name contains illegal items. Do not disconnect the call or tell anyone about this investigation.,False,False,9,1
+919831941431,776,,Transfer all funds immediately to the verification account. Do not disconnect the call or tell anyone about this investigation. A customs parcel in your name contains illegal items.,True,True,5,1
+917542910061,842,,A customs parcel in your name contains illegal items. Do not disconnect the call or tell anyone about this investigation.,True,True,12,1
+916688536935,845,,A customs parcel in your name contains illegal items.,False,False,6,1
+918362763196,2059,,Your grocery delivery will arrive between four and five. Please call me when you reach home safely.,False,False,1,0
+916471298719,471,,Please call me when you reach home safely. Your appointment is confirmed for next Monday.,False,False,0,0
+919564117458,1431,cbi|aadhaar|digital arrest,A digital arrest warrant has been issued and police will arrive. I am calling from CBI and your Aadhaar has been linked to money laundering.,True,True,0,1
+917243249710,1185,,Please call me when you reach home safely.,False,False,1,0
+919132098783,2124,,Your appointment is confirmed for next Monday.,False,False,0,0
+917843223554,842,,Transfer all funds immediately to the verification account.,True,True,0,1
+916810327163,639,,Your appointment is confirmed for next Monday.,False,False,0,0
+918647707140,847,,Transfer all funds immediately to the verification account.,True,True,0,1
+917829981864,1992,digital arrest,A digital arrest warrant has been issued and police will arrive. Transfer all funds immediately to the verification account.,True,True,0,1
+917507638799,1742,,Transfer all funds immediately to the verification account.,True,True,6,1
+916223899362,1347,,Your grocery delivery will arrive between four and five.,False,False,0,0
+917307202048,486,cbi|aadhaar|digital arrest,I am calling from CBI and your Aadhaar has been linked to money laundering. A customs parcel in your name contains illegal items. A digital arrest warrant has been issued and police will arrive.,True,True,8,1
+918529353797,2196,digital arrest,Do not disconnect the call or tell anyone about this investigation. Transfer all funds immediately to the verification account. A digital arrest warrant has been issued and police will arrive.,False,False,1,1
+919189388745,522,,Do not disconnect the call or tell anyone about this investigation. A customs parcel in your name contains illegal items.,True,True,2,1
+919974994992,434,,Can we move tomorrow's project meeting to the afternoon?,False,False,1,0
+918291612234,659,,The bank branch is closed today due to a public holiday. Please call me when you reach home safely.,False,False,0,0
+917873145919,307,digital arrest,Transfer all funds immediately to the verification account. A digital arrest warrant has been issued and police will arrive. Do not disconnect the call or tell anyone about this investigation.,True,True,12,1
+918992330460,558,,Can we move tomorrow's project meeting to the afternoon?,False,False,1,0
+918126120036,2210,,Can we move tomorrow's project meeting to the afternoon?,False,False,1,0
+918415913029,1628,,Please call me when you reach home safely.,False,False,1,0
+916038059076,2130,cbi|aadhaar,I am calling from CBI and your Aadhaar has been linked to money laundering.,True,True,4,1
+919041930795,1129,,The bank branch is closed today due to a public holiday. Can we move tomorrow's project meeting to the afternoon?,False,False,1,0
+919795043735,1167,digital arrest,A digital arrest warrant has been issued and police will arrive.,False,True,1,1
+916006012787,1453,,Do not disconnect the call or tell anyone about this investigation.,False,True,0,1
+917753819309,1237,,Your grocery delivery will arrive between four and five. The bank branch is closed today due to a public holiday.,False,False,0,0
+916067166793,2231,,Transfer all funds immediately to the verification account.,False,True,5,1
+919736732311,2286,,Please call me when you reach home safely.,False,False,1,0
+916995243301,1807,,Transfer all funds immediately to the verification account. Do not disconnect the call or tell anyone about this investigation.,True,True,7,1
+917973065509,787,,Please call me when you reach home safely.,False,False,0,0
+916763362851,1644,,A customs parcel in your name contains illegal items. Do not disconnect the call or tell anyone about this investigation. Transfer all funds immediately to the verification account.,False,True,5,1
+917728742796,440,cbi|aadhaar,I am calling from CBI and your Aadhaar has been linked to money laundering.,False,False,8,1
+919550057836,85,digital arrest,A digital arrest warrant has been issued and police will arrive.,False,True,7,1
+919307630024,372,,Can we move tomorrow's project meeting to the afternoon?,False,False,0,0
+918329462120,1416,,Your grocery delivery will arrive between four and five.,False,False,0,0
+917320208486,1388,,A customs parcel in your name contains illegal items.,True,False,1,1
+916440518015,2125,cbi|aadhaar,Transfer all funds immediately to the verification account. I am calling from CBI and your Aadhaar has been linked to money laundering. A customs parcel in your name contains illegal items.,False,True,0,1
+917517454498,1204,,Do not disconnect the call or tell anyone about this investigation.,True,True,7,1
+916473029049,949,,Your grocery delivery will arrive between four and five. Please call me when you reach home safely.,False,False,0,0
+917548307811,377,,Your grocery delivery will arrive between four and five. The bank branch is closed today due to a public holiday.,False,False,0,0
+918575311720,772,,Please call me when you reach home safely.,False,False,1,0
+918842116065,1541,digital arrest,Transfer all funds immediately to the verification account. A digital arrest warrant has been issued and police will arrive. Do not disconnect the call or tell anyone about this investigation.,False,False,1,1
+919340556994,630,,Your grocery delivery will arrive between four and five.,False,False,0,0
+916388466980,1353,cbi|aadhaar|digital arrest,A customs parcel in your name contains illegal items. I am calling from CBI and your Aadhaar has been linked to money laundering. A digital arrest warrant has been issued and police will arrive.,False,True,12,1
+917777877424,1395,digital arrest,Transfer all funds immediately to the verification account. A digital arrest warrant has been issued and police will arrive.,True,False,8,1
+918359394165,2066,,Please call me when you reach home safely.,False,False,1,0
+919335439643,928,cbi|aadhaar,Do not disconnect the call or tell anyone about this investigation. A customs parcel in your name contains illegal items. I am calling from CBI and your Aadhaar has been linked to money laundering.,False,True,7,1
+918035498167,577,,Do not disconnect the call or tell anyone about this investigation.,False,True,0,1
+918368676116,1754,,Transfer all funds immediately to the verification account. Do not disconnect the call or tell anyone about this investigation.,True,False,3,1
+918988355499,616,,Can we move tomorrow's project meeting to the afternoon?,False,False,0,0
+918550891211,677,cbi|aadhaar,Transfer all funds immediately to the verification account. I am calling from CBI and your Aadhaar has been linked to money laundering.,True,True,0,1
+917788831866,643,,Do not disconnect the call or tell anyone about this investigation.,False,False,10,1
+919103360508,1411,digital arrest,A digital arrest warrant has been issued and police will arrive.,True,True,1,1
+916669531015,275,,The bank branch is closed today due to a public holiday.,False,False,0,0
+918920163483,1890,digital arrest,A digital arrest warrant has been issued and police will arrive.,True,False,7,1
+917167490678,406,,Can we move tomorrow's project meeting to the afternoon? Please call me when you reach home safely.,False,False,0,0
+918658772734,259,,Can we move tomorrow's project meeting to the afternoon?,False,False,1,0
+917739890713,1588,cbi|aadhaar|digital arrest,A digital arrest warrant has been issued and police will arrive. I am calling from CBI and your Aadhaar has been linked to money laundering. Transfer all funds immediately to the verification account.,True,True,6,1
+916448394850,348,,Can we move tomorrow's project meeting to the afternoon? The bank branch is closed today due to a public holiday.,False,False,0,0
+916699050622,2248,,Your grocery delivery will arrive between four and five. Can we move tomorrow's project meeting to the afternoon?,False,False,1,0
+916139014305,1014,,Transfer all funds immediately to the verification account.,True,True,4,1
+916196196740,226,,Your appointment is confirmed for next Monday.,False,False,1,0
+917709982756,2078,,The bank branch is closed today due to a public holiday.,False,False,1,0
+917749282456,2092,,Can we move tomorrow's project meeting to the afternoon? Your grocery delivery will arrive between four and five.,False,False,1,0
+918048497671,183,,Your grocery delivery will arrive between four and five.,False,False,1,0
+919468083164,606,cbi|aadhaar|digital arrest,I am calling from CBI and your Aadhaar has been linked to money laundering. A digital arrest warrant has been issued and police will arrive.,False,False,0,1
+918677786557,1794,digital arrest,A digital arrest warrant has been issued and police will arrive. Transfer all funds immediately to the verification account. Do not disconnect the call or tell anyone about this investigation.,True,True,1,1
+916654559069,2352,,Can we move tomorrow's project meeting to the afternoon? Your appointment is confirmed for next Monday.,False,False,0,0
+919424734030,387,,Do not disconnect the call or tell anyone about this investigation.,True,True,1,1
+917517706056,395,,Transfer all funds immediately to the verification account.,True,True,5,1
+919277688676,1840,,The bank branch is closed today due to a public holiday. Please call me when you reach home safely.,False,False,1,0
+917722020827,1705,digital arrest,A digital arrest warrant has been issued and police will arrive.,False,False,6,1
+918201081617,1314,,Please call me when you reach home safely.,False,False,1,0
+919182753553,1032,,The bank branch is closed today due to a public holiday. Your grocery delivery will arrive between four and five.,False,False,0,0
+917614141871,678,,Your grocery delivery will arrive between four and five.,False,False,1,0
+918873979788,412,,Please call me when you reach home safely.,False,False,1,0
+919962067603,1655,cbi|aadhaar|digital arrest,A customs parcel in your name contains illegal items. I am calling from CBI and your Aadhaar has been linked to money laundering. A digital arrest warrant has been issued and police will arrive.,False,False,2,1
+919016316162,1980,cbi|aadhaar,I am calling from CBI and your Aadhaar has been linked to money laundering. Transfer all funds immediately to the verification account.,True,True,10,1
+918581607832,1587,cbi|aadhaar,Do not disconnect the call or tell anyone about this investigation. A customs parcel in your name contains illegal items. I am calling from CBI and your Aadhaar has been linked to money laundering.,True,True,1,1
+916908355009,123,,Please call me when you reach home safely. Can we move tomorrow's project meeting to the afternoon?,False,False,0,0
+916608759619,313,,The bank branch is closed today due to a public holiday. Can we move tomorrow's project meeting to the afternoon?,False,False,0,0
+916230821363,408,digital arrest,A customs parcel in your name contains illegal items. A digital arrest warrant has been issued and police will arrive. Transfer all funds immediately to the verification account.,False,True,5,1
+918299982007,688,digital arrest,Do not disconnect the call or tell anyone about this investigation. A digital arrest warrant has been issued and police will arrive.,False,True,7,1
+919104074578,2399,cbi|aadhaar|digital arrest,A digital arrest warrant has been issued and police will arrive. A customs parcel in your name contains illegal items. I am calling from CBI and your Aadhaar has been linked to money laundering.,False,True,10,1
+917358961337,495,cbi|aadhaar,Transfer all funds immediately to the verification account. I am calling from CBI and your Aadhaar has been linked to money laundering. A customs parcel in your name contains illegal items.,False,True,0,1
+919575606753,544,,Your appointment is confirmed for next Monday. Your grocery delivery will arrive between four and five.,False,False,1,0
+919202789486,798,,Your grocery delivery will arrive between four and five.,False,False,0,0
+916928302572,1455,,Your appointment is confirmed for next Monday.,False,False,1,0
+917318406441,2086,cbi|aadhaar|digital arrest,A digital arrest warrant has been issued and police will arrive. I am calling from CBI and your Aadhaar has been linked to money laundering. Do not disconnect the call or tell anyone about this investigation.,False,True,0,1
+917829008359,2172,digital arrest,A customs parcel in your name contains illegal items. A digital arrest warrant has been issued and police will arrive.,False,False,6,1
+916698607094,2253,,A customs parcel in your name contains illegal items.,True,True,3,1
+919461484918,455,digital arrest,A customs parcel in your name contains illegal items. Transfer all funds immediately to the verification account. A digital arrest warrant has been issued and police will arrive.,True,False,0,1
+918161921273,163,cbi|aadhaar,I am calling from CBI and your Aadhaar has been linked to money laundering. A customs parcel in your name contains illegal items.,False,True,0,1
+918369052035,1590,,Can we move tomorrow's project meeting to the afternoon?,False,False,1,0
+917773541214,1651,,The bank branch is closed today due to a public holiday.,True,False,1,0
+919601262104,1728,digital arrest,A digital arrest warrant has been issued and police will arrive.,False,True,11,1
+918228930169,1330,cbi|aadhaar|digital arrest,I am calling from CBI and your Aadhaar has been linked to money laundering. A digital arrest warrant has been issued and police will arrive.,True,False,6,1
+918646850542,1641,,Can we move tomorrow's project meeting to the afternoon? Please call me when you reach home safely.,False,False,0,0
+917731382986,1333,,Can we move tomorrow's project meeting to the afternoon? Please call me when you reach home safely.,False,False,0,0
+917683679470,1095,,Do not disconnect the call or tell anyone about this investigation.,False,True,11,1
+919307263247,656,cbi|aadhaar,Do not disconnect the call or tell anyone about this investigation. I am calling from CBI and your Aadhaar has been linked to money laundering.,True,True,7,1
+916108619179,564,,Your appointment is confirmed for next Monday.,False,False,1,0
+917275272470,823,,Can we move tomorrow's project meeting to the afternoon? Your appointment is confirmed for next Monday.,False,False,0,0
+918741849428,453,cbi|aadhaar,Transfer all funds immediately to the verification account. I am calling from CBI and your Aadhaar has been linked to money laundering.,True,True,3,1
+917213169532,1103,,Your grocery delivery will arrive between four and five.,False,False,0,0
+917777021820,331,,Transfer all funds immediately to the verification account. Do not disconnect the call or tell anyone about this investigation.,True,False,8,1
+919821290481,1314,,Please call me when you reach home safely.,False,False,1,0
+918711040924,158,,Do not disconnect the call or tell anyone about this investigation.,True,True,3,1
+916522240599,819,cbi|aadhaar,A customs parcel in your name contains illegal items. I am calling from CBI and your Aadhaar has been linked to money laundering.,False,True,12,1
+916493012661,918,,Can we move tomorrow's project meeting to the afternoon?,True,False,1,0
+916395007463,1457,,Do not disconnect the call or tell anyone about this investigation.,False,True,8,1
+919961454933,820,,Please call me when you reach home safely. Your appointment is confirmed for next Monday.,False,False,1,0
+919410631499,873,cbi|aadhaar,Transfer all funds immediately to the verification account. A customs parcel in your name contains illegal items. I am calling from CBI and your Aadhaar has been linked to money laundering.,False,True,10,1
+917843885186,848,,A customs parcel in your name contains illegal items. Transfer all funds immediately to the verification account.,True,True,0,1
+917260459282,2202,cbi|aadhaar|digital arrest,I am calling from CBI and your Aadhaar has been linked to money laundering. A customs parcel in your name contains illegal items. A digital arrest warrant has been issued and police will arrive.,True,True,1,1
+916311987868,911,,Transfer all funds immediately to the verification account.,False,True,3,1
+916918145589,1936,cbi|aadhaar|digital arrest,I am calling from CBI and your Aadhaar has been linked to money laundering. A digital arrest warrant has been issued and police will arrive.,True,False,1,1
+918264574595,920,digital arrest,A digital arrest warrant has been issued and police will arrive.,True,True,5,1
+916851049558,837,cbi|aadhaar,I am calling from CBI and your Aadhaar has been linked to money laundering. A customs parcel in your name contains illegal items. Transfer all funds immediately to the verification account.,True,False,1,1
+918583125110,1368,,Transfer all funds immediately to the verification account.,False,True,2,1
+919915477491,1921,,Transfer all funds immediately to the verification account.,True,False,10,1
+918769290424,96,,Your grocery delivery will arrive between four and five. Your appointment is confirmed for next Monday.,False,False,1,0
+918389935392,1312,digital arrest,Transfer all funds immediately to the verification account. A digital arrest warrant has been issued and police will arrive.,True,True,6,1
+918654191036,450,digital arrest,A customs parcel in your name contains illegal items. A digital arrest warrant has been issued and police will arrive.,True,False,0,1
+919110644486,1814,,Do not disconnect the call or tell anyone about this investigation.,True,False,6,1
+916185010792,483,cbi|aadhaar|digital arrest,Transfer all funds immediately to the verification account. I am calling from CBI and your Aadhaar has been linked to money laundering. A digital arrest warrant has been issued and police will arrive.,True,False,1,1
+918505912440,1917,,Transfer all funds immediately to the verification account. A customs parcel in your name contains illegal items.,True,False,3,1
+918870048566,531,digital arrest,A digital arrest warrant has been issued and police will arrive.,True,True,1,1
+916394275305,1110,,A customs parcel in your name contains illegal items. Transfer all funds immediately to the verification account.,False,True,12,1
+918984852250,349,,Your appointment is confirmed for next Monday. Can we move tomorrow's project meeting to the afternoon?,False,False,0,0
+916807099214,2027,cbi|aadhaar,I am calling from CBI and your Aadhaar has been linked to money laundering.,True,False,1,1
+916453808274,562,digital arrest,A digital arrest warrant has been issued and police will arrive. Transfer all funds immediately to the verification account. Do not disconnect the call or tell anyone about this investigation.,True,False,0,1
+917817174845,702,digital arrest,A digital arrest warrant has been issued and police will arrive. Do not disconnect the call or tell anyone about this investigation.,False,True,0,1
+919763234181,468,,Can we move tomorrow's project meeting to the afternoon?,False,False,1,0
+917511643051,1117,,Do not disconnect the call or tell anyone about this investigation. Transfer all funds immediately to the verification account.,True,True,11,1
+917704792795,2086,,Please call me when you reach home safely. Can we move tomorrow's project meeting to the afternoon?,False,False,0,0
+919985815379,1760,digital arrest,Transfer all funds immediately to the verification account. A digital arrest warrant has been issued and police will arrive.,True,True,11,1
+917862148968,477,digital arrest,A digital arrest warrant has been issued and police will arrive.,False,True,10,1
+916228224974,176,,Can we move tomorrow's project meeting to the afternoon?,False,False,0,0
+916435098559,930,cbi|aadhaar|digital arrest,I am calling from CBI and your Aadhaar has been linked to money laundering. Transfer all funds immediately to the verification account. A digital arrest warrant has been issued and police will arrive.,False,True,1,1
+919374674565,863,,Please call me when you reach home safely. Can we move tomorrow's project meeting to the afternoon?,False,False,0,0
+919174370602,1280,cbi|aadhaar,Transfer all funds immediately to the verification account. I am calling from CBI and your Aadhaar has been linked to money laundering. A customs parcel in your name contains illegal items.,False,True,12,1
+916715736788,797,,The bank branch is closed today due to a public holiday.,False,False,0,0
+917133150622,345,,A customs parcel in your name contains illegal items.,True,True,1,1
+918035085042,34,,Your appointment is confirmed for next Monday.,False,False,1,0
+918256013976,2090,cbi|aadhaar,I am calling from CBI and your Aadhaar has been linked to money laundering.,True,False,1,1
+918107376583,1466,cbi|aadhaar,I am calling from CBI and your Aadhaar has been linked to money laundering.,False,True,12,1
+917433397518,2151,digital arrest,Transfer all funds immediately to the verification account. A digital arrest warrant has been issued and police will arrive.,False,True,6,1
+916635227298,1710,,Your grocery delivery will arrive between four and five. The bank branch is closed today due to a public holiday.,False,False,0,0
+916132734573,1030,,The bank branch is closed today due to a public holiday.,False,False,1,0
+916832545527,1577,,The bank branch is closed today due to a public holiday. Can we move tomorrow's project meeting to the afternoon?,False,False,0,0
+919909826129,1458,,Your appointment is confirmed for next Monday. Can we move tomorrow's project meeting to the afternoon?,False,False,1,0
+917474352507,533,digital arrest,Transfer all funds immediately to the verification account. A digital arrest warrant has been issued and police will arrive.,True,True,10,1
+916631923215,1940,cbi|aadhaar,Transfer all funds immediately to the verification account. I am calling from CBI and your Aadhaar has been linked to money laundering.,False,False,1,1
+918090896606,1210,,Your appointment is confirmed for next Monday. Can we move tomorrow's project meeting to the afternoon?,False,False,1,0
+918097517915,1282,cbi|aadhaar,I am calling from CBI and your Aadhaar has been linked to money laundering. Do not disconnect the call or tell anyone about this investigation.,True,True,10,1
+919372680168,2086,cbi|aadhaar,I am calling from CBI and your Aadhaar has been linked to money laundering.,False,False,6,1
+916612652415,835,,Your grocery delivery will arrive between four and five.,False,False,1,0
+917523133874,1048,,Can we move tomorrow's project meeting to the afternoon? Your grocery delivery will arrive between four and five.,False,False,1,0
+919952203708,1267,,Please call me when you reach home safely. Your grocery delivery will arrive between four and five.,False,False,1,0
+917788047722,2300,,Transfer all funds immediately to the verification account. Do not disconnect the call or tell anyone about this investigation.,True,True,0,1
+919581368565,1819,digital arrest,A digital arrest warrant has been issued and police will arrive. A customs parcel in your name contains illegal items.,True,False,7,1
+917521250993,1781,,Your appointment is confirmed for next Monday. The bank branch is closed today due to a public holiday.,False,False,1,0
+916379799603,605,,Your grocery delivery will arrive between four and five. Your appointment is confirmed for next Monday.,False,False,1,0
+919865094368,2346,digital arrest,A digital arrest warrant has been issued and police will arrive.,False,True,3,1
+919757713582,2151,,Do not disconnect the call or tell anyone about this investigation. A customs parcel in your name contains illegal items.,True,False,1,1
+916418325761,1220,,Transfer all funds immediately to the verification account.,True,True,0,1
+919013231659,869,,Your grocery delivery will arrive between four and five.,False,False,0,0
+917292322177,1303,,Can we move tomorrow's project meeting to the afternoon? Your appointment is confirmed for next Monday.,False,False,0,0
+916288372981,30,,Your appointment is confirmed for next Monday. Can we move tomorrow's project meeting to the afternoon?,False,False,0,0
+916444988777,1970,,Can we move tomorrow's project meeting to the afternoon?,True,False,0,0
+919523036945,992,cbi|aadhaar|digital arrest,I am calling from CBI and your Aadhaar has been linked to money laundering. A digital arrest warrant has been issued and police will arrive.,False,False,8,1
+916628123368,118,,Your appointment is confirmed for next Monday. Your grocery delivery will arrive between four and five.,False,False,1,0
+918045084752,1997,,Can we move tomorrow's project meeting to the afternoon?,False,False,0,0
+917657087659,469,,The bank branch is closed today due to a public holiday. Your appointment is confirmed for next Monday.,False,False,1,0
+917963153449,522,,Your grocery delivery will arrive between four and five.,False,False,1,0
+918009645719,1907,cbi|aadhaar,I am calling from CBI and your Aadhaar has been linked to money laundering. A customs parcel in your name contains illegal items.,True,False,6,1
+919876424967,2180,,Your appointment is confirmed for next Monday. Can we move tomorrow's project meeting to the afternoon?,False,False,1,0
+919687933347,603,,Do not disconnect the call or tell anyone about this investigation. Transfer all funds immediately to the verification account. A customs parcel in your name contains illegal items.,True,True,1,1
+917617152818,1962,,Please call me when you reach home safely. Your grocery delivery will arrive between four and five.,False,False,1,0
+919564334391,1683,cbi|aadhaar|digital arrest,A digital arrest warrant has been issued and police will arrive. Transfer all funds immediately to the verification account. I am calling from CBI and your Aadhaar has been linked to money laundering.,True,True,1,1
+918046178280,1355,cbi|aadhaar|digital arrest,Do not disconnect the call or tell anyone about this investigation. A digital arrest warrant has been issued and police will arrive. I am calling from CBI and your Aadhaar has been linked to money laundering.,False,False,1,1
+919127436959,1603,,Your grocery delivery will arrive between four and five.,False,False,0,0
+919220946051,328,cbi|aadhaar,I am calling from CBI and your Aadhaar has been linked to money laundering.,True,True,0,1
+918737594009,2380,cbi|aadhaar,I am calling from CBI and your Aadhaar has been linked to money laundering. Do not disconnect the call or tell anyone about this investigation. A customs parcel in your name contains illegal items.,True,True,8,1
+919495406469,2194,,A customs parcel in your name contains illegal items. Transfer all funds immediately to the verification account.,False,True,12,1
+917544302748,1701,cbi|aadhaar|digital arrest,I am calling from CBI and your Aadhaar has been linked to money laundering. A digital arrest warrant has been issued and police will arrive. A customs parcel in your name contains illegal items.,True,False,3,1
+919575143282,879,,Can we move tomorrow's project meeting to the afternoon? Please call me when you reach home safely.,False,False,0,0
+917615415486,320,,Transfer all funds immediately to the verification account. Do not disconnect the call or tell anyone about this investigation.,True,True,1,1
+917421289722,122,cbi|aadhaar,Transfer all funds immediately to the verification account. I am calling from CBI and your Aadhaar has been linked to money laundering. A customs parcel in your name contains illegal items.,True,True,1,1
+919747112149,676,,Please call me when you reach home safely. The bank branch is closed today due to a public holiday.,False,False,0,0
+919940165765,1107,digital arrest,Do not disconnect the call or tell anyone about this investigation. Transfer all funds immediately to the verification account. A digital arrest warrant has been issued and police will arrive.,False,True,0,1
+918349722251,1380,,Transfer all funds immediately to the verification account. Do not disconnect the call or tell anyone about this investigation.,False,True,1,1
+916313154228,2339,,Can we move tomorrow's project meeting to the afternoon?,False,False,1,0
+917787737944,360,,The bank branch is closed today due to a public holiday.,False,False,0,0
+918180143731,952,,Transfer all funds immediately to the verification account.,False,True,0,1
+919484778286,833,cbi|aadhaar,Do not disconnect the call or tell anyone about this investigation. I am calling from CBI and your Aadhaar has been linked to money laundering.,True,False,0,1
+916223941379,1615,,Your appointment is confirmed for next Monday.,False,False,1,0
+917880993200,513,,Please call me when you reach home safely. Can we move tomorrow's project meeting to the afternoon?,False,False,0,0
+917874859855,267,,The bank branch is closed today due to a public holiday. Can we move tomorrow's project meeting to the afternoon?,False,False,1,0
+919443563465,91,,Do not disconnect the call or tell anyone about this investigation.,False,True,9,1
+916187773519,1316,cbi|aadhaar,I am calling from CBI and your Aadhaar has been linked to money laundering.,True,True,8,1
+918603282086,1659,,The bank branch is closed today due to a public holiday.,False,False,0,0
+919029047948,1492,cbi|aadhaar,I am calling from CBI and your Aadhaar has been linked to money laundering.,False,True,9,1
+919732201762,1030,,The bank branch is closed today due to a public holiday. Your appointment is confirmed for next Monday.,False,False,1,0
+918670918974,2021,cbi|aadhaar|digital arrest,A digital arrest warrant has been issued and police will arrive. I am calling from CBI and your Aadhaar has been linked to money laundering. A customs parcel in your name contains illegal items.,True,False,7,1
+916527198854,1555,digital arrest,A digital arrest warrant has been issued and police will arrive.,False,True,12,1
+918791333967,1888,,Can we move tomorrow's project meeting to the afternoon?,False,False,1,0
+916362895954,274,,Transfer all funds immediately to the verification account.,True,True,7,1
+917907050257,211,,Your grocery delivery will arrive between four and five. Please call me when you reach home safely.,False,False,1,0
+916111635207,1407,cbi|aadhaar,A customs parcel in your name contains illegal items. I am calling from CBI and your Aadhaar has been linked to money laundering. Transfer all funds immediately to the verification account.,False,False,9,1
+919117228347,1807,,Your grocery delivery will arrive between four and five.,False,False,1,0
+919097947126,1207,,Your grocery delivery will arrive between four and five.,False,False,1,0
+917637632518,1944,,Please call me when you reach home safely. The bank branch is closed today due to a public holiday.,False,False,0,0
+919434208286,1153,,Your grocery delivery will arrive between four and five.,False,False,1,0
+917154261079,1056,digital arrest,Transfer all funds immediately to the verification account. A digital arrest warrant has been issued and police will arrive. A customs parcel in your name contains illegal items.,False,True,10,1
+918441435837,1344,,Your grocery delivery will arrive between four and five.,False,False,1,0
+916038099365,1940,,Please call me when you reach home safely. Your grocery delivery will arrive between four and five.,True,False,1,0
+918621341049,2288,digital arrest,A digital arrest warrant has been issued and police will arrive. Do not disconnect the call or tell anyone about this investigation. A customs parcel in your name contains illegal items.,True,True,2,1
+918125703567,551,,Transfer all funds immediately to the verification account.,True,True,1,1
+919696121215,1833,cbi|aadhaar|digital arrest,I am calling from CBI and your Aadhaar has been linked to money laundering. Do not disconnect the call or tell anyone about this investigation. A digital arrest warrant has been issued and police will arrive.,False,False,0,1
+919628950567,1477,cbi|aadhaar,Do not disconnect the call or tell anyone about this investigation. I am calling from CBI and your Aadhaar has been linked to money laundering. Transfer all funds immediately to the verification account.,True,True,1,1
+918194880840,347,,Transfer all funds immediately to the verification account.,True,True,9,1
+917402480930,1505,cbi|aadhaar,A customs parcel in your name contains illegal items. I am calling from CBI and your Aadhaar has been linked to money laundering.,True,True,1,1
+917249288426,644,,Transfer all funds immediately to the verification account. A customs parcel in your name contains illegal items. Do not disconnect the call or tell anyone about this investigation.,False,True,0,1
+917627104076,163,,Do not disconnect the call or tell anyone about this investigation. Transfer all funds immediately to the verification account. A customs parcel in your name contains illegal items.,False,False,1,1
+919152296615,1742,cbi|aadhaar|digital arrest,I am calling from CBI and your Aadhaar has been linked to money laundering. A digital arrest warrant has been issued and police will arrive. A customs parcel in your name contains illegal items.,True,True,10,1
+916837619957,2386,cbi|aadhaar,I am calling from CBI and your Aadhaar has been linked to money laundering. A customs parcel in your name contains illegal items. Transfer all funds immediately to the verification account.,True,True,8,1
+916495711899,1017,,Transfer all funds immediately to the verification account.,True,False,6,1
+918407145027,2101,,The bank branch is closed today due to a public holiday. Your grocery delivery will arrive between four and five.,False,False,1,0
+919555464546,543,digital arrest,A digital arrest warrant has been issued and police will arrive. Do not disconnect the call or tell anyone about this investigation.,False,True,7,1
+916506651617,363,digital arrest,A digital arrest warrant has been issued and police will arrive. Do not disconnect the call or tell anyone about this investigation.,True,True,1,1
+919764133817,1889,digital arrest,A digital arrest warrant has been issued and police will arrive.,True,False,4,1
+919581395249,1797,digital arrest,A digital arrest warrant has been issued and police will arrive. A customs parcel in your name contains illegal items.,True,False,0,1
+919883768812,1759,,Do not disconnect the call or tell anyone about this investigation.,True,False,9,1
+918648403946,471,cbi|aadhaar,Do not disconnect the call or tell anyone about this investigation. Transfer all funds immediately to the verification account. I am calling from CBI and your Aadhaar has been linked to money laundering.,False,True,6,1
+918049154876,581,,Transfer all funds immediately to the verification account. A customs parcel in your name contains illegal items. Do not disconnect the call or tell anyone about this investigation.,False,True,1,1
+918549291951,1545,,Can we move tomorrow's project meeting to the afternoon?,False,False,0,0
+919320036885,426,,A customs parcel in your name contains illegal items. Do not disconnect the call or tell anyone about this investigation.,True,True,10,1
+919625233376,1777,digital arrest,A digital arrest warrant has been issued and police will arrive.,True,True,9,1
+919139556167,892,,Do not disconnect the call or tell anyone about this investigation.,True,False,12,1
+918090084527,1827,cbi|aadhaar,Transfer all funds immediately to the verification account. I am calling from CBI and your Aadhaar has been linked to money laundering. Do not disconnect the call or tell anyone about this investigation.,True,True,2,1
+916888384398,2291,cbi|aadhaar|digital arrest,A digital arrest warrant has been issued and police will arrive. I am calling from CBI and your Aadhaar has been linked to money laundering.,False,True,1,1
+919825288730,2241,,Your appointment is confirmed for next Monday.,False,False,0,0
+917910507440,2163,cbi|aadhaar,I am calling from CBI and your Aadhaar has been linked to money laundering. Transfer all funds immediately to the verification account.,True,True,10,1
+916373077289,590,cbi|aadhaar,I am calling from CBI and your Aadhaar has been linked to money laundering.,False,True,7,1
+919196647652,941,,The bank branch is closed today due to a public holiday.,False,False,0,0
+917352098330,187,digital arrest,Transfer all funds immediately to the verification account. A digital arrest warrant has been issued and police will arrive. Do not disconnect the call or tell anyone about this investigation.,True,False,0,1
+917056191455,590,,Can we move tomorrow's project meeting to the afternoon? Your grocery delivery will arrive between four and five.,False,False,0,0
+918019130310,650,,Can we move tomorrow's project meeting to the afternoon?,False,False,1,0
+919681460410,907,,Transfer all funds immediately to the verification account. Do not disconnect the call or tell anyone about this investigation.,True,False,2,1
+918634439400,1587,digital arrest,A digital arrest warrant has been issued and police will arrive. Do not disconnect the call or tell anyone about this investigation. Transfer all funds immediately to the verification account.,False,False,7,1
+918868934222,2016,,A customs parcel in your name contains illegal items. Do not disconnect the call or tell anyone about this investigation.,True,False,0,1
+916414607096,926,,Your appointment is confirmed for next Monday. Please call me when you reach home safely.,False,False,1,0
+917062558845,1770,,Please call me when you reach home safely. Your appointment is confirmed for next Monday.,False,False,1,0
+918077642039,2033,cbi|aadhaar,I am calling from CBI and your Aadhaar has been linked to money laundering. Transfer all funds immediately to the verification account.,False,False,0,1
+918179641818,911,,The bank branch is closed today due to a public holiday.,False,False,1,0
+917123585989,1330,,Your appointment is confirmed for next Monday.,False,False,1,0
+917152413759,2018,,Please call me when you reach home safely. The bank branch is closed today due to a public holiday.,False,False,0,0
+916715263006,2225,,Transfer all funds immediately to the verification account.,True,True,4,1
+919446337072,1583,,Can we move tomorrow's project meeting to the afternoon? Your grocery delivery will arrive between four and five.,False,False,0,0
+918227580491,892,,Your appointment is confirmed for next Monday. Your grocery delivery will arrive between four and five.,False,False,0,0
+919441494580,691,digital arrest,A digital arrest warrant has been issued and police will arrive.,False,True,12,1
+916086021207,2186,digital arrest,A digital arrest warrant has been issued and police will arrive.,True,True,0,1
+919317482701,1042,cbi|aadhaar,I am calling from CBI and your Aadhaar has been linked to money laundering. Do not disconnect the call or tell anyone about this investigation.,True,True,1,1
+919702191781,377,,Please call me when you reach home safely. Can we move tomorrow's project meeting to the afternoon?,False,False,1,0
+918526281688,1632,cbi|aadhaar|digital arrest,A customs parcel in your name contains illegal items. I am calling from CBI and your Aadhaar has been linked to money laundering. A digital arrest warrant has been issued and police will arrive.,True,True,0,1
+917297741454,1152,,The bank branch is closed today due to a public holiday. Please call me when you reach home safely.,False,False,0,0
+917745177124,2327,digital arrest,A digital arrest warrant has been issued and police will arrive. A customs parcel in your name contains illegal items. Do not disconnect the call or tell anyone about this investigation.,True,True,2,1
+917600896084,2268,digital arrest,A digital arrest warrant has been issued and police will arrive. Do not disconnect the call or tell anyone about this investigation. A customs parcel in your name contains illegal items.,False,False,8,1
+918760884721,1302,cbi|aadhaar|digital arrest,I am calling from CBI and your Aadhaar has been linked to money laundering. A customs parcel in your name contains illegal items. A digital arrest warrant has been issued and police will arrive.,True,True,8,1
+916891986607,2036,,Your grocery delivery will arrive between four and five.,False,False,0,0
+916253115128,2051,digital arrest,A digital arrest warrant has been issued and police will arrive. A customs parcel in your name contains illegal items.,True,False,10,1
+919742754407,52,cbi|aadhaar,Do not disconnect the call or tell anyone about this investigation. I am calling from CBI and your Aadhaar has been linked to money laundering.,True,True,10,1
+919044565623,2008,digital arrest,A customs parcel in your name contains illegal items. A digital arrest warrant has been issued and police will arrive. Do not disconnect the call or tell anyone about this investigation.,True,True,0,1
+919003279786,347,,Your grocery delivery will arrive between four and five.,False,False,1,0
+916713810569,838,,Your appointment is confirmed for next Monday.,False,False,0,0
+916733245783,2178,,Please call me when you reach home safely.,False,False,1,0
+916505016336,1813,,Please call me when you reach home safely. Your grocery delivery will arrive between four and five.,False,False,1,0
+918421547141,709,,Your appointment is confirmed for next Monday. The bank branch is closed today due to a public holiday.,False,False,1,0
+918230719199,1059,,Your appointment is confirmed for next Monday.,False,False,1,0
+917788007547,764,digital arrest,Do not disconnect the call or tell anyone about this investigation. A digital arrest warrant has been issued and police will arrive.,True,True,8,1
+918309539197,1908,,Transfer all funds immediately to the verification account.,True,False,0,1
+916970789345,1442,digital arrest,A digital arrest warrant has been issued and police will arrive. Do not disconnect the call or tell anyone about this investigation.,False,True,11,1
+917577433265,1681,,The bank branch is closed today due to a public holiday. Please call me when you reach home safely.,False,False,1,0
+916442279762,916,,Your grocery delivery will arrive between four and five.,False,False,0,0
+919315623169,1165,,Do not disconnect the call or tell anyone about this investigation.,False,True,1,1
+919364526708,979,,Can we move tomorrow's project meeting to the afternoon? Your appointment is confirmed for next Monday.,False,False,0,0
+919848090287,243,cbi|aadhaar|digital arrest,Do not disconnect the call or tell anyone about this investigation. A digital arrest warrant has been issued and police will arrive. I am calling from CBI and your Aadhaar has been linked to money laundering.,True,True,1,1
+918149094710,510,,Please call me when you reach home safely. The bank branch is closed today due to a public holiday.,False,False,1,0
+916335864978,906,,A customs parcel in your name contains illegal items. Transfer all funds immediately to the verification account.,False,True,9,1
+918104935573,1056,,Can we move tomorrow's project meeting to the afternoon? Please call me when you reach home safely.,False,False,1,0
+919720036260,1527,,The bank branch is closed today due to a public holiday. Can we move tomorrow's project meeting to the afternoon?,False,False,0,0
+917642642085,1562,,Please call me when you reach home safely. Can we move tomorrow's project meeting to the afternoon?,False,False,0,0
+917550446153,2184,,Can we move tomorrow's project meeting to the afternoon?,False,False,1,0
+918159480998,83,,Your grocery delivery will arrive between four and five. The bank branch is closed today due to a public holiday.,False,False,1,0
+917177567644,264,digital arrest,A customs parcel in your name contains illegal items. A digital arrest warrant has been issued and police will arrive.,False,False,12,1
+916746340614,1969,,Your appointment is confirmed for next Monday. Please call me when you reach home safely.,False,False,1,0
+916123853836,657,,Your grocery delivery will arrive between four and five.,False,False,1,0
+918737947824,285,cbi|aadhaar,I am calling from CBI and your Aadhaar has been linked to money laundering.,True,True,2,1
+919596062411,1326,,Can we move tomorrow's project meeting to the afternoon? Your grocery delivery will arrive between four and five.,False,False,1,0
+916278979168,820,cbi|aadhaar|digital arrest,Transfer all funds immediately to the verification account. I am calling from CBI and your Aadhaar has been linked to money laundering. A digital arrest warrant has been issued and police will arrive.,False,True,11,1
+918958015721,2100,cbi|aadhaar,Transfer all funds immediately to the verification account. I am calling from CBI and your Aadhaar has been linked to money laundering. A customs parcel in your name contains illegal items.,True,True,5,1
+918407584239,1466,,The bank branch is closed today due to a public holiday.,False,False,1,0
+916371160993,790,cbi|aadhaar|digital arrest,I am calling from CBI and your Aadhaar has been linked to money laundering. A customs parcel in your name contains illegal items. A digital arrest warrant has been issued and police will arrive.,True,True,2,1
+916934266427,1564,,Can we move tomorrow's project meeting to the afternoon?,False,False,0,0
+919210094777,573,,The bank branch is closed today due to a public holiday.,False,False,0,0
+919587479963,801,,Do not disconnect the call or tell anyone about this investigation. Transfer all funds immediately to the verification account.,True,True,6,1
+917561706793,1458,,Transfer all funds immediately to the verification account. A customs parcel in your name contains illegal items.,False,True,8,1
+916668744549,2233,,Your grocery delivery will arrive between four and five.,False,False,1,0
+917469656898,2093,,The bank branch is closed today due to a public holiday. Your appointment is confirmed for next Monday.,False,False,0,0
+916937397755,1945,,Your grocery delivery will arrive between four and five. Can we move tomorrow's project meeting to the afternoon?,False,False,1,0
+918006810036,1352,,Please call me when you reach home safely.,False,False,0,0
+916033922944,680,cbi|aadhaar,I am calling from CBI and your Aadhaar has been linked to money laundering. Transfer all funds immediately to the verification account. A customs parcel in your name contains illegal items.,True,False,6,1
+919230009441,119,cbi|aadhaar,I am calling from CBI and your Aadhaar has been linked to money laundering. Do not disconnect the call or tell anyone about this investigation. A customs parcel in your name contains illegal items.,True,True,8,1
+917084800363,1558,,Please call me when you reach home safely. Your appointment is confirmed for next Monday.,False,False,0,0
+919869187960,2106,cbi|aadhaar,Transfer all funds immediately to the verification account. I am calling from CBI and your Aadhaar has been linked to money laundering.,True,False,0,1
+919961478551,1261,digital arrest,A digital arrest warrant has been issued and police will arrive. A customs parcel in your name contains illegal items.,False,True,3,1
+916557876850,1394,,Your appointment is confirmed for next Monday.,False,False,0,0
+917970159574,1651,,Transfer all funds immediately to the verification account.,True,False,0,1
+916792823740,997,,Do not disconnect the call or tell anyone about this investigation.,False,True,1,1
+916684316300,1441,digital arrest,Do not disconnect the call or tell anyone about this investigation. A digital arrest warrant has been issued and police will arrive. Transfer all funds immediately to the verification account.,True,True,6,1
+919570608136,1928,,Can we move tomorrow's project meeting to the afternoon? Please call me when you reach home safely.,False,False,1,0
+917367331606,576,,Please call me when you reach home safely.,False,False,0,0
+919180118830,140,digital arrest,A customs parcel in your name contains illegal items. A digital arrest warrant has been issued and police will arrive.,True,True,6,1
+917459648705,2083,,The bank branch is closed today due to a public holiday.,False,False,1,0
+918147267582,799,,Your grocery delivery will arrive between four and five. Can we move tomorrow's project meeting to the afternoon?,False,False,0,0
+917223911610,1304,,Transfer all funds immediately to the verification account.,True,True,3,1
+916771023751,699,,The bank branch is closed today due to a public holiday.,False,False,1,0
+916435531580,1686,,A customs parcel in your name contains illegal items.,False,False,1,1
+918878465281,1675,,Do not disconnect the call or tell anyone about this investigation. A customs parcel in your name contains illegal items.,True,True,0,1
+919354384610,1969,cbi|aadhaar,Transfer all funds immediately to the verification account. I am calling from CBI and your Aadhaar has been linked to money laundering.,False,True,1,1
+918283684038,1600,,Your grocery delivery will arrive between four and five. Can we move tomorrow's project meeting to the afternoon?,False,False,1,0
+919491100195,1893,,Transfer all funds immediately to the verification account.,True,True,1,1
+919818938609,1542,cbi|aadhaar,I am calling from CBI and your Aadhaar has been linked to money laundering.,True,True,1,1
+917918863194,1359,cbi|aadhaar,I am calling from CBI and your Aadhaar has been linked to money laundering. Transfer all funds immediately to the verification account.,True,True,6,1
+916360978507,2221,,Transfer all funds immediately to the verification account.,True,True,1,1
+917967227624,1029,,Please call me when you reach home safely. The bank branch is closed today due to a public holiday.,False,False,1,0
+917601143749,186,,Your grocery delivery will arrive between four and five. Your appointment is confirmed for next Monday.,False,False,1,0
+917450722867,1266,,Please call me when you reach home safely.,False,False,0,0
+917302240185,2135,cbi|aadhaar,Transfer all funds immediately to the verification account. I am calling from CBI and your Aadhaar has been linked to money laundering. Do not disconnect the call or tell anyone about this investigation.,True,True,0,1
+916924316747,1819,,The bank branch is closed today due to a public holiday.,False,False,1,0
+918596834164,1662,,The bank branch is closed today due to a public holiday.,False,False,0,0
+916080397265,1727,,Your grocery delivery will arrive between four and five. Please call me when you reach home safely.,False,False,0,0
+917394184320,935,digital arrest,A digital arrest warrant has been issued and police will arrive. Transfer all funds immediately to the verification account.,True,True,4,1
+917670911973,1978,digital arrest,A digital arrest warrant has been issued and police will arrive. A customs parcel in your name contains illegal items. Transfer all funds immediately to the verification account.,False,True,10,1
+919189318826,2073,digital arrest,Transfer all funds immediately to the verification account. A digital arrest warrant has been issued and police will arrive.,True,True,0,1
+918837678429,2370,,The bank branch is closed today due to a public holiday. Please call me when you reach home safely.,False,False,0,0
+917305810632,1225,,Your grocery delivery will arrive between four and five. Can we move tomorrow's project meeting to the afternoon?,False,False,1,0
+918426194535,1797,cbi|aadhaar,I am calling from CBI and your Aadhaar has been linked to money laundering. Do not disconnect the call or tell anyone about this investigation.,True,True,0,1
+917611833934,2231,,Your appointment is confirmed for next Monday. Please call me when you reach home safely.,False,False,0,0
+916937614470,895,,Your grocery delivery will arrive between four and five.,False,False,1,0
+918362534189,1703,,Can we move tomorrow's project meeting to the afternoon?,False,False,1,0
+918287106172,1636,digital arrest,Transfer all funds immediately to the verification account. A digital arrest warrant has been issued and police will arrive. Do not disconnect the call or tell anyone about this investigation.,True,True,1,1
+916014333944,2211,,Transfer all funds immediately to the verification account. A customs parcel in your name contains illegal items.,False,True,3,1
+918491758883,1742,,Your grocery delivery will arrive between four and five.,False,False,1,0
+919144551686,1704,cbi|aadhaar|digital arrest,I am calling from CBI and your Aadhaar has been linked to money laundering. Do not disconnect the call or tell anyone about this investigation. A digital arrest warrant has been issued and police will arrive.,False,True,0,1
+917590408851,123,,Do not disconnect the call or tell anyone about this investigation.,False,False,8,1
+917966102457,1541,,Your appointment is confirmed for next Monday. Can we move tomorrow's project meeting to the afternoon?,False,False,0,0
+916889089448,2395,,Do not disconnect the call or tell anyone about this investigation. Transfer all funds immediately to the verification account.,True,False,2,1
+919598647677,1386,cbi|aadhaar,A customs parcel in your name contains illegal items. Do not disconnect the call or tell anyone about this investigation. I am calling from CBI and your Aadhaar has been linked to money laundering.,False,False,0,1
+916029563612,162,,Please call me when you reach home safely.,False,False,0,0
+918307863942,525,cbi|aadhaar|digital arrest,A customs parcel in your name contains illegal items. A digital arrest warrant has been issued and police will arrive. I am calling from CBI and your Aadhaar has been linked to money laundering.,False,False,1,1
+919555175641,274,,Please call me when you reach home safely.,False,False,1,0
+916532820121,454,cbi|aadhaar,I am calling from CBI and your Aadhaar has been linked to money laundering. Transfer all funds immediately to the verification account. Do not disconnect the call or tell anyone about this investigation.,True,True,1,1
+917043971995,2006,cbi|aadhaar,I am calling from CBI and your Aadhaar has been linked to money laundering. Do not disconnect the call or tell anyone about this investigation. A customs parcel in your name contains illegal items.,True,True,6,1
+917470781057,1239,cbi|aadhaar,I am calling from CBI and your Aadhaar has been linked to money laundering. A customs parcel in your name contains illegal items. Transfer all funds immediately to the verification account.,False,False,4,1
+917238799281,136,digital arrest,Transfer all funds immediately to the verification account. A digital arrest warrant has been issued and police will arrive.,True,True,3,1
+917308854189,1976,digital arrest,Transfer all funds immediately to the verification account. A digital arrest warrant has been issued and police will arrive.,False,True,0,1
+918608975396,1227,,Can we move tomorrow's project meeting to the afternoon?,False,False,0,0
+916051826149,1092,cbi|aadhaar,I am calling from CBI and your Aadhaar has been linked to money laundering.,True,True,1,1
+918521727453,2082,digital arrest,A customs parcel in your name contains illegal items. A digital arrest warrant has been issued and police will arrive. Transfer all funds immediately to the verification account.,True,True,1,1
+916278110299,1432,,Do not disconnect the call or tell anyone about this investigation. A customs parcel in your name contains illegal items.,True,True,7,1
+917531162138,2073,,Transfer all funds immediately to the verification account.,True,True,0,1
+919184193673,859,,Your appointment is confirmed for next Monday.,False,False,0,0
+919636143436,2232,cbi|aadhaar,I am calling from CBI and your Aadhaar has been linked to money laundering. Transfer all funds immediately to the verification account. A customs parcel in your name contains illegal items.,False,False,9,1
+917050945208,1078,,Please call me when you reach home safely.,False,False,0,0
+918616226535,1118,digital arrest,Do not disconnect the call or tell anyone about this investigation. A digital arrest warrant has been issued and police will arrive. Transfer all funds immediately to the verification account.,True,True,0,1
+916261413688,880,cbi|aadhaar,I am calling from CBI and your Aadhaar has been linked to money laundering.,True,True,0,1
+917369486140,329,,Please call me when you reach home safely. Your grocery delivery will arrive between four and five.,False,False,0,0
+918569652167,2025,,A customs parcel in your name contains illegal items.,True,True,9,1
+918727014541,1898,cbi|aadhaar,I am calling from CBI and your Aadhaar has been linked to money laundering. A customs parcel in your name contains illegal items.,False,True,0,1
+918075670332,2136,digital arrest,A digital arrest warrant has been issued and police will arrive. Transfer all funds immediately to the verification account.,True,True,3,1
+917182354462,2328,,Your appointment is confirmed for next Monday. Can we move tomorrow's project meeting to the afternoon?,False,False,1,0
+916027991537,1337,,Can we move tomorrow's project meeting to the afternoon?,False,False,1,0
+916406166347,1845,digital arrest,Do not disconnect the call or tell anyone about this investigation. A digital arrest warrant has been issued and police will arrive.,True,True,7,1
+919276427174,979,,Can we move tomorrow's project meeting to the afternoon?,False,False,0,0
+916903196953,2368,digital arrest,A digital arrest warrant has been issued and police will arrive. A customs parcel in your name contains illegal items.,False,False,5,1
+916674879624,1363,,A customs parcel in your name contains illegal items.,False,True,0,1
+918027145830,1273,,The bank branch is closed today due to a public holiday. Can we move tomorrow's project meeting to the afternoon?,False,False,1,0
+917791532400,53,digital arrest,Transfer all funds immediately to the verification account. A digital arrest warrant has been issued and police will arrive. Do not disconnect the call or tell anyone about this investigation.,False,True,10,1
+919025112594,858,,Transfer all funds immediately to the verification account. Do not disconnect the call or tell anyone about this investigation.,True,True,1,1
+917836091419,1596,,The bank branch is closed today due to a public holiday. Your grocery delivery will arrive between four and five.,False,False,1,0
+919678224795,1152,,Can we move tomorrow's project meeting to the afternoon?,False,False,1,0
+917675307885,2024,digital arrest,A customs parcel in your name contains illegal items. A digital arrest warrant has been issued and police will arrive.,True,False,0,1
+918747184197,1433,,Your grocery delivery will arrive between four and five. Your appointment is confirmed for next Monday.,False,False,0,0
+919329642931,1724,cbi|aadhaar,I am calling from CBI and your Aadhaar has been linked to money laundering. A customs parcel in your name contains illegal items.,False,True,12,1
+917882317517,1034,,Your appointment is confirmed for next Monday. Can we move tomorrow's project meeting to the afternoon?,False,False,0,0
+916603303590,308,,Your appointment is confirmed for next Monday. The bank branch is closed today due to a public holiday.,False,False,0,0
+916790875404,1345,,The bank branch is closed today due to a public holiday. Please call me when you reach home safely.,False,False,0,0
+916602454789,518,,Do not disconnect the call or tell anyone about this investigation. Transfer all funds immediately to the verification account.,False,False,12,1
+917877789378,161,cbi|aadhaar|digital arrest,I am calling from CBI and your Aadhaar has been linked to money laundering. A digital arrest warrant has been issued and police will arrive.,False,True,1,1
+918468813654,1397,,Your appointment is confirmed for next Monday. Please call me when you reach home safely.,False,False,1,0
+918283902273,678,,Your appointment is confirmed for next Monday.,False,False,0,0
+918620065259,811,,Your appointment is confirmed for next Monday.,False,False,1,0
+919819754010,653,,The bank branch is closed today due to a public holiday. Please call me when you reach home safely.,False,False,1,0
+917857131704,117,digital arrest,A digital arrest warrant has been issued and police will arrive. Transfer all funds immediately to the verification account. Do not disconnect the call or tell anyone about this investigation.,True,False,12,1
+919674665074,942,cbi|aadhaar|digital arrest,A customs parcel in your name contains illegal items. I am calling from CBI and your Aadhaar has been linked to money laundering. A digital arrest warrant has been issued and police will arrive.,False,True,7,1
+916811093280,637,,Can we move tomorrow's project meeting to the afternoon? The bank branch is closed today due to a public holiday.,False,False,0,0
+918319609840,1457,digital arrest,A digital arrest warrant has been issued and police will arrive.,False,False,0,1
+917164270893,984,digital arrest,Do not disconnect the call or tell anyone about this investigation. A digital arrest warrant has been issued and police will arrive.,False,True,3,1
+917611102142,134,cbi|aadhaar,I am calling from CBI and your Aadhaar has been linked to money laundering. Do not disconnect the call or tell anyone about this investigation.,True,True,1,1
+917919044584,1826,,Please call me when you reach home safely.,False,False,0,0
+918483794765,2145,cbi|aadhaar|digital arrest,A digital arrest warrant has been issued and police will arrive. I am calling from CBI and your Aadhaar has been linked to money laundering.,True,True,3,1
+919219862180,1327,,Please call me when you reach home safely.,False,False,1,0
+917962601437,96,digital arrest,A digital arrest warrant has been issued and police will arrive.,True,True,5,1
+917331361358,297,,Your grocery delivery will arrive between four and five. The bank branch is closed today due to a public holiday.,False,False,1,0
+919762141464,1960,,Can we move tomorrow's project meeting to the afternoon? Your grocery delivery will arrive between four and five.,True,False,1,0
+916761748451,2342,,Your grocery delivery will arrive between four and five. Can we move tomorrow's project meeting to the afternoon?,True,False,0,0
+916901194078,1230,,A customs parcel in your name contains illegal items.,True,True,0,1
+919186722568,773,,A customs parcel in your name contains illegal items.,True,False,9,1
+916876503615,1283,,Your grocery delivery will arrive between four and five.,False,False,1,0
+919817454767,1957,digital arrest,A digital arrest warrant has been issued and police will arrive. Transfer all funds immediately to the verification account.,True,True,1,1
+916679346062,440,,Your grocery delivery will arrive between four and five. Please call me when you reach home safely.,True,False,0,0
+916482799776,1978,,Please call me when you reach home safely.,False,False,0,0
+918016431212,1082,,A customs parcel in your name contains illegal items. Do not disconnect the call or tell anyone about this investigation. Transfer all funds immediately to the verification account.,True,True,0,1
+918116567201,2369,,Your appointment is confirmed for next Monday. Your grocery delivery will arrive between four and five.,False,False,1,0
+919080642880,1684,,Do not disconnect the call or tell anyone about this investigation.,True,False,2,1
+916792965872,1263,,Can we move tomorrow's project meeting to the afternoon?,False,False,1,0
+917609627883,624,,Can we move tomorrow's project meeting to the afternoon? The bank branch is closed today due to a public holiday.,False,False,1,0
+919411040931,840,,Please call me when you reach home safely.,False,False,0,0
+918078097843,1438,cbi|aadhaar|digital arrest,I am calling from CBI and your Aadhaar has been linked to money laundering. Do not disconnect the call or tell anyone about this investigation. A digital arrest warrant has been issued and police will arrive.,True,True,1,1
+918668517131,1106,,Please call me when you reach home safely. Can we move tomorrow's project meeting to the afternoon?,False,False,1,0
+919465989214,2026,digital arrest,A digital arrest warrant has been issued and police will arrive. Transfer all funds immediately to the verification account.,False,True,3,1
+917569476586,1777,,Transfer all funds immediately to the verification account.,False,True,1,1
+917964661658,485,,Your grocery delivery will arrive between four and five.,False,False,0,0
+917943751120,1816,,The bank branch is closed today due to a public holiday.,False,False,1,0
+916608633034,938,,Please call me when you reach home safely.,False,False,0,0
+917557596313,2239,digital arrest,Transfer all funds immediately to the verification account. Do not disconnect the call or tell anyone about this investigation. A digital arrest warrant has been issued and police will arrive.,True,False,0,1
+916430089730,708,,The bank branch is closed today due to a public holiday.,False,False,0,0
+919686349814,858,,Can we move tomorrow's project meeting to the afternoon?,False,False,1,0
+919838603365,1981,,The bank branch is closed today due to a public holiday. Please call me when you reach home safely.,False,False,1,0
+916896595021,303,cbi|aadhaar|digital arrest,I am calling from CBI and your Aadhaar has been linked to money laundering. A digital arrest warrant has been issued and police will arrive.,True,True,9,1
+916684802523,1746,,A customs parcel in your name contains illegal items.,True,True,0,1
+917724173979,535,cbi|aadhaar,I am calling from CBI and your Aadhaar has been linked to money laundering. Do not disconnect the call or tell anyone about this investigation.,False,True,1,1
+916611639567,1158,,Can we move tomorrow's project meeting to the afternoon?,False,False,1,0
+918570308135,1959,digital arrest,A digital arrest warrant has been issued and police will arrive.,True,False,2,1
+919780545632,1428,digital arrest,A digital arrest warrant has been issued and police will arrive.,False,True,1,1
+916484633691,1940,,Please call me when you reach home safely.,False,False,1,0
+918591222771,1515,cbi|aadhaar,A customs parcel in your name contains illegal items. Transfer all funds immediately to the verification account. I am calling from CBI and your Aadhaar has been linked to money laundering.,True,False,2,1
+918740446442,460,,Please call me when you reach home safely. Your appointment is confirmed for next Monday.,False,False,0,0
+917079106522,1490,digital arrest,Transfer all funds immediately to the verification account. A digital arrest warrant has been issued and police will arrive. A customs parcel in your name contains illegal items.,True,True,7,1
+916446528204,2028,,Do not disconnect the call or tell anyone about this investigation. A customs parcel in your name contains illegal items.,True,True,7,1
+918584119955,471,,Your appointment is confirmed for next Monday. Please call me when you reach home safely.,False,False,0,0
+916504544237,1007,,Your appointment is confirmed for next Monday.,False,False,0,0
+918779223813,1833,,Please call me when you reach home safely. Your grocery delivery will arrive between four and five.,False,False,1,0
+918873626733,135,,Please call me when you reach home safely.,False,False,1,0
+919648274416,1068,cbi|aadhaar,Transfer all funds immediately to the verification account. I am calling from CBI and your Aadhaar has been linked to money laundering. Do not disconnect the call or tell anyone about this investigation.,True,False,0,1
+919366007978,225,,Can we move tomorrow's project meeting to the afternoon? The bank branch is closed today due to a public holiday.,False,False,1,0
+919181302780,1673,,Can we move tomorrow's project meeting to the afternoon? Your appointment is confirmed for next Monday.,False,False,1,0
+917433502310,1470,,Please call me when you reach home safely.,False,False,0,0
+916435072294,400,,The bank branch is closed today due to a public holiday.,False,False,1,0
+917447409339,1823,,Do not disconnect the call or tell anyone about this investigation. A customs parcel in your name contains illegal items.,False,True,12,1
+916478805564,807,,The bank branch is closed today due to a public holiday.,False,False,0,0
+918656312638,341,,Your appointment is confirmed for next Monday. Can we move tomorrow's project meeting to the afternoon?,False,False,1,0
+919956774389,1607,cbi|aadhaar,A customs parcel in your name contains illegal items. Transfer all funds immediately to the verification account. I am calling from CBI and your Aadhaar has been linked to money laundering.,True,True,1,1
+916965615414,1842,,Your appointment is confirmed for next Monday. Your grocery delivery will arrive between four and five.,False,False,1,0
+916940491165,1034,,Transfer all funds immediately to the verification account.,False,False,4,1
+919683069071,2009,,Do not disconnect the call or tell anyone about this investigation.,False,False,4,1
+918694040168,2387,digital arrest,A digital arrest warrant has been issued and police will arrive. Do not disconnect the call or tell anyone about this investigation. A customs parcel in your name contains illegal items.,False,True,9,1
+917590119326,1523,,The bank branch is closed today due to a public holiday. Your appointment is confirmed for next Monday.,False,False,1,0
+918977267325,580,,Your appointment is confirmed for next Monday. The bank branch is closed today due to a public holiday.,False,False,0,0
+916414985787,2108,,Your appointment is confirmed for next Monday.,False,False,0,0
+919092832771,1456,,Your appointment is confirmed for next Monday.,False,False,0,0
+918466424284,247,,Please call me when you reach home safely.,False,False,1,0
+916247157166,1453,cbi|aadhaar|digital arrest,A customs parcel in your name contains illegal items. I am calling from CBI and your Aadhaar has been linked to money laundering. A digital arrest warrant has been issued and police will arrive.,True,True,8,1
+919087517968,1160,,The bank branch is closed today due to a public holiday.,False,False,0,0
+917850400881,576,,Your appointment is confirmed for next Monday.,False,False,1,0
+918181649795,1697,digital arrest,Transfer all funds immediately to the verification account. A digital arrest warrant has been issued and police will arrive.,True,False,10,1
+918523068547,520,,Your grocery delivery will arrive between four and five. Your appointment is confirmed for next Monday.,False,False,1,0
+917068585846,764,digital arrest,A digital arrest warrant has been issued and police will arrive.,False,False,3,1
+918943568965,1616,cbi|aadhaar,I am calling from CBI and your Aadhaar has been linked to money laundering. Transfer all funds immediately to the verification account.,False,True,7,1
+919037671260,1792,,Do not disconnect the call or tell anyone about this investigation. Transfer all funds immediately to the verification account.,False,True,5,1
+918779811366,364,,Transfer all funds immediately to the verification account.,True,True,4,1
+918932217492,1558,,Your grocery delivery will arrive between four and five. Your appointment is confirmed for next Monday.,False,False,0,0
+918439879234,2337,cbi|aadhaar|digital arrest,I am calling from CBI and your Aadhaar has been linked to money laundering. A digital arrest warrant has been issued and police will arrive. Do not disconnect the call or tell anyone about this investigation.,True,False,1,1
+916937908552,1444,,Do not disconnect the call or tell anyone about this investigation.,True,True,1,1
+918465246851,754,,Your appointment is confirmed for next Monday.,False,False,1,0
+919497655886,1853,,Your appointment is confirmed for next Monday.,True,False,0,0
+918226892666,715,cbi|aadhaar,I am calling from CBI and your Aadhaar has been linked to money laundering. Transfer all funds immediately to the verification account. Do not disconnect the call or tell anyone about this investigation.,False,True,11,1
+916499855295,2301,digital arrest,Do not disconnect the call or tell anyone about this investigation. Transfer all funds immediately to the verification account. A digital arrest warrant has been issued and police will arrive.,True,False,1,1
+917736389560,200,,Do not disconnect the call or tell anyone about this investigation.,True,True,1,1
+918849764904,1342,,Your appointment is confirmed for next Monday. Your grocery delivery will arrive between four and five.,False,False,0,0
+917375748554,584,,Your appointment is confirmed for next Monday. Can we move tomorrow's project meeting to the afternoon?,False,False,1,0
+916448044549,1346,digital arrest,A customs parcel in your name contains illegal items. A digital arrest warrant has been issued and police will arrive. Do not disconnect the call or tell anyone about this investigation.,True,True,8,1
+918265810529,200,,Please call me when you reach home safely. The bank branch is closed today due to a public holiday.,False,False,0,0
+916202754856,1270,digital arrest,A digital arrest warrant has been issued and police will arrive. Do not disconnect the call or tell anyone about this investigation. Transfer all funds immediately to the verification account.,True,True,1,1
+918925445628,213,cbi|aadhaar,I am calling from CBI and your Aadhaar has been linked to money laundering. A customs parcel in your name contains illegal items. Transfer all funds immediately to the verification account.,False,True,3,1
+918127190829,876,,Do not disconnect the call or tell anyone about this investigation.,False,False,0,1
+919866847955,506,,Please call me when you reach home safely.,False,False,0,0
+917596799160,1676,,Transfer all funds immediately to the verification account.,True,False,1,1
+919050167348,1298,digital arrest,A digital arrest warrant has been issued and police will arrive.,True,False,1,1
+919537141447,1724,,Please call me when you reach home safely. Your grocery delivery will arrive between four and five.,False,False,1,0
+918577537135,72,,Please call me when you reach home safely.,False,False,1,0
+916495116968,680,,A customs parcel in your name contains illegal items. Do not disconnect the call or tell anyone about this investigation. Transfer all funds immediately to the verification account.,False,True,0,1
+918924467295,1661,digital arrest,A digital arrest warrant has been issued and police will arrive.,True,True,12,1
+918382633028,2069,cbi|aadhaar,Transfer all funds immediately to the verification account. I am calling from CBI and your Aadhaar has been linked to money laundering. A customs parcel in your name contains illegal items.,True,False,4,1
+919578114644,1619,,A customs parcel in your name contains illegal items.,True,True,2,1
+918642782834,1549,,Can we move tomorrow's project meeting to the afternoon?,False,False,1,0
+916655886725,1428,cbi|aadhaar|digital arrest,I am calling from CBI and your Aadhaar has been linked to money laundering. Do not disconnect the call or tell anyone about this investigation. A digital arrest warrant has been issued and police will arrive.,False,True,0,1
+917632235074,657,,Transfer all funds immediately to the verification account.,False,True,11,1
+917884939143,133,,Do not disconnect the call or tell anyone about this investigation.,False,True,1,1
+918349876927,1330,digital arrest,A digital arrest warrant has been issued and police will arrive.,True,True,9,1
+919109897174,1347,,Your appointment is confirmed for next Monday. Your grocery delivery will arrive between four and five.,False,False,0,0
+919494840945,1617,,Do not disconnect the call or tell anyone about this investigation.,False,True,1,1
+919539046184,1981,cbi|aadhaar,I am calling from CBI and your Aadhaar has been linked to money laundering.,False,True,2,1
+919909455657,1003,,Your appointment is confirmed for next Monday. Please call me when you reach home safely.,False,False,1,0
+917950873761,2227,,Please call me when you reach home safely. Your appointment is confirmed for next Monday.,False,False,0,0
+916089924269,1798,,Do not disconnect the call or tell anyone about this investigation. A customs parcel in your name contains illegal items.,False,True,0,1
+917515871660,882,,A customs parcel in your name contains illegal items. Do not disconnect the call or tell anyone about this investigation.,False,False,0,1
+917450845688,1365,digital arrest,A customs parcel in your name contains illegal items. A digital arrest warrant has been issued and police will arrive.,False,True,7,1
+919132348835,1518,cbi|aadhaar|digital arrest,Do not disconnect the call or tell anyone about this investigation. A digital arrest warrant has been issued and police will arrive. I am calling from CBI and your Aadhaar has been linked to money laundering.,False,False,0,1
+917687190115,608,,The bank branch is closed today due to a public holiday. Your appointment is confirmed for next Monday.,False,False,0,0
+916856458337,919,,The bank branch is closed today due to a public holiday. Please call me when you reach home safely.,False,False,0,0
+917902586094,127,,Your appointment is confirmed for next Monday. Please call me when you reach home safely.,False,False,0,0
+918469903156,840,,Do not disconnect the call or tell anyone about this investigation. Transfer all funds immediately to the verification account. A customs parcel in your name contains illegal items.,True,True,0,1
+919278746348,2203,,Do not disconnect the call or tell anyone about this investigation.,False,True,1,1
+916092196090,65,,Your grocery delivery will arrive between four and five.,False,False,0,0
+916871908732,646,,Your grocery delivery will arrive between four and five. The bank branch is closed today due to a public holiday.,False,False,1,0
+919557326033,1859,,Transfer all funds immediately to the verification account.,True,True,1,1
+919868979804,652,,The bank branch is closed today due to a public holiday. Your grocery delivery will arrive between four and five.,False,False,0,0
+917207893467,1051,,A customs parcel in your name contains illegal items. Do not disconnect the call or tell anyone about this investigation. Transfer all funds immediately to the verification account.,False,False,8,1
+919245593049,191,,Please call me when you reach home safely.,False,False,0,0
+918512088585,2372,,A customs parcel in your name contains illegal items. Do not disconnect the call or tell anyone about this investigation.,True,False,1,1
+916365117358,1545,,Your appointment is confirmed for next Monday. The bank branch is closed today due to a public holiday.,False,False,1,0
+918723966044,1343,,A customs parcel in your name contains illegal items. Do not disconnect the call or tell anyone about this investigation.,True,True,11,1
+916068528481,1741,,The bank branch is closed today due to a public holiday.,False,False,1,0
+919890452920,713,,Do not disconnect the call or tell anyone about this investigation. Transfer all funds immediately to the verification account.,True,True,0,1
+919221215232,1906,,Transfer all funds immediately to the verification account. A customs parcel in your name contains illegal items.,False,True,1,1
+916082515604,1269,,Do not disconnect the call or tell anyone about this investigation.,True,False,0,1
+918992974142,1566,,Please call me when you reach home safely. Your grocery delivery will arrive between four and five.,False,False,1,0
+917487085585,1101,,Please call me when you reach home safely. The bank branch is closed today due to a public holiday.,False,False,0,0
+919922772716,1335,cbi|aadhaar,I am calling from CBI and your Aadhaar has been linked to money laundering. A customs parcel in your name contains illegal items.,False,False,0,1
+917043509684,334,,Can we move tomorrow's project meeting to the afternoon?,False,False,0,0
+917465162819,318,cbi|aadhaar,Do not disconnect the call or tell anyone about this investigation. I am calling from CBI and your Aadhaar has been linked to money laundering. A customs parcel in your name contains illegal items.,True,False,1,1
+916241232918,598,,The bank branch is closed today due to a public holiday. Your grocery delivery will arrive between four and five.,False,False,0,0
+919084879148,405,,Can we move tomorrow's project meeting to the afternoon?,True,False,0,0
+919079402141,355,,Can we move tomorrow's project meeting to the afternoon?,False,False,0,0
+919041857418,2058,,Please call me when you reach home safely.,False,False,0,0
+916755273895,839,cbi|aadhaar|digital arrest,A digital arrest warrant has been issued and police will arrive. I am calling from CBI and your Aadhaar has been linked to money laundering.,True,True,9,1
+916808306475,796,,Your grocery delivery will arrive between four and five.,False,False,0,0
+918728579494,1245,,Can we move tomorrow's project meeting to the afternoon?,False,False,1,0
+918278698545,58,,Do not disconnect the call or tell anyone about this investigation. A customs parcel in your name contains illegal items.,False,False,6,1
+916264654064,287,,The bank branch is closed today due to a public holiday. Can we move tomorrow's project meeting to the afternoon?,False,False,0,0
+916343389545,1856,,Your appointment is confirmed for next Monday.,True,False,1,0
+918998213472,299,,The bank branch is closed today due to a public holiday.,False,False,1,0
+917591042243,2076,,Please call me when you reach home safely. The bank branch is closed today due to a public holiday.,False,False,1,0
+917996922772,1920,digital arrest,Do not disconnect the call or tell anyone about this investigation. A digital arrest warrant has been issued and police will arrive. Transfer all funds immediately to the verification account.,True,True,12,1
+916655776438,611,,Please call me when you reach home safely. Your appointment is confirmed for next Monday.,False,False,1,0
+918715248432,641,,Do not disconnect the call or tell anyone about this investigation.,True,False,1,1
+917680584829,1964,digital arrest,Do not disconnect the call or tell anyone about this investigation. A digital arrest warrant has been issued and police will arrive. Transfer all funds immediately to the verification account.,True,True,0,1
+919667106022,2280,,A customs parcel in your name contains illegal items.,True,False,5,1
+918859542876,274,digital arrest,A customs parcel in your name contains illegal items. A digital arrest warrant has been issued and police will arrive. Do not disconnect the call or tell anyone about this investigation.,True,True,0,1
+919451530412,916,,A customs parcel in your name contains illegal items. Transfer all funds immediately to the verification account.,True,False,9,1
+918573182872,560,,Do not disconnect the call or tell anyone about this investigation. Transfer all funds immediately to the verification account.,True,True,1,1
+917920186287,1545,,Do not disconnect the call or tell anyone about this investigation. Transfer all funds immediately to the verification account.,True,True,8,1
+918383688590,1425,,Do not disconnect the call or tell anyone about this investigation. Transfer all funds immediately to the verification account.,False,False,1,1
+918617297746,1000,,Do not disconnect the call or tell anyone about this investigation.,False,False,0,1
+916637181837,1347,cbi|aadhaar,A customs parcel in your name contains illegal items. I am calling from CBI and your Aadhaar has been linked to money laundering. Do not disconnect the call or tell anyone about this investigation.,True,True,2,1
+917186314486,616,cbi|aadhaar,Transfer all funds immediately to the verification account. I am calling from CBI and your Aadhaar has been linked to money laundering. Do not disconnect the call or tell anyone about this investigation.,True,False,4,1
+917405375060,1488,,Can we move tomorrow's project meeting to the afternoon? Your appointment is confirmed for next Monday.,False,False,0,0
+918597471753,2226,,Transfer all funds immediately to the verification account.,True,False,1,1
+917269676403,278,,Your appointment is confirmed for next Monday.,False,False,0,0
+916877204248,620,,Transfer all funds immediately to the verification account. Do not disconnect the call or tell anyone about this investigation. A customs parcel in your name contains illegal items.,True,True,1,1
+917640761061,2304,cbi|aadhaar,A customs parcel in your name contains illegal items. I am calling from CBI and your Aadhaar has been linked to money laundering. Do not disconnect the call or tell anyone about this investigation.,True,True,3,1
+917947052502,1196,cbi|aadhaar,I am calling from CBI and your Aadhaar has been linked to money laundering. Transfer all funds immediately to the verification account.,True,False,4,1
+917584078422,610,cbi|aadhaar,I am calling from CBI and your Aadhaar has been linked to money laundering.,True,True,6,1
+917698821492,759,,Please call me when you reach home safely.,False,False,1,0
+918429306031,2358,,The bank branch is closed today due to a public holiday.,True,False,1,0
+918245325505,699,cbi|aadhaar,Do not disconnect the call or tell anyone about this investigation. A customs parcel in your name contains illegal items. I am calling from CBI and your Aadhaar has been linked to money laundering.,False,True,0,1
+918115081131,1670,digital arrest,Transfer all funds immediately to the verification account. A digital arrest warrant has been issued and police will arrive.,True,False,6,1
+917926284873,681,,Can we move tomorrow's project meeting to the afternoon? Your grocery delivery will arrive between four and five.,False,False,0,0
+918769216999,2314,,Can we move tomorrow's project meeting to the afternoon? Your appointment is confirmed for next Monday.,True,False,0,0
+916181144026,927,,Please call me when you reach home safely.,False,False,0,0
+917387060784,1617,,Your appointment is confirmed for next Monday.,False,False,1,0
+918114100031,126,,Your appointment is confirmed for next Monday.,False,False,1,0
+918532607624,177,,Your grocery delivery will arrive between four and five.,False,False,0,0
+918497880893,1537,,The bank branch is closed today due to a public holiday.,False,False,0,0
+919930756926,1182,,Can we move tomorrow's project meeting to the afternoon? Your appointment is confirmed for next Monday.,False,False,0,0
+917404703759,1096,digital arrest,Do not disconnect the call or tell anyone about this investigation. A digital arrest warrant has been issued and police will arrive.,True,True,1,1
+916878707619,787,,Your grocery delivery will arrive between four and five. Please call me when you reach home safely.,False,False,1,0
+917282519253,907,,Do not disconnect the call or tell anyone about this investigation.,False,False,10,1
+918434587576,1063,,Please call me when you reach home safely. Your grocery delivery will arrive between four and five.,False,False,0,0
+919092127805,1621,,Do not disconnect the call or tell anyone about this investigation.,False,True,1,1
+917225536578,1047,digital arrest,A digital arrest warrant has been issued and police will arrive. Do not disconnect the call or tell anyone about this investigation.,True,True,1,1
+919995004351,30,cbi|aadhaar,I am calling from CBI and your Aadhaar has been linked to money laundering.,True,False,0,1
+917817482687,1557,cbi|aadhaar,Do not disconnect the call or tell anyone about this investigation. I am calling from CBI and your Aadhaar has been linked to money laundering. A customs parcel in your name contains illegal items.,True,True,11,1
+917128398094,1901,,Transfer all funds immediately to the verification account.,False,True,0,1
+919780819187,1981,,Your grocery delivery will arrive between four and five.,False,False,0,0
+919018832553,2336,,Do not disconnect the call or tell anyone about this investigation. A customs parcel in your name contains illegal items. Transfer all funds immediately to the verification account.,True,True,1,1
+917707416730,1575,,Can we move tomorrow's project meeting to the afternoon?,True,False,0,0
+919305119294,1180,,A customs parcel in your name contains illegal items. Do not disconnect the call or tell anyone about this investigation.,False,True,0,1
+918882964852,1143,,The bank branch is closed today due to a public holiday.,False,False,0,0
+917869790372,2319,cbi|aadhaar,A customs parcel in your name contains illegal items. I am calling from CBI and your Aadhaar has been linked to money laundering. Transfer all funds immediately to the verification account.,False,False,10,1
+917959610945,1965,cbi|aadhaar,I am calling from CBI and your Aadhaar has been linked to money laundering.,True,True,2,1
+916747164247,1675,digital arrest,A digital arrest warrant has been issued and police will arrive. Do not disconnect the call or tell anyone about this investigation.,True,True,11,1
+917547600617,1798,,Can we move tomorrow's project meeting to the afternoon? Please call me when you reach home safely.,False,False,1,0
+918315897012,702,,Transfer all funds immediately to the verification account.,False,True,1,1
+918463990919,601,,Do not disconnect the call or tell anyone about this investigation. Transfer all funds immediately to the verification account. A customs parcel in your name contains illegal items.,False,False,0,1
+918153426357,2258,,Your grocery delivery will arrive between four and five. Please call me when you reach home safely.,False,False,0,0
+918937803542,1401,,Transfer all funds immediately to the verification account.,True,False,0,1
+917508110582,1701,digital arrest,A digital arrest warrant has been issued and police will arrive. A customs parcel in your name contains illegal items.,False,True,7,1
+919583502868,801,,Please call me when you reach home safely.,False,False,0,0
+919933518727,325,,Please call me when you reach home safely.,False,False,0,0
+916820366993,126,,Transfer all funds immediately to the verification account. Do not disconnect the call or tell anyone about this investigation.,True,False,2,1
+917943899441,517,,Do not disconnect the call or tell anyone about this investigation.,True,True,0,1
+917840496037,1989,cbi|aadhaar,I am calling from CBI and your Aadhaar has been linked to money laundering. Transfer all funds immediately to the verification account.,False,True,6,1
+917509667949,157,,Your grocery delivery will arrive between four and five. Please call me when you reach home safely.,False,False,1,0
+917507769401,2038,cbi|aadhaar|digital arrest,A digital arrest warrant has been issued and police will arrive. I am calling from CBI and your Aadhaar has been linked to money laundering.,False,True,10,1
+919110753029,415,cbi|aadhaar,I am calling from CBI and your Aadhaar has been linked to money laundering. A customs parcel in your name contains illegal items.,True,True,2,1
+916147498408,1352,,Your appointment is confirmed for next Monday.,False,False,1,0
+916044212172,555,,Can we move tomorrow's project meeting to the afternoon? Please call me when you reach home safely.,False,False,0,0
+916296780559,2086,,Your appointment is confirmed for next Monday.,False,False,1,0
+916746975008,1880,cbi|aadhaar,A customs parcel in your name contains illegal items. I am calling from CBI and your Aadhaar has been linked to money laundering. Do not disconnect the call or tell anyone about this investigation.,True,True,12,1
+919596495823,344,digital arrest,A digital arrest warrant has been issued and police will arrive. Transfer all funds immediately to the verification account.,True,True,11,1
+916188440314,1268,,A customs parcel in your name contains illegal items.,True,False,0,1
+916597882268,570,cbi|aadhaar|digital arrest,A digital arrest warrant has been issued and police will arrive. A customs parcel in your name contains illegal items. I am calling from CBI and your Aadhaar has been linked to money laundering.,False,True,0,1
+917574859878,1791,,Please call me when you reach home safely.,True,False,1,0
+918034345636,167,,Your appointment is confirmed for next Monday. Your grocery delivery will arrive between four and five.,False,False,1,0
+917128612508,1494,,Your grocery delivery will arrive between four and five. Your appointment is confirmed for next Monday.,False,False,0,0
+916802260029,834,,Do not disconnect the call or tell anyone about this investigation.,True,True,3,1
+916286984909,789,,Your appointment is confirmed for next Monday. The bank branch is closed today due to a public holiday.,False,False,1,0
+919012807469,1630,,Do not disconnect the call or tell anyone about this investigation.,True,True,5,1
+916038042640,1272,cbi|aadhaar,I am calling from CBI and your Aadhaar has been linked to money laundering.,False,True,5,1
+918054177371,1990,,A customs parcel in your name contains illegal items.,True,True,0,1
+916292032085,1986,cbi|aadhaar|digital arrest,A digital arrest warrant has been issued and police will arrive. I am calling from CBI and your Aadhaar has been linked to money laundering. A customs parcel in your name contains illegal items.,True,False,0,1
+919606788757,1511,,Can we move tomorrow's project meeting to the afternoon?,False,False,1,0
+919739493707,1342,,Your grocery delivery will arrive between four and five. Please call me when you reach home safely.,False,False,0,0
+916546862514,1993,,Transfer all funds immediately to the verification account. A customs parcel in your name contains illegal items. Do not disconnect the call or tell anyone about this investigation.,False,False,0,1
+918135172053,337,,Can we move tomorrow's project meeting to the afternoon? Your appointment is confirmed for next Monday.,False,False,1,0
+916171577713,1543,digital arrest,A digital arrest warrant has been issued and police will arrive.,True,False,3,1
+918018256183,2124,digital arrest,Transfer all funds immediately to the verification account. A digital arrest warrant has been issued and police will arrive. A customs parcel in your name contains illegal items.,True,False,1,1
+916390789157,2035,,Please call me when you reach home safely.,False,False,1,0
+917165015038,1213,,The bank branch is closed today due to a public holiday.,False,False,1,0
+917438807522,2150,digital arrest,Do not disconnect the call or tell anyone about this investigation. A digital arrest warrant has been issued and police will arrive.,False,True,5,1
+918956364196,1238,,A customs parcel in your name contains illegal items. Do not disconnect the call or tell anyone about this investigation. Transfer all funds immediately to the verification account.,True,False,0,1
+916503416390,1223,,Can we move tomorrow's project meeting to the afternoon? Please call me when you reach home safely.,False,False,0,0
+918080238708,1138,digital arrest,Transfer all funds immediately to the verification account. Do not disconnect the call or tell anyone about this investigation. A digital arrest warrant has been issued and police will arrive.,False,True,1,1
+917617321553,2285,,Do not disconnect the call or tell anyone about this investigation. Transfer all funds immediately to the verification account.,False,True,1,1
+918364998768,1164,,Transfer all funds immediately to the verification account.,True,False,1,1
+918045985651,1820,cbi|aadhaar,I am calling from CBI and your Aadhaar has been linked to money laundering. A customs parcel in your name contains illegal items.,True,True,1,1
+916301850211,1166,cbi|aadhaar,I am calling from CBI and your Aadhaar has been linked to money laundering.,True,True,1,1
+916880007635,193,,Your grocery delivery will arrive between four and five.,False,False,1,0
+918681605883,1165,,Your grocery delivery will arrive between four and five.,False,False,1,0
+917518491851,998,digital arrest,A digital arrest warrant has been issued and police will arrive.,True,False,1,1
+916872484841,2248,,Can we move tomorrow's project meeting to the afternoon? Your appointment is confirmed for next Monday.,False,False,1,0
+919476992215,2021,,Your appointment is confirmed for next Monday.,False,False,1,0
+919941171659,932,digital arrest,Do not disconnect the call or tell anyone about this investigation. A digital arrest warrant has been issued and police will arrive.,True,False,3,1
+916997208654,441,digital arrest,Transfer all funds immediately to the verification account. A customs parcel in your name contains illegal items. A digital arrest warrant has been issued and police will arrive.,False,True,1,1
+919224206975,1587,,A customs parcel in your name contains illegal items. Do not disconnect the call or tell anyone about this investigation.,True,False,1,1
+919391253590,2176,,Please call me when you reach home safely.,False,False,1,0
+916332245580,1576,digital arrest,A digital arrest warrant has been issued and police will arrive. A customs parcel in your name contains illegal items. Do not disconnect the call or tell anyone about this investigation.,True,True,1,1
+917248455992,975,,Transfer all funds immediately to the verification account.,True,True,5,1
+918772303698,294,,Your appointment is confirmed for next Monday.,False,False,0,0
+917636257705,113,,Your appointment is confirmed for next Monday. The bank branch is closed today due to a public holiday.,False,False,1,0
+917495636685,966,,Your grocery delivery will arrive between four and five. Please call me when you reach home safely.,False,False,1,0
+916941185266,2148,,Please call me when you reach home safely. Can we move tomorrow's project meeting to the afternoon?,False,False,0,0
+916206066199,966,,Please call me when you reach home safely.,False,False,1,0
+917075421686,354,,Your appointment is confirmed for next Monday.,False,False,0,0
+919934030604,791,,Transfer all funds immediately to the verification account.,True,True,7,1
+918019701330,1763,cbi|aadhaar|digital arrest,I am calling from CBI and your Aadhaar has been linked to money laundering. Do not disconnect the call or tell anyone about this investigation. A digital arrest warrant has been issued and police will arrive.,False,True,0,1
+917155535729,762,digital arrest,A digital arrest warrant has been issued and police will arrive.,True,False,0,1
+917055043868,65,,Can we move tomorrow's project meeting to the afternoon? Your appointment is confirmed for next Monday.,False,False,0,0
+916717264984,228,cbi|aadhaar|digital arrest,A digital arrest warrant has been issued and police will arrive. I am calling from CBI and your Aadhaar has been linked to money laundering.,True,True,1,1
+918464729265,1173,,Your appointment is confirmed for next Monday.,False,False,1,0
+917621028466,586,cbi|aadhaar|digital arrest,I am calling from CBI and your Aadhaar has been linked to money laundering. Do not disconnect the call or tell anyone about this investigation. A digital arrest warrant has been issued and police will arrive.,True,True,0,1
+918231906168,1479,digital arrest,A customs parcel in your name contains illegal items. A digital arrest warrant has been issued and police will arrive.,False,False,1,1
+918161023740,2076,,The bank branch is closed today due to a public holiday. Please call me when you reach home safely.,False,False,0,0
+919883359989,1719,digital arrest,A digital arrest warrant has been issued and police will arrive.,True,True,1,1
+919328909138,632,,Transfer all funds immediately to the verification account.,True,True,1,1
+917050084221,612,,The bank branch is closed today due to a public holiday.,True,False,1,0
+919789808025,868,,Transfer all funds immediately to the verification account. A customs parcel in your name contains illegal items.,True,True,12,1
+916228145849,1465,,Do not disconnect the call or tell anyone about this investigation.,True,True,0,1
+916174051038,1993,cbi|aadhaar,A customs parcel in your name contains illegal items. I am calling from CBI and your Aadhaar has been linked to money laundering. Transfer all funds immediately to the verification account.,True,True,9,1
+919054172828,2330,digital arrest,A digital arrest warrant has been issued and police will arrive. Do not disconnect the call or tell anyone about this investigation.,True,True,2,1
+919429579374,1915,digital arrest,A digital arrest warrant has been issued and police will arrive.,True,True,8,1
+918207491396,178,cbi|aadhaar|digital arrest,I am calling from CBI and your Aadhaar has been linked to money laundering. A digital arrest warrant has been issued and police will arrive.,False,True,1,1
+917417992293,1831,,Can we move tomorrow's project meeting to the afternoon?,False,False,1,0
+916400246291,1602,,Can we move tomorrow's project meeting to the afternoon?,False,False,0,0
+918445102896,823,,Transfer all funds immediately to the verification account.,True,True,3,1
+919934496107,892,,Please call me when you reach home safely.,True,False,1,0
+919930470673,708,,Transfer all funds immediately to the verification account.,False,True,0,1
+917598227684,1950,,A customs parcel in your name contains illegal items.,False,True,1,1
+919587838091,2160,digital arrest,A digital arrest warrant has been issued and police will arrive. Transfer all funds immediately to the verification account. A customs parcel in your name contains illegal items.,False,True,0,1
+917863471905,2009,,Can we move tomorrow's project meeting to the afternoon?,False,False,0,0
+918541301421,1260,,Please call me when you reach home safely. Your appointment is confirmed for next Monday.,False,False,0,0
+917068321652,1931,digital arrest,A digital arrest warrant has been issued and police will arrive.,False,False,4,1
+918433411951,1386,,Please call me when you reach home safely. Your appointment is confirmed for next Monday.,False,False,1,0
+919500659641,1800,cbi|aadhaar,A customs parcel in your name contains illegal items. I am calling from CBI and your Aadhaar has been linked to money laundering. Do not disconnect the call or tell anyone about this investigation.,True,True,0,1
+918089587303,2044,,Transfer all funds immediately to the verification account.,False,True,0,1
+918622389887,705,,A customs parcel in your name contains illegal items.,True,True,4,1
+916353519841,64,,Your grocery delivery will arrive between four and five. Your appointment is confirmed for next Monday.,False,False,0,0
+916140379416,576,,Do not disconnect the call or tell anyone about this investigation.,True,True,0,1
+916709621212,1298,,Your appointment is confirmed for next Monday. Your grocery delivery will arrive between four and five.,False,False,0,0
+919852826766,1630,cbi|aadhaar|digital arrest,I am calling from CBI and your Aadhaar has been linked to money laundering. A digital arrest warrant has been issued and police will arrive. Transfer all funds immediately to the verification account.,False,False,4,1
+917221681350,597,digital arrest,A digital arrest warrant has been issued and police will arrive. Transfer all funds immediately to the verification account.,True,False,0,1
+918604827192,946,,Can we move tomorrow's project meeting to the afternoon? Your grocery delivery will arrive between four and five.,False,False,1,0
+917315972666,1232,,Do not disconnect the call or tell anyone about this investigation. A customs parcel in your name contains illegal items.,False,False,1,1
+916904293708,1015,,Can we move tomorrow's project meeting to the afternoon? The bank branch is closed today due to a public holiday.,False,False,1,0
+918524079679,512,,Your grocery delivery will arrive between four and five.,False,False,0,0
+917213221995,1392,,Can we move tomorrow's project meeting to the afternoon?,False,False,0,0
+919993775285,2291,,Please call me when you reach home safely. Your appointment is confirmed for next Monday.,False,False,0,0
+917482131554,300,,Do not disconnect the call or tell anyone about this investigation. A customs parcel in your name contains illegal items. Transfer all funds immediately to the verification account.,True,True,3,1
+917990734279,1658,,Please call me when you reach home safely. Can we move tomorrow's project meeting to the afternoon?,False,False,1,0
+918827827166,1319,,Can we move tomorrow's project meeting to the afternoon? The bank branch is closed today due to a public holiday.,False,False,1,0
+917076320434,1733,,Your grocery delivery will arrive between four and five.,False,False,0,0
+917030892558,2130,,Can we move tomorrow's project meeting to the afternoon? Your grocery delivery will arrive between four and five.,False,False,0,0
+916165137564,67,,Can we move tomorrow's project meeting to the afternoon?,False,False,1,0
+918073603182,2082,,The bank branch is closed today due to a public holiday. Your grocery delivery will arrive between four and five.,False,False,0,0
+918630511914,835,digital arrest,A digital arrest warrant has been issued and police will arrive. Transfer all funds immediately to the verification account. A customs parcel in your name contains illegal items.,True,False,9,1
+918314095085,1899,,Please call me when you reach home safely.,False,False,1,0
+919926051965,2372,cbi|aadhaar|digital arrest,A digital arrest warrant has been issued and police will arrive. I am calling from CBI and your Aadhaar has been linked to money laundering.,True,False,7,1
+919507855562,969,digital arrest,Do not disconnect the call or tell anyone about this investigation. A customs parcel in your name contains illegal items. A digital arrest warrant has been issued and police will arrive.,False,False,11,1
+916174135798,938,,The bank branch is closed today due to a public holiday. Your grocery delivery will arrive between four and five.,False,False,0,0
+917175252105,2222,cbi|aadhaar,I am calling from CBI and your Aadhaar has been linked to money laundering. A customs parcel in your name contains illegal items.,False,False,2,1
+918133033653,904,,Your grocery delivery will arrive between four and five. The bank branch is closed today due to a public holiday.,False,False,0,0
+918408423154,1375,,Can we move tomorrow's project meeting to the afternoon?,False,False,1,0
+917412077151,1035,,Please call me when you reach home safely.,False,False,0,0
+917784883819,692,,Transfer all funds immediately to the verification account.,False,True,5,1
+918329244674,2277,,Transfer all funds immediately to the verification account.,False,True,5,1
+916283391689,1136,cbi|aadhaar,I am calling from CBI and your Aadhaar has been linked to money laundering.,False,False,0,1
+916524404817,2001,cbi|aadhaar,Transfer all funds immediately to the verification account. I am calling from CBI and your Aadhaar has been linked to money laundering.,False,True,9,1
+919464328795,805,,Transfer all funds immediately to the verification account.,True,True,1,1
+916697039397,627,digital arrest,A digital arrest warrant has been issued and police will arrive.,True,False,0,1
+916127943238,1423,,Please call me when you reach home safely.,False,False,1,0
+916719505873,808,,Your grocery delivery will arrive between four and five. Please call me when you reach home safely.,False,False,0,0
+917966464450,1616,cbi|aadhaar,I am calling from CBI and your Aadhaar has been linked to money laundering. Do not disconnect the call or tell anyone about this investigation. Transfer all funds immediately to the verification account.,True,True,1,1
+916073535536,1555,cbi|aadhaar,I am calling from CBI and your Aadhaar has been linked to money laundering.,False,True,1,1
+916412219599,2162,,Transfer all funds immediately to the verification account.,True,True,0,1
+917463309671,520,,A customs parcel in your name contains illegal items.,False,False,9,1
+919687903383,466,,Transfer all funds immediately to the verification account. Do not disconnect the call or tell anyone about this investigation. A customs parcel in your name contains illegal items.,True,True,7,1
+919649592618,1717,,Transfer all funds immediately to the verification account.,False,True,0,1
+919172384824,1258,,Your grocery delivery will arrive between four and five. Please call me when you reach home safely.,False,False,1,0
+918589463322,440,,Transfer all funds immediately to the verification account. Do not disconnect the call or tell anyone about this investigation.,True,False,0,1
+918500651061,352,digital arrest,Transfer all funds immediately to the verification account. A digital arrest warrant has been issued and police will arrive.,True,True,0,1
+918345329698,1247,cbi|aadhaar|digital arrest,A digital arrest warrant has been issued and police will arrive. I am calling from CBI and your Aadhaar has been linked to money laundering. Transfer all funds immediately to the verification account.,False,False,10,1
+917339566778,1751,,Please call me when you reach home safely.,False,False,0,0
+919828544062,1983,cbi|aadhaar|digital arrest,I am calling from CBI and your Aadhaar has been linked to money laundering. Do not disconnect the call or tell anyone about this investigation. A digital arrest warrant has been issued and police will arrive.,True,True,10,1
+916682070624,2328,,Your appointment is confirmed for next Monday. Your grocery delivery will arrive between four and five.,False,False,1,0
+916072350835,1956,digital arrest,Do not disconnect the call or tell anyone about this investigation. A digital arrest warrant has been issued and police will arrive.,True,True,0,1
+917751962237,51,,Your appointment is confirmed for next Monday.,False,False,0,0
+916254999353,1790,,Please call me when you reach home safely.,False,False,0,0
+917478619255,587,,Your appointment is confirmed for next Monday.,False,False,1,0
+919036131121,1751,,The bank branch is closed today due to a public holiday. Can we move tomorrow's project meeting to the afternoon?,False,False,0,0
+918537197656,813,,Your grocery delivery will arrive between four and five.,False,False,1,0
+918882025167,1049,,Your appointment is confirmed for next Monday.,False,False,0,0
+916936885578,1162,cbi|aadhaar,I am calling from CBI and your Aadhaar has been linked to money laundering.,False,True,1,1
+917775349815,468,,Your grocery delivery will arrive between four and five.,False,False,0,0
+917626609925,2155,cbi|aadhaar,I am calling from CBI and your Aadhaar has been linked to money laundering.,False,False,1,1
+918859833994,1024,,Do not disconnect the call or tell anyone about this investigation.,True,True,6,1
+917860980939,1928,,Your grocery delivery will arrive between four and five. The bank branch is closed today due to a public holiday.,False,False,0,0
+916875485620,1723,,Please call me when you reach home safely.,False,False,1,0
+919275485246,2199,,Transfer all funds immediately to the verification account. Do not disconnect the call or tell anyone about this investigation.,True,True,1,1
+917677592343,1134,,Do not disconnect the call or tell anyone about this investigation. A customs parcel in your name contains illegal items.,True,False,5,1
+918369733435,2117,cbi|aadhaar,I am calling from CBI and your Aadhaar has been linked to money laundering.,False,True,1,1
+918218266967,1300,digital arrest,Transfer all funds immediately to the verification account. A digital arrest warrant has been issued and police will arrive.,False,False,1,1
+918870957670,2307,cbi|aadhaar,I am calling from CBI and your Aadhaar has been linked to money laundering. Do not disconnect the call or tell anyone about this investigation. A customs parcel in your name contains illegal items.,False,False,4,1
+916640363738,110,,Please call me when you reach home safely.,False,False,0,0
+918065961960,822,,Your appointment is confirmed for next Monday. The bank branch is closed today due to a public holiday.,False,False,0,0
+918700877480,1676,,The bank branch is closed today due to a public holiday. Your appointment is confirmed for next Monday.,False,False,0,0
+918682719160,833,,Your grocery delivery will arrive between four and five. Please call me when you reach home safely.,False,False,1,0
+917850371498,2333,,Transfer all funds immediately to the verification account. A customs parcel in your name contains illegal items.,True,True,1,1
+918297724653,327,digital arrest,Do not disconnect the call or tell anyone about this investigation. A digital arrest warrant has been issued and police will arrive. A customs parcel in your name contains illegal items.,True,True,0,1
+916938323482,1549,,Can we move tomorrow's project meeting to the afternoon? Your appointment is confirmed for next Monday.,False,False,0,0
+916401506247,1425,cbi|aadhaar,A customs parcel in your name contains illegal items. I am calling from CBI and your Aadhaar has been linked to money laundering. Do not disconnect the call or tell anyone about this investigation.,False,False,1,1
+916189711086,1979,,The bank branch is closed today due to a public holiday.,False,False,0,0
+919417601187,1716,,Please call me when you reach home safely.,False,False,0,0
+917532872429,1882,digital arrest,A digital arrest warrant has been issued and police will arrive. Do not disconnect the call or tell anyone about this investigation. Transfer all funds immediately to the verification account.,True,False,7,1
+917005965322,215,cbi|aadhaar|digital arrest,I am calling from CBI and your Aadhaar has been linked to money laundering. A digital arrest warrant has been issued and police will arrive. Transfer all funds immediately to the verification account.,False,False,3,1
+917930446141,954,,Do not disconnect the call or tell anyone about this investigation.,False,True,8,1
+917854663638,660,,Do not disconnect the call or tell anyone about this investigation. Transfer all funds immediately to the verification account. A customs parcel in your name contains illegal items.,False,False,1,1
+916032739654,731,,Please call me when you reach home safely.,False,False,1,0
+916909610419,329,,Your grocery delivery will arrive between four and five. Your appointment is confirmed for next Monday.,False,False,0,0
+919796015100,2204,,Do not disconnect the call or tell anyone about this investigation.,False,False,9,1
+917928691901,1770,,Please call me when you reach home safely. Can we move tomorrow's project meeting to the afternoon?,False,False,0,0
+918603958409,907,,The bank branch is closed today due to a public holiday. Your appointment is confirmed for next Monday.,False,False,1,0
+917269309794,1568,,Can we move tomorrow's project meeting to the afternoon?,False,False,1,0
+916231035712,971,digital arrest,A digital arrest warrant has been issued and police will arrive.,False,True,12,1
+917694824361,583,,Your appointment is confirmed for next Monday.,False,False,1,0
+918606621641,2256,,Do not disconnect the call or tell anyone about this investigation.,False,True,1,1
+918357539470,587,cbi|aadhaar,I am calling from CBI and your Aadhaar has been linked to money laundering. Transfer all funds immediately to the verification account. A customs parcel in your name contains illegal items.,False,True,5,1
+916383897451,2151,digital arrest,Do not disconnect the call or tell anyone about this investigation. A digital arrest warrant has been issued and police will arrive.,True,False,0,1
+918926328475,1161,cbi|aadhaar|digital arrest,A digital arrest warrant has been issued and police will arrive. I am calling from CBI and your Aadhaar has been linked to money laundering.,False,True,1,1
+919105648029,154,cbi|aadhaar,I am calling from CBI and your Aadhaar has been linked to money laundering.,True,False,0,1
+916422026052,1828,cbi|aadhaar|digital arrest,A digital arrest warrant has been issued and police will arrive. I am calling from CBI and your Aadhaar has been linked to money laundering. A customs parcel in your name contains illegal items.,False,False,1,1
+917517570082,1311,,Your grocery delivery will arrive between four and five. Your appointment is confirmed for next Monday.,False,False,0,0
+918578476281,2390,digital arrest,Transfer all funds immediately to the verification account. A digital arrest warrant has been issued and police will arrive. Do not disconnect the call or tell anyone about this investigation.,True,False,9,1
+919385765083,203,cbi|aadhaar|digital arrest,I am calling from CBI and your Aadhaar has been linked to money laundering. Do not disconnect the call or tell anyone about this investigation. A digital arrest warrant has been issued and police will arrive.,True,True,1,1
+917122211801,1036,cbi|aadhaar|digital arrest,A customs parcel in your name contains illegal items. A digital arrest warrant has been issued and police will arrive. I am calling from CBI and your Aadhaar has been linked to money laundering.,True,True,1,1
+918276483960,644,,The bank branch is closed today due to a public holiday.,False,False,1,0
+919426095977,1133,,Please call me when you reach home safely.,False,False,0,0
+919528651553,727,,Your grocery delivery will arrive between four and five. The bank branch is closed today due to a public holiday.,False,False,1,0
+916892994637,1014,digital arrest,A digital arrest warrant has been issued and police will arrive.,True,True,1,1
+919317288760,2183,,Your appointment is confirmed for next Monday. The bank branch is closed today due to a public holiday.,False,False,0,0
+916533711758,2306,cbi|aadhaar|digital arrest,I am calling from CBI and your Aadhaar has been linked to money laundering. A digital arrest warrant has been issued and police will arrive.,False,False,1,1
+918140814503,1049,,The bank branch is closed today due to a public holiday. Can we move tomorrow's project meeting to the afternoon?,False,False,1,0
+916665122637,298,digital arrest,A digital arrest warrant has been issued and police will arrive.,True,True,1,1
+917320687837,1699,digital arrest,Transfer all funds immediately to the verification account. Do not disconnect the call or tell anyone about this investigation. A digital arrest warrant has been issued and police will arrive.,True,True,11,1
+917329657581,1061,,Do not disconnect the call or tell anyone about this investigation. Transfer all funds immediately to the verification account.,True,True,1,1
+917523322159,1560,,The bank branch is closed today due to a public holiday. Please call me when you reach home safely.,False,False,0,0
+919387264700,968,,Can we move tomorrow's project meeting to the afternoon?,False,False,1,0
+918017913285,1575,cbi|aadhaar,Do not disconnect the call or tell anyone about this investigation. Transfer all funds immediately to the verification account. I am calling from CBI and your Aadhaar has been linked to money laundering.,True,True,0,1
+919138676512,476,,Your appointment is confirmed for next Monday. Your grocery delivery will arrive between four and five.,False,False,0,0
+919115975848,579,,The bank branch is closed today due to a public holiday.,False,False,1,0
+917244235651,265,,The bank branch is closed today due to a public holiday.,False,False,0,0
+918260065605,1085,,Do not disconnect the call or tell anyone about this investigation.,False,True,6,1
+919464771580,609,,Please call me when you reach home safely.,False,False,0,0
+918604710800,843,digital arrest,A digital arrest warrant has been issued and police will arrive. A customs parcel in your name contains illegal items. Transfer all funds immediately to the verification account.,True,True,2,1
+916969449751,190,cbi|aadhaar,Do not disconnect the call or tell anyone about this investigation. A customs parcel in your name contains illegal items. I am calling from CBI and your Aadhaar has been linked to money laundering.,False,True,11,1
+919257296116,1371,,Your grocery delivery will arrive between four and five.,False,False,1,0
+919481874972,150,cbi|aadhaar|digital arrest,A customs parcel in your name contains illegal items. I am calling from CBI and your Aadhaar has been linked to money laundering. A digital arrest warrant has been issued and police will arrive.,False,False,0,1
+917620453050,1397,cbi|aadhaar,I am calling from CBI and your Aadhaar has been linked to money laundering. Do not disconnect the call or tell anyone about this investigation.,True,True,0,1
+919937076777,42,,The bank branch is closed today due to a public holiday. Your grocery delivery will arrive between four and five.,False,False,1,0
+919804842564,267,,The bank branch is closed today due to a public holiday. Your appointment is confirmed for next Monday.,False,False,0,0
+916467533557,2238,,Your appointment is confirmed for next Monday.,False,False,1,0
+919500168215,675,cbi|aadhaar,A customs parcel in your name contains illegal items. Transfer all funds immediately to the verification account. I am calling from CBI and your Aadhaar has been linked to money laundering.,False,True,7,1
+917938284097,1156,,Your grocery delivery will arrive between four and five.,False,False,0,0
+918302553576,1698,,Transfer all funds immediately to the verification account.,False,True,1,1
+919396167683,219,cbi|aadhaar,I am calling from CBI and your Aadhaar has been linked to money laundering. Transfer all funds immediately to the verification account.,True,True,7,1
+916237887314,2160,cbi|aadhaar,Do not disconnect the call or tell anyone about this investigation. A customs parcel in your name contains illegal items. I am calling from CBI and your Aadhaar has been linked to money laundering.,False,False,0,1
+918941657862,1896,cbi|aadhaar|digital arrest,A digital arrest warrant has been issued and police will arrive. I am calling from CBI and your Aadhaar has been linked to money laundering.,True,True,0,1
+919296793876,925,,Your grocery delivery will arrive between four and five.,False,False,0,0
+916467179406,2018,,A customs parcel in your name contains illegal items.,False,True,3,1
+916173266884,504,digital arrest,Do not disconnect the call or tell anyone about this investigation. A digital arrest warrant has been issued and police will arrive. Transfer all funds immediately to the verification account.,True,False,1,1
+919351119302,824,,Your appointment is confirmed for next Monday.,False,False,1,0
+918639294083,538,digital arrest,A digital arrest warrant has been issued and police will arrive. Do not disconnect the call or tell anyone about this investigation. A customs parcel in your name contains illegal items.,True,True,4,1
+918424344865,295,,Your grocery delivery will arrive between four and five. Your appointment is confirmed for next Monday.,False,False,1,0
+918503532597,708,cbi|aadhaar,I am calling from CBI and your Aadhaar has been linked to money laundering.,True,False,1,1
+919566034842,2293,,Your appointment is confirmed for next Monday. Please call me when you reach home safely.,False,False,1,0
+918298943963,1529,,Your grocery delivery will arrive between four and five. The bank branch is closed today due to a public holiday.,False,False,0,0
+918428116280,451,,Can we move tomorrow's project meeting to the afternoon?,False,False,1,0
+919824838803,809,,Your appointment is confirmed for next Monday. Can we move tomorrow's project meeting to the afternoon?,False,False,0,0
+919334048994,1790,,The bank branch is closed today due to a public holiday.,False,False,0,0
+918396198964,1967,,Please call me when you reach home safely.,False,False,0,0
+916746957631,914,,Please call me when you reach home safely. Your grocery delivery will arrive between four and five.,False,False,1,0
+917399206213,1511,,Your appointment is confirmed for next Monday.,False,False,0,0
+919590469177,1196,,Your appointment is confirmed for next Monday.,False,False,0,0
+917466042991,152,,Your grocery delivery will arrive between four and five. Can we move tomorrow's project meeting to the afternoon?,False,False,1,0
+918338611500,630,,Please call me when you reach home safely.,False,False,1,0
+916930427819,91,digital arrest,A customs parcel in your name contains illegal items. A digital arrest warrant has been issued and police will arrive. Do not disconnect the call or tell anyone about this investigation.,True,False,2,1
+919467037048,2194,,Can we move tomorrow's project meeting to the afternoon?,False,False,0,0
+916639744153,1015,,Transfer all funds immediately to the verification account.,False,True,1,1
+918054786772,946,,Your grocery delivery will arrive between four and five. Your appointment is confirmed for next Monday.,True,False,0,0
+916268886251,255,,Your appointment is confirmed for next Monday. Please call me when you reach home safely.,False,False,1,0
+916348811916,821,,Your appointment is confirmed for next Monday. Can we move tomorrow's project meeting to the afternoon?,False,False,0,0
+918628810402,1173,cbi|aadhaar,I am calling from CBI and your Aadhaar has been linked to money laundering.,True,True,1,1
+917946208161,1700,,The bank branch is closed today due to a public holiday.,False,False,0,0
+918757683460,1714,,Your appointment is confirmed for next Monday.,False,False,1,0
+918571979779,1183,,Do not disconnect the call or tell anyone about this investigation. Transfer all funds immediately to the verification account.,True,True,8,1
+918561140603,591,,Do not disconnect the call or tell anyone about this investigation. A customs parcel in your name contains illegal items.,True,True,1,1
+919963519939,1604,,Please call me when you reach home safely.,False,False,1,0
+917706299885,2176,,The bank branch is closed today due to a public holiday.,False,False,0,0
+916569794696,1316,,Do not disconnect the call or tell anyone about this investigation.,True,True,4,1
+916466920014,1943,,The bank branch is closed today due to a public holiday.,False,False,1,0
+916337561177,699,,Do not disconnect the call or tell anyone about this investigation.,True,True,0,1
+917481614367,1570,,Do not disconnect the call or tell anyone about this investigation. Transfer all funds immediately to the verification account.,True,True,8,1
+919118088884,720,digital arrest,A digital arrest warrant has been issued and police will arrive.,False,True,5,1
+916405944165,1796,,A customs parcel in your name contains illegal items.,True,False,1,1
+918929377044,1054,,Please call me when you reach home safely.,False,False,0,0
+916731511042,794,cbi|aadhaar,I am calling from CBI and your Aadhaar has been linked to money laundering. Do not disconnect the call or tell anyone about this investigation. A customs parcel in your name contains illegal items.,True,True,1,1
+916439538201,822,,Please call me when you reach home safely.,False,False,0,0
+919368948923,1823,,Can we move tomorrow's project meeting to the afternoon? The bank branch is closed today due to a public holiday.,False,False,1,0
+916761139533,2256,digital arrest,A digital arrest warrant has been issued and police will arrive.,False,False,2,1
+916098435007,2048,,Transfer all funds immediately to the verification account.,False,False,8,1
+918054374140,280,,Please call me when you reach home safely. Your grocery delivery will arrive between four and five.,False,False,1,0
+919694105900,93,,Please call me when you reach home safely.,False,False,0,0
+917500248479,1373,cbi|aadhaar,Do not disconnect the call or tell anyone about this investigation. I am calling from CBI and your Aadhaar has been linked to money laundering. Transfer all funds immediately to the verification account.,False,True,0,1
+918949558042,1115,cbi|aadhaar,Transfer all funds immediately to the verification account. I am calling from CBI and your Aadhaar has been linked to money laundering.,True,False,1,1
+918450786785,598,digital arrest,A digital arrest warrant has been issued and police will arrive.,True,True,0,1
+917153273805,993,cbi|aadhaar|digital arrest,A digital arrest warrant has been issued and police will arrive. I am calling from CBI and your Aadhaar has been linked to money laundering.,True,False,9,1
+916544920020,184,,Your appointment is confirmed for next Monday. Your grocery delivery will arrive between four and five.,False,False,0,0
+919088892987,1057,,Your appointment is confirmed for next Monday.,False,False,1,0
+918618770275,2127,,Transfer all funds immediately to the verification account.,True,False,1,1
+917966603030,176,,Transfer all funds immediately to the verification account.,False,True,11,1
+918051282554,832,digital arrest,Do not disconnect the call or tell anyone about this investigation. A digital arrest warrant has been issued and police will arrive.,True,True,1,1
+917180686699,1588,,Your grocery delivery will arrive between four and five.,False,False,1,0
+918621785155,2209,,Please call me when you reach home safely.,False,False,1,0
+919595080909,560,,Your appointment is confirmed for next Monday. Please call me when you reach home safely.,False,False,0,0
+917711946715,792,,Your grocery delivery will arrive between four and five. The bank branch is closed today due to a public holiday.,False,False,0,0
+918850011933,1506,,Your grocery delivery will arrive between four and five. The bank branch is closed today due to a public holiday.,False,False,0,0
+916536121369,717,digital arrest,A digital arrest warrant has been issued and police will arrive. Transfer all funds immediately to the verification account. A customs parcel in your name contains illegal items.,True,True,1,1
+916784072202,2174,,The bank branch is closed today due to a public holiday. Your appointment is confirmed for next Monday.,False,False,1,0
+919549654846,1234,,Can we move tomorrow's project meeting to the afternoon?,False,False,1,0
+919566147269,940,digital arrest,A digital arrest warrant has been issued and police will arrive.,False,False,1,1
+919934177708,1372,cbi|aadhaar,I am calling from CBI and your Aadhaar has been linked to money laundering. Transfer all funds immediately to the verification account. Do not disconnect the call or tell anyone about this investigation.,True,False,2,1
+916720177224,2387,,Can we move tomorrow's project meeting to the afternoon? The bank branch is closed today due to a public holiday.,False,False,1,0
+918275219907,1545,,Can we move tomorrow's project meeting to the afternoon?,False,False,1,0
+917585836900,1528,,Your appointment is confirmed for next Monday.,True,False,1,0
+918619431200,1342,,Please call me when you reach home safely. The bank branch is closed today due to a public holiday.,False,False,0,0
+916833908892,1285,,The bank branch is closed today due to a public holiday. Can we move tomorrow's project meeting to the afternoon?,False,False,0,0
+916855333373,2166,cbi|aadhaar|digital arrest,A digital arrest warrant has been issued and police will arrive. I am calling from CBI and your Aadhaar has been linked to money laundering. A customs parcel in your name contains illegal items.,False,True,1,1
+916902741416,1645,,Transfer all funds immediately to the verification account.,True,False,0,1
+919130741146,740,cbi|aadhaar,I am calling from CBI and your Aadhaar has been linked to money laundering. Transfer all funds immediately to the verification account.,True,True,0,1
+919430835934,1775,,Please call me when you reach home safely. Your grocery delivery will arrive between four and five.,False,False,0,0
+918763004173,476,digital arrest,A digital arrest warrant has been issued and police will arrive.,True,False,3,1
+916761604001,1900,,Your grocery delivery will arrive between four and five.,False,False,1,0
+918411562298,276,,Your appointment is confirmed for next Monday.,False,False,1,0
+916557383228,992,,Your grocery delivery will arrive between four and five. The bank branch is closed today due to a public holiday.,False,False,1,0
+917421175557,2313,,Please call me when you reach home safely. Can we move tomorrow's project meeting to the afternoon?,False,False,0,0
+919710999563,2104,,Please call me when you reach home safely. Your grocery delivery will arrive between four and five.,False,False,1,0
+916593646339,2048,,The bank branch is closed today due to a public holiday. Your appointment is confirmed for next Monday.,False,False,0,0
+917362910285,1209,digital arrest,Transfer all funds immediately to the verification account. A digital arrest warrant has been issued and police will arrive. A customs parcel in your name contains illegal items.,True,False,6,1
+919655073624,55,cbi|aadhaar|digital arrest,I am calling from CBI and your Aadhaar has been linked to money laundering. A digital arrest warrant has been issued and police will arrive. Transfer all funds immediately to the verification account.,False,True,6,1
+917015421546,567,,Transfer all funds immediately to the verification account. Do not disconnect the call or tell anyone about this investigation.,False,True,4,1
+916297394609,883,,The bank branch is closed today due to a public holiday.,True,False,1,0
+919170352066,776,digital arrest,A digital arrest warrant has been issued and police will arrive.,False,True,11,1
+918107237254,620,digital arrest,A digital arrest warrant has been issued and police will arrive. A customs parcel in your name contains illegal items.,True,False,10,1
+919860611944,1836,,Please call me when you reach home safely.,False,False,1,0
+919022301088,716,cbi|aadhaar,Do not disconnect the call or tell anyone about this investigation. I am calling from CBI and your Aadhaar has been linked to money laundering.,False,False,9,1
+919469170292,463,digital arrest,A digital arrest warrant has been issued and police will arrive.,False,False,3,1
+918770889099,59,,Do not disconnect the call or tell anyone about this investigation.,False,False,3,1
+919803116808,398,,Please call me when you reach home safely.,False,False,0,0
+918287126414,706,digital arrest,Do not disconnect the call or tell anyone about this investigation. A digital arrest warrant has been issued and police will arrive.,False,True,1,1
+917378035387,1096,cbi|aadhaar|digital arrest,I am calling from CBI and your Aadhaar has been linked to money laundering. A customs parcel in your name contains illegal items. A digital arrest warrant has been issued and police will arrive.,False,True,1,1
+917397729435,613,cbi|aadhaar,Transfer all funds immediately to the verification account. A customs parcel in your name contains illegal items. I am calling from CBI and your Aadhaar has been linked to money laundering.,False,False,10,1
+916228047582,2280,digital arrest,A customs parcel in your name contains illegal items. A digital arrest warrant has been issued and police will arrive. Transfer all funds immediately to the verification account.,False,True,12,1
+916271965658,1902,,Please call me when you reach home safely.,False,False,0,0
+918434707917,906,cbi|aadhaar|digital arrest,Do not disconnect the call or tell anyone about this investigation. A digital arrest warrant has been issued and police will arrive. I am calling from CBI and your Aadhaar has been linked to money laundering.,False,True,3,1
+918822854797,338,,Please call me when you reach home safely.,False,False,1,0
+917050210461,2395,cbi|aadhaar|digital arrest,Do not disconnect the call or tell anyone about this investigation. A digital arrest warrant has been issued and police will arrive. I am calling from CBI and your Aadhaar has been linked to money laundering.,False,False,6,1
+917794761165,530,,Your appointment is confirmed for next Monday. The bank branch is closed today due to a public holiday.,False,False,1,0
+917244865317,1042,,Can we move tomorrow's project meeting to the afternoon? Your appointment is confirmed for next Monday.,False,False,1,0
+916775071794,1860,,The bank branch is closed today due to a public holiday. Please call me when you reach home safely.,False,False,0,0
+917890394224,316,,Your grocery delivery will arrive between four and five. Can we move tomorrow's project meeting to the afternoon?,False,False,0,0
+919040487424,1368,digital arrest,A digital arrest warrant has been issued and police will arrive. A customs parcel in your name contains illegal items. Transfer all funds immediately to the verification account.,True,True,0,1
+916120595684,433,,Can we move tomorrow's project meeting to the afternoon?,False,False,0,0
+918380313898,2032,cbi|aadhaar|digital arrest,I am calling from CBI and your Aadhaar has been linked to money laundering. Do not disconnect the call or tell anyone about this investigation. A digital arrest warrant has been issued and police will arrive.,False,True,1,1
+918936028052,892,,Your appointment is confirmed for next Monday. Please call me when you reach home safely.,False,False,1,0
+917017030458,2221,,Your appointment is confirmed for next Monday. The bank branch is closed today due to a public holiday.,False,False,0,0
+917665807851,365,,Do not disconnect the call or tell anyone about this investigation.,False,True,5,1
+917489870323,697,,Your grocery delivery will arrive between four and five. Please call me when you reach home safely.,False,False,0,0
+918761284601,2394,,Your grocery delivery will arrive between four and five.,False,False,0,0
+916854009120,1987,,Your grocery delivery will arrive between four and five. Your appointment is confirmed for next Monday.,False,False,1,0
+919915526045,50,,Your grocery delivery will arrive between four and five.,False,False,0,0
+916399127970,501,,Can we move tomorrow's project meeting to the afternoon?,False,False,1,0
+918949723173,1915,,Do not disconnect the call or tell anyone about this investigation.,True,True,3,1
+918602051434,395,,Your grocery delivery will arrive between four and five.,False,False,0,0
+919099552003,160,,Do not disconnect the call or tell anyone about this investigation.,True,True,0,1
+916159012701,1232,,Can we move tomorrow's project meeting to the afternoon? Your appointment is confirmed for next Monday.,False,False,0,0
+918856770854,1264,cbi|aadhaar,Do not disconnect the call or tell anyone about this investigation. I am calling from CBI and your Aadhaar has been linked to money laundering.,False,True,1,1
+918933641842,1647,cbi|aadhaar,Do not disconnect the call or tell anyone about this investigation. I am calling from CBI and your Aadhaar has been linked to money laundering.,False,False,1,1
+917613090684,557,cbi|aadhaar,I am calling from CBI and your Aadhaar has been linked to money laundering. Transfer all funds immediately to the verification account.,True,True,0,1
+919099137622,1588,,The bank branch is closed today due to a public holiday.,False,False,1,0
+918983114982,2063,cbi|aadhaar,I am calling from CBI and your Aadhaar has been linked to money laundering. Do not disconnect the call or tell anyone about this investigation. Transfer all funds immediately to the verification account.,False,True,1,1
+916609365750,1158,,Please call me when you reach home safely.,False,False,0,0
+917318319418,563,,Your appointment is confirmed for next Monday. The bank branch is closed today due to a public holiday.,False,False,1,0
+917814450982,534,,Do not disconnect the call or tell anyone about this investigation.,True,False,8,1
+918660409168,281,digital arrest,A digital arrest warrant has been issued and police will arrive.,True,True,1,1
+919702108426,121,,Please call me when you reach home safely.,False,False,1,0
+916681175120,61,cbi|aadhaar|digital arrest,A digital arrest warrant has been issued and police will arrive. I am calling from CBI and your Aadhaar has been linked to money laundering.,True,False,5,1
+916535559599,99,,Your grocery delivery will arrive between four and five. Can we move tomorrow's project meeting to the afternoon?,False,False,0,0
+917817583480,1292,,Please call me when you reach home safely. Your appointment is confirmed for next Monday.,False,False,1,0
+917079244622,1994,digital arrest,Transfer all funds immediately to the verification account. A digital arrest warrant has been issued and police will arrive. Do not disconnect the call or tell anyone about this investigation.,False,False,3,1
+919303503629,515,digital arrest,A customs parcel in your name contains illegal items. A digital arrest warrant has been issued and police will arrive.,False,True,1,1
+918378739095,971,,Do not disconnect the call or tell anyone about this investigation.,True,False,12,1
+916056388680,2147,,A customs parcel in your name contains illegal items.,True,True,9,1
+918545830617,154,,Please call me when you reach home safely. Your grocery delivery will arrive between four and five.,False,False,0,0
+917945461842,446,cbi|aadhaar,I am calling from CBI and your Aadhaar has been linked to money laundering. A customs parcel in your name contains illegal items.,True,True,9,1
+917235770782,1509,,Transfer all funds immediately to the verification account.,False,False,1,1
+916751536075,497,,The bank branch is closed today due to a public holiday. Can we move tomorrow's project meeting to the afternoon?,False,False,1,0
+917919076555,1774,digital arrest,A customs parcel in your name contains illegal items. Do not disconnect the call or tell anyone about this investigation. A digital arrest warrant has been issued and police will arrive.,False,True,9,1
+918410584190,52,,Your grocery delivery will arrive between four and five. Can we move tomorrow's project meeting to the afternoon?,False,False,0,0
+916672525154,1830,,Your appointment is confirmed for next Monday.,False,False,1,0
+917517127354,292,,Please call me when you reach home safely. Can we move tomorrow's project meeting to the afternoon?,False,False,0,0
+917142480101,1680,,Your grocery delivery will arrive between four and five. Your appointment is confirmed for next Monday.,False,False,0,0
+918527649620,2019,cbi|aadhaar|digital arrest,A digital arrest warrant has been issued and police will arrive. I am calling from CBI and your Aadhaar has been linked to money laundering.,False,True,0,1
+918335938156,2291,cbi|aadhaar|digital arrest,I am calling from CBI and your Aadhaar has been linked to money laundering. A digital arrest warrant has been issued and police will arrive.,True,True,1,1
+917070694629,299,,Your appointment is confirmed for next Monday. Your grocery delivery will arrive between four and five.,False,False,1,0
+918568104126,2065,cbi|aadhaar|digital arrest,A digital arrest warrant has been issued and police will arrive. I am calling from CBI and your Aadhaar has been linked to money laundering.,False,True,1,1
+918535392886,1828,digital arrest,A digital arrest warrant has been issued and police will arrive. A customs parcel in your name contains illegal items. Transfer all funds immediately to the verification account.,False,True,2,1
+917764747116,1594,,Your appointment is confirmed for next Monday. The bank branch is closed today due to a public holiday.,False,False,0,0
+917002011065,743,cbi|aadhaar,Transfer all funds immediately to the verification account. I am calling from CBI and your Aadhaar has been linked to money laundering.,False,True,10,1
+919916879775,496,digital arrest,A digital arrest warrant has been issued and police will arrive.,False,True,1,1
+917850216085,601,cbi|aadhaar,I am calling from CBI and your Aadhaar has been linked to money laundering.,True,True,1,1
+918837925186,142,cbi|aadhaar,A customs parcel in your name contains illegal items. Do not disconnect the call or tell anyone about this investigation. I am calling from CBI and your Aadhaar has been linked to money laundering.,False,False,1,1
+917586462078,2371,,Your grocery delivery will arrive between four and five. Your appointment is confirmed for next Monday.,False,False,0,0
+919139435252,2231,cbi|aadhaar,A customs parcel in your name contains illegal items. Do not disconnect the call or tell anyone about this investigation. I am calling from CBI and your Aadhaar has been linked to money laundering.,True,False,8,1
+918347707105,1664,,Your appointment is confirmed for next Monday. Your grocery delivery will arrive between four and five.,False,False,0,0
+919794351713,1488,,Do not disconnect the call or tell anyone about this investigation.,True,False,1,1
+918176895551,1561,,Your appointment is confirmed for next Monday.,False,False,1,0
+917798678969,1972,cbi|aadhaar,I am calling from CBI and your Aadhaar has been linked to money laundering.,True,True,1,1
+918419909553,378,,Can we move tomorrow's project meeting to the afternoon?,False,False,1,0
+918576558233,1764,cbi|aadhaar,I am calling from CBI and your Aadhaar has been linked to money laundering. Do not disconnect the call or tell anyone about this investigation. Transfer all funds immediately to the verification account.,True,False,1,1
+918529055771,1482,digital arrest,A customs parcel in your name contains illegal items. A digital arrest warrant has been issued and police will arrive.,True,True,0,1
+918123240587,2290,digital arrest,A digital arrest warrant has been issued and police will arrive.,False,True,6,1
+919345911300,1915,digital arrest,A digital arrest warrant has been issued and police will arrive. Do not disconnect the call or tell anyone about this investigation.,False,True,7,1
+919800047344,1757,,Can we move tomorrow's project meeting to the afternoon? The bank branch is closed today due to a public holiday.,False,False,0,0
+917843864884,134,digital arrest,A customs parcel in your name contains illegal items. A digital arrest warrant has been issued and police will arrive. Transfer all funds immediately to the verification account.,True,False,5,1
+916438987225,1610,cbi|aadhaar,I am calling from CBI and your Aadhaar has been linked to money laundering.,True,True,3,1
+917182049013,2252,,Your appointment is confirmed for next Monday. Can we move tomorrow's project meeting to the afternoon?,False,False,1,0
+918637454569,198,,Do not disconnect the call or tell anyone about this investigation. Transfer all funds immediately to the verification account. A customs parcel in your name contains illegal items.,False,True,12,1
+918472828483,309,digital arrest,A customs parcel in your name contains illegal items. A digital arrest warrant has been issued and police will arrive.,True,True,9,1
+916317196446,908,,Your grocery delivery will arrive between four and five.,False,False,1,0
+919750076818,867,,Do not disconnect the call or tell anyone about this investigation. Transfer all funds immediately to the verification account. A customs parcel in your name contains illegal items.,False,False,0,1
+917067837855,209,,A customs parcel in your name contains illegal items.,False,True,0,1
+917547546235,1170,cbi|aadhaar,I am calling from CBI and your Aadhaar has been linked to money laundering. A customs parcel in your name contains illegal items. Do not disconnect the call or tell anyone about this investigation.,False,False,0,1
+916829996475,1214,cbi|aadhaar|digital arrest,I am calling from CBI and your Aadhaar has been linked to money laundering. A digital arrest warrant has been issued and police will arrive.,True,True,11,1
+919245300899,2013,,Please call me when you reach home safely. Your grocery delivery will arrive between four and five.,False,False,1,0
+919007312949,1089,,Your appointment is confirmed for next Monday.,False,False,0,0
+919720724806,1671,,Your appointment is confirmed for next Monday.,False,False,0,0
+917902030402,1139,,The bank branch is closed today due to a public holiday.,False,False,0,0
+918673821219,786,,Can we move tomorrow's project meeting to the afternoon?,False,False,1,0
+919001669945,1651,,Your appointment is confirmed for next Monday. Please call me when you reach home safely.,False,False,0,0
+918957897337,399,,Your appointment is confirmed for next Monday. Please call me when you reach home safely.,False,False,1,0
+918635809013,582,,Your grocery delivery will arrive between four and five. Your appointment is confirmed for next Monday.,False,False,0,0
+917058264906,1592,,Please call me when you reach home safely.,False,False,1,0
+916265717272,960,cbi|aadhaar,I am calling from CBI and your Aadhaar has been linked to money laundering.,False,False,7,1
+917067526442,1712,,Can we move tomorrow's project meeting to the afternoon? Please call me when you reach home safely.,False,False,1,0
+917407262549,1555,,Your appointment is confirmed for next Monday.,False,False,1,0
+917293355340,586,cbi|aadhaar,I am calling from CBI and your Aadhaar has been linked to money laundering.,True,True,11,1
+919953553666,1571,,Can we move tomorrow's project meeting to the afternoon? Your grocery delivery will arrive between four and five.,False,False,1,0
+918136761036,1711,,Your appointment is confirmed for next Monday. Please call me when you reach home safely.,False,False,1,0
+917351830663,1765,,Can we move tomorrow's project meeting to the afternoon? Your grocery delivery will arrive between four and five.,False,False,1,0
+916948039639,817,cbi|aadhaar,Transfer all funds immediately to the verification account. I am calling from CBI and your Aadhaar has been linked to money laundering.,False,False,5,1
+917041601006,1543,,Please call me when you reach home safely.,False,False,0,0
+916232754595,474,digital arrest,Do not disconnect the call or tell anyone about this investigation. A digital arrest warrant has been issued and police will arrive.,True,False,1,1
+919674668738,794,cbi|aadhaar,Transfer all funds immediately to the verification account. Do not disconnect the call or tell anyone about this investigation. I am calling from CBI and your Aadhaar has been linked to money laundering.,True,True,11,1
+918035593005,1302,,A customs parcel in your name contains illegal items.,True,False,8,1
+916445200444,353,,Please call me when you reach home safely.,False,False,0,0
+919911507994,2091,,Your grocery delivery will arrive between four and five.,False,False,1,0
+918528919362,2144,cbi|aadhaar|digital arrest,A customs parcel in your name contains illegal items. I am calling from CBI and your Aadhaar has been linked to money laundering. A digital arrest warrant has been issued and police will arrive.,False,True,0,1
+918557757778,1497,digital arrest,A digital arrest warrant has been issued and police will arrive. Do not disconnect the call or tell anyone about this investigation.,True,True,2,1
+916579434097,1703,,The bank branch is closed today due to a public holiday.,False,False,1,0
+919949315853,704,,Your grocery delivery will arrive between four and five. Can we move tomorrow's project meeting to the afternoon?,False,False,0,0
+916979149244,1791,,Please call me when you reach home safely.,False,False,1,0
+918379874152,1465,,Your appointment is confirmed for next Monday. Your grocery delivery will arrive between four and five.,False,False,1,0
+916549398059,535,,The bank branch is closed today due to a public holiday. Can we move tomorrow's project meeting to the afternoon?,False,False,1,0
+919773772822,1067,,Your appointment is confirmed for next Monday.,False,False,1,0
+917092917497,1281,,Your grocery delivery will arrive between four and five. Your appointment is confirmed for next Monday.,False,False,1,0
+916831287016,661,,Transfer all funds immediately to the verification account. Do not disconnect the call or tell anyone about this investigation.,False,True,0,1
+917935957019,1825,,Your appointment is confirmed for next Monday. Please call me when you reach home safely.,False,False,0,0
+916131877388,814,,Do not disconnect the call or tell anyone about this investigation.,False,True,0,1
+917518830098,81,,Can we move tomorrow's project meeting to the afternoon? Your grocery delivery will arrive between four and five.,False,False,1,0
+917094915655,1377,digital arrest,A digital arrest warrant has been issued and police will arrive.,False,False,0,1
+916622024417,1122,digital arrest,A digital arrest warrant has been issued and police will arrive. Do not disconnect the call or tell anyone about this investigation.,False,True,9,1
+919179591386,455,,Transfer all funds immediately to the verification account.,True,False,12,1
+918208423152,304,,Please call me when you reach home safely. Your appointment is confirmed for next Monday.,False,False,1,0
+917123790065,1102,,Transfer all funds immediately to the verification account.,True,False,11,1
+918956801637,300,,Your appointment is confirmed for next Monday.,False,False,1,0
+918756454100,1342,,Your appointment is confirmed for next Monday. Your grocery delivery will arrive between four and five.,False,False,0,0
+918157530529,2129,,Your appointment is confirmed for next Monday.,False,False,1,0
+919800183693,279,,Your appointment is confirmed for next Monday. Please call me when you reach home safely.,False,False,0,0
+916449486070,1153,,Your appointment is confirmed for next Monday. Can we move tomorrow's project meeting to the afternoon?,False,False,1,0
+919479884863,396,,Please call me when you reach home safely. Can we move tomorrow's project meeting to the afternoon?,False,False,0,0
+916567799688,864,,The bank branch is closed today due to a public holiday. Can we move tomorrow's project meeting to the afternoon?,False,False,1,0
+918439598011,452,,Can we move tomorrow's project meeting to the afternoon? Your appointment is confirmed for next Monday.,False,False,0,0
+918433447929,890,cbi|aadhaar|digital arrest,A digital arrest warrant has been issued and police will arrive. A customs parcel in your name contains illegal items. I am calling from CBI and your Aadhaar has been linked to money laundering.,False,False,3,1
+916064007193,788,cbi|aadhaar|digital arrest,I am calling from CBI and your Aadhaar has been linked to money laundering. Do not disconnect the call or tell anyone about this investigation. A digital arrest warrant has been issued and police will arrive.,True,False,1,1
+917981307630,1807,,Your grocery delivery will arrive between four and five.,False,False,1,0
+916522709173,75,digital arrest,A digital arrest warrant has been issued and police will arrive.,True,False,1,1
+919422485861,410,,The bank branch is closed today due to a public holiday.,False,False,1,0
+919988118417,1337,,Your appointment is confirmed for next Monday.,False,False,1,0
+919376569218,2006,,Your appointment is confirmed for next Monday.,False,False,0,0
+917328562324,1703,,Can we move tomorrow's project meeting to the afternoon?,False,False,1,0
+916852790402,99,,Your grocery delivery will arrive between four and five.,False,False,0,0
+919510576277,1172,,Your grocery delivery will arrive between four and five.,False,False,1,0
+916083945813,218,,Please call me when you reach home safely. Your grocery delivery will arrive between four and five.,False,False,1,0
+916317079191,83,,Please call me when you reach home safely. The bank branch is closed today due to a public holiday.,False,False,0,0
+916006810278,1860,cbi|aadhaar,Transfer all funds immediately to the verification account. I am calling from CBI and your Aadhaar has been linked to money laundering.,True,False,0,1
+917577473842,2330,digital arrest,A digital arrest warrant has been issued and police will arrive. Transfer all funds immediately to the verification account. A customs parcel in your name contains illegal items.,False,True,9,1
+918424945917,1689,,Do not disconnect the call or tell anyone about this investigation. Transfer all funds immediately to the verification account. A customs parcel in your name contains illegal items.,True,False,9,1
+918319005801,1805,,Your appointment is confirmed for next Monday.,False,False,0,0
+919356900391,327,,Please call me when you reach home safely.,False,False,1,0
+919851693104,1574,digital arrest,A customs parcel in your name contains illegal items. Do not disconnect the call or tell anyone about this investigation. A digital arrest warrant has been issued and police will arrive.,True,True,2,1
+916569946661,1797,,Your grocery delivery will arrive between four and five.,False,False,0,0
+916063103973,1269,,Please call me when you reach home safely. Can we move tomorrow's project meeting to the afternoon?,False,False,1,0
+916597860324,328,,Your appointment is confirmed for next Monday.,False,False,1,0
+918881769334,595,cbi|aadhaar,Transfer all funds immediately to the verification account. I am calling from CBI and your Aadhaar has been linked to money laundering. Do not disconnect the call or tell anyone about this investigation.,True,False,5,1
+918770172451,2288,cbi|aadhaar,I am calling from CBI and your Aadhaar has been linked to money laundering.,True,False,11,1
+918590546190,1985,cbi|aadhaar|digital arrest,A digital arrest warrant has been issued and police will arrive. A customs parcel in your name contains illegal items. I am calling from CBI and your Aadhaar has been linked to money laundering.,True,True,3,1
+917144183769,570,,Your grocery delivery will arrive between four and five. The bank branch is closed today due to a public holiday.,False,False,1,0
+917369924677,1812,,The bank branch is closed today due to a public holiday. Please call me when you reach home safely.,False,False,0,0
+916077574909,233,digital arrest,Do not disconnect the call or tell anyone about this investigation. A digital arrest warrant has been issued and police will arrive. A customs parcel in your name contains illegal items.,True,False,1,1
+919553144010,587,,Transfer all funds immediately to the verification account. A customs parcel in your name contains illegal items. Do not disconnect the call or tell anyone about this investigation.,True,True,1,1
+919949404458,2323,,Your appointment is confirmed for next Monday.,False,False,0,0
+918085098457,2160,,Your grocery delivery will arrive between four and five. Your appointment is confirmed for next Monday.,False,False,0,0
+919079821219,1883,,Can we move tomorrow's project meeting to the afternoon?,False,False,1,0
+916283085972,271,cbi|aadhaar,I am calling from CBI and your Aadhaar has been linked to money laundering. A customs parcel in your name contains illegal items.,False,True,1,1
+918466861478,1552,,Your grocery delivery will arrive between four and five.,False,False,0,0
+916798562311,1780,,Your grocery delivery will arrive between four and five. Your appointment is confirmed for next Monday.,False,False,1,0
+919525375748,2362,,Can we move tomorrow's project meeting to the afternoon? Please call me when you reach home safely.,False,False,0,0
+918078192513,1080,cbi|aadhaar,I am calling from CBI and your Aadhaar has been linked to money laundering. A customs parcel in your name contains illegal items.,False,True,11,1
+918412802572,1370,,Your appointment is confirmed for next Monday.,False,False,1,0
+919682776701,1718,digital arrest,Do not disconnect the call or tell anyone about this investigation. A customs parcel in your name contains illegal items. A digital arrest warrant has been issued and police will arrive.,True,True,10,1
+919592020174,390,,Please call me when you reach home safely. Your grocery delivery will arrive between four and five.,False,False,1,0
+919456475777,1303,,Please call me when you reach home safely.,False,False,0,0
+918411539709,1681,cbi|aadhaar|digital arrest,I am calling from CBI and your Aadhaar has been linked to money laundering. A digital arrest warrant has been issued and police will arrive. Do not disconnect the call or tell anyone about this investigation.,True,True,3,1
+918250639787,1021,,Transfer all funds immediately to the verification account. Do not disconnect the call or tell anyone about this investigation.,True,True,1,1
+919702451661,1148,,Your appointment is confirmed for next Monday. Your grocery delivery will arrive between four and five.,False,False,1,0
+917079629894,1257,cbi|aadhaar|digital arrest,A customs parcel in your name contains illegal items. A digital arrest warrant has been issued and police will arrive. I am calling from CBI and your Aadhaar has been linked to money laundering.,False,False,4,1
+919426497525,1250,,Transfer all funds immediately to the verification account. Do not disconnect the call or tell anyone about this investigation. A customs parcel in your name contains illegal items.,True,False,1,1
+919981486158,1163,,Transfer all funds immediately to the verification account.,False,False,8,1
+916684857302,873,digital arrest,A digital arrest warrant has been issued and police will arrive. Transfer all funds immediately to the verification account.,True,False,6,1
+918322899354,1395,,Your appointment is confirmed for next Monday.,False,False,0,0
+918860802144,446,,A customs parcel in your name contains illegal items.,False,False,1,1
+916406968435,108,cbi|aadhaar,I am calling from CBI and your Aadhaar has been linked to money laundering.,True,False,9,1
+916722370940,127,,Please call me when you reach home safely. Your grocery delivery will arrive between four and five.,False,False,0,0
+919000604154,370,,The bank branch is closed today due to a public holiday.,False,False,1,0
+917880067717,1315,,Can we move tomorrow's project meeting to the afternoon?,False,False,0,0
+919693378050,1740,,Your grocery delivery will arrive between four and five. Your appointment is confirmed for next Monday.,False,False,0,0
+916476714720,1411,,Your grocery delivery will arrive between four and five.,False,False,1,0
+917890449389,1421,,The bank branch is closed today due to a public holiday.,True,False,1,0
+918365429772,232,cbi|aadhaar,I am calling from CBI and your Aadhaar has been linked to money laundering. A customs parcel in your name contains illegal items.,False,True,0,1
+916206779059,69,,Your grocery delivery will arrive between four and five. Can we move tomorrow's project meeting to the afternoon?,False,False,0,0
+919853712725,515,digital arrest,A digital arrest warrant has been issued and police will arrive. Do not disconnect the call or tell anyone about this investigation. A customs parcel in your name contains illegal items.,True,True,0,1
+919265537010,1194,,Do not disconnect the call or tell anyone about this investigation.,True,True,9,1
+919781719263,743,,Can we move tomorrow's project meeting to the afternoon?,False,False,1,0
+917551969197,1618,,Transfer all funds immediately to the verification account.,True,True,1,1
+919925630899,2272,cbi|aadhaar|digital arrest,A digital arrest warrant has been issued and police will arrive. I am calling from CBI and your Aadhaar has been linked to money laundering.,True,True,1,1
+919342746903,1019,,Please call me when you reach home safely. The bank branch is closed today due to a public holiday.,False,False,0,0
+919001706576,1565,digital arrest,Do not disconnect the call or tell anyone about this investigation. A digital arrest warrant has been issued and police will arrive. Transfer all funds immediately to the verification account.,False,True,5,1
+916034574245,922,digital arrest,A customs parcel in your name contains illegal items. A digital arrest warrant has been issued and police will arrive.,True,True,3,1
+916558379593,1632,cbi|aadhaar,I am calling from CBI and your Aadhaar has been linked to money laundering.,True,True,7,1
+918459651195,642,digital arrest,Transfer all funds immediately to the verification account. Do not disconnect the call or tell anyone about this investigation. A digital arrest warrant has been issued and police will arrive.,True,True,3,1
+918762312662,1757,cbi|aadhaar|digital arrest,I am calling from CBI and your Aadhaar has been linked to money laundering. A digital arrest warrant has been issued and police will arrive.,False,True,1,1
+917043572787,87,cbi|aadhaar,I am calling from CBI and your Aadhaar has been linked to money laundering.,True,True,1,1
+917907273913,930,,Please call me when you reach home safely.,False,False,1,0
+919966529484,1899,,The bank branch is closed today due to a public holiday.,False,False,1,0
+916734404715,1764,,The bank branch is closed today due to a public holiday. Can we move tomorrow's project meeting to the afternoon?,False,False,0,0
+919799947795,609,,Do not disconnect the call or tell anyone about this investigation.,True,False,3,1
+918984585872,546,cbi|aadhaar,I am calling from CBI and your Aadhaar has been linked to money laundering.,True,False,8,1
+918365370642,55,,Transfer all funds immediately to the verification account.,True,False,0,1
+919895124549,2178,cbi|aadhaar,I am calling from CBI and your Aadhaar has been linked to money laundering.,False,True,0,1
+917862876997,465,,Your grocery delivery will arrive between four and five. The bank branch is closed today due to a public holiday.,False,False,0,0
+919136743583,1311,digital arrest,A digital arrest warrant has been issued and police will arrive.,True,True,9,1
+916216225514,1421,cbi|aadhaar,Do not disconnect the call or tell anyone about this investigation. I am calling from CBI and your Aadhaar has been linked to money laundering.,False,True,9,1
+916663886876,2112,cbi|aadhaar|digital arrest,A digital arrest warrant has been issued and police will arrive. Do not disconnect the call or tell anyone about this investigation. I am calling from CBI and your Aadhaar has been linked to money laundering.,False,True,7,1
+918823324830,423,digital arrest,A digital arrest warrant has been issued and police will arrive.,False,False,5,1
+917265063482,2228,cbi|aadhaar,A customs parcel in your name contains illegal items. Do not disconnect the call or tell anyone about this investigation. I am calling from CBI and your Aadhaar has been linked to money laundering.,True,True,9,1
+916254088491,1062,,Can we move tomorrow's project meeting to the afternoon?,False,False,0,0
+917545765374,2394,digital arrest,Do not disconnect the call or tell anyone about this investigation. A digital arrest warrant has been issued and police will arrive.,False,True,0,1
+918723197692,881,,Do not disconnect the call or tell anyone about this investigation.,False,True,0,1
+919652811641,550,cbi|aadhaar|digital arrest,Do not disconnect the call or tell anyone about this investigation. A digital arrest warrant has been issued and police will arrive. I am calling from CBI and your Aadhaar has been linked to money laundering.,False,True,8,1
+917794990061,1404,cbi|aadhaar,Do not disconnect the call or tell anyone about this investigation. I am calling from CBI and your Aadhaar has been linked to money laundering.,False,True,0,1
+919406111768,975,cbi|aadhaar,Do not disconnect the call or tell anyone about this investigation. I am calling from CBI and your Aadhaar has been linked to money laundering.,False,True,0,1
+916963124765,570,,Transfer all funds immediately to the verification account. A customs parcel in your name contains illegal items.,False,True,0,1
+917785463318,333,,Your appointment is confirmed for next Monday.,False,False,0,0
+919372228799,149,cbi|aadhaar,I am calling from CBI and your Aadhaar has been linked to money laundering. Do not disconnect the call or tell anyone about this investigation. Transfer all funds immediately to the verification account.,True,True,0,1
+916696653832,647,,Your grocery delivery will arrive between four and five. Please call me when you reach home safely.,False,False,1,0
+918090995743,87,,Your grocery delivery will arrive between four and five.,False,False,1,0
+919008307658,1643,,Transfer all funds immediately to the verification account. A customs parcel in your name contains illegal items. Do not disconnect the call or tell anyone about this investigation.,False,True,1,1
+919277348091,1073,,A customs parcel in your name contains illegal items. Transfer all funds immediately to the verification account. Do not disconnect the call or tell anyone about this investigation.,True,True,10,1
+918437621070,1737,,A customs parcel in your name contains illegal items. Do not disconnect the call or tell anyone about this investigation.,True,False,0,1
+917863328069,511,digital arrest,A customs parcel in your name contains illegal items. Do not disconnect the call or tell anyone about this investigation. A digital arrest warrant has been issued and police will arrive.,True,True,3,1
+919949802904,1437,,Can we move tomorrow's project meeting to the afternoon? Please call me when you reach home safely.,False,False,0,0
+918917046454,2138,,The bank branch is closed today due to a public holiday. Can we move tomorrow's project meeting to the afternoon?,False,False,0,0
+918551719683,431,,Your appointment is confirmed for next Monday.,False,False,1,0
+919897424548,376,,Can we move tomorrow's project meeting to the afternoon?,False,False,1,0
+918403917322,1417,,The bank branch is closed today due to a public holiday. Can we move tomorrow's project meeting to the afternoon?,False,False,0,0
+918863499558,265,,Please call me when you reach home safely. Can we move tomorrow's project meeting to the afternoon?,False,False,1,0
+917034595927,347,,Transfer all funds immediately to the verification account.,True,False,0,1
+919087084931,1123,,Please call me when you reach home safely. Your grocery delivery will arrive between four and five.,False,False,1,0
+919058473453,1128,,A customs parcel in your name contains illegal items. Transfer all funds immediately to the verification account. Do not disconnect the call or tell anyone about this investigation.,False,True,8,1
+917875123190,1548,,Can we move tomorrow's project meeting to the afternoon? The bank branch is closed today due to a public holiday.,False,False,0,0
+919465580264,290,,Please call me when you reach home safely. Your appointment is confirmed for next Monday.,False,False,1,0
+917474279965,1199,,Your grocery delivery will arrive between four and five.,False,False,0,0
+919974103301,1284,,Your appointment is confirmed for next Monday.,False,False,1,0
+917387688916,1550,,Please call me when you reach home safely.,False,False,0,0
+919737118675,1161,cbi|aadhaar,Do not disconnect the call or tell anyone about this investigation. I am calling from CBI and your Aadhaar has been linked to money laundering.,True,True,0,1
+917227996564,245,cbi|aadhaar|digital arrest,A digital arrest warrant has been issued and police will arrive. I am calling from CBI and your Aadhaar has been linked to money laundering. Do not disconnect the call or tell anyone about this investigation.,False,False,2,1
+917784370404,506,,Can we move tomorrow's project meeting to the afternoon?,False,False,0,0
+919308498733,1905,cbi|aadhaar,Do not disconnect the call or tell anyone about this investigation. I am calling from CBI and your Aadhaar has been linked to money laundering.,True,True,7,1
+918128939773,2204,,Your grocery delivery will arrive between four and five.,False,False,0,0
+917582095590,2278,,Your grocery delivery will arrive between four and five.,False,False,0,0
+917557991237,1174,,The bank branch is closed today due to a public holiday. Can we move tomorrow's project meeting to the afternoon?,False,False,0,0
+918135544025,824,,A customs parcel in your name contains illegal items. Transfer all funds immediately to the verification account. Do not disconnect the call or tell anyone about this investigation.,False,True,1,1
+917910013071,1925,cbi|aadhaar,I am calling from CBI and your Aadhaar has been linked to money laundering. A customs parcel in your name contains illegal items. Do not disconnect the call or tell anyone about this investigation.,True,True,0,1
+916837429281,1947,,The bank branch is closed today due to a public holiday. Please call me when you reach home safely.,True,False,0,0
+919494692059,1829,cbi|aadhaar,I am calling from CBI and your Aadhaar has been linked to money laundering.,False,False,1,1
+918930964876,759,cbi|aadhaar,Transfer all funds immediately to the verification account. I am calling from CBI and your Aadhaar has been linked to money laundering.,False,True,3,1
+916113686722,1263,,Transfer all funds immediately to the verification account.,True,True,4,1
+918272409624,385,,Can we move tomorrow's project meeting to the afternoon?,False,False,1,0
+917507810226,661,,Do not disconnect the call or tell anyone about this investigation.,True,True,7,1
+917477337316,553,cbi|aadhaar,I am calling from CBI and your Aadhaar has been linked to money laundering. Do not disconnect the call or tell anyone about this investigation. Transfer all funds immediately to the verification account.,False,False,1,1
+916725746234,647,,Can we move tomorrow's project meeting to the afternoon? Your appointment is confirmed for next Monday.,False,False,0,0
+916006116776,1206,,Can we move tomorrow's project meeting to the afternoon? Your appointment is confirmed for next Monday.,False,False,0,0
+918178733436,1463,cbi|aadhaar,Do not disconnect the call or tell anyone about this investigation. Transfer all funds immediately to the verification account. I am calling from CBI and your Aadhaar has been linked to money laundering.,False,True,7,1
+916805038167,1623,cbi|aadhaar,I am calling from CBI and your Aadhaar has been linked to money laundering.,False,True,8,1
+919563813107,848,,Your appointment is confirmed for next Monday.,False,False,0,0
+919537449346,2297,cbi|aadhaar,I am calling from CBI and your Aadhaar has been linked to money laundering. Do not disconnect the call or tell anyone about this investigation.,True,True,6,1
+918861395841,1810,,Your grocery delivery will arrive between four and five.,False,False,1,0
+917392908772,1842,,Please call me when you reach home safely. Your appointment is confirmed for next Monday.,False,False,0,0
+916693146811,2112,,Do not disconnect the call or tell anyone about this investigation.,True,True,0,1
+918431267294,661,cbi|aadhaar|digital arrest,Transfer all funds immediately to the verification account. A digital arrest warrant has been issued and police will arrive. I am calling from CBI and your Aadhaar has been linked to money laundering.,False,False,11,1
+917739579351,264,,Can we move tomorrow's project meeting to the afternoon?,False,False,1,0
+919866407626,1625,,Can we move tomorrow's project meeting to the afternoon? The bank branch is closed today due to a public holiday.,False,False,0,0
+918283087132,257,,Can we move tomorrow's project meeting to the afternoon? Your grocery delivery will arrive between four and five.,False,False,0,0
+916027113758,2018,,The bank branch is closed today due to a public holiday. Your grocery delivery will arrive between four and five.,False,False,0,0
+918834641231,323,cbi|aadhaar|digital arrest,Transfer all funds immediately to the verification account. I am calling from CBI and your Aadhaar has been linked to money laundering. A digital arrest warrant has been issued and police will arrive.,True,True,3,1
+919092784999,1969,cbi|aadhaar,I am calling from CBI and your Aadhaar has been linked to money laundering. Transfer all funds immediately to the verification account.,False,True,0,1
+916312336350,743,,Transfer all funds immediately to the verification account. A customs parcel in your name contains illegal items.,False,True,6,1
+916309327341,347,,Your grocery delivery will arrive between four and five. Please call me when you reach home safely.,False,False,1,0
+916072614944,2362,,The bank branch is closed today due to a public holiday. Please call me when you reach home safely.,False,False,1,0
+919456819677,787,,A customs parcel in your name contains illegal items. Do not disconnect the call or tell anyone about this investigation. Transfer all funds immediately to the verification account.,True,True,9,1
+916724678119,1810,,Your grocery delivery will arrive between four and five.,False,False,1,0
+916412720524,586,,Your appointment is confirmed for next Monday.,False,False,1,0
+918664186241,1682,cbi|aadhaar,I am calling from CBI and your Aadhaar has been linked to money laundering. Do not disconnect the call or tell anyone about this investigation.,True,True,12,1
+916926078462,333,,Please call me when you reach home safely. Your grocery delivery will arrive between four and five.,False,False,1,0
+918800466060,1624,cbi|aadhaar,Do not disconnect the call or tell anyone about this investigation. I am calling from CBI and your Aadhaar has been linked to money laundering.,False,True,0,1
+919610607517,881,digital arrest,A digital arrest warrant has been issued and police will arrive. A customs parcel in your name contains illegal items.,False,True,1,1
+918705680237,1595,,Can we move tomorrow's project meeting to the afternoon? Your grocery delivery will arrive between four and five.,False,False,0,0
+916519911739,313,cbi|aadhaar|digital arrest,A digital arrest warrant has been issued and police will arrive. Transfer all funds immediately to the verification account. I am calling from CBI and your Aadhaar has been linked to money laundering.,True,True,3,1
+917958912285,1193,digital arrest,A customs parcel in your name contains illegal items. A digital arrest warrant has been issued and police will arrive.,True,True,5,1
+918410603666,1931,,Can we move tomorrow's project meeting to the afternoon?,False,False,1,0
+919965789163,1297,digital arrest,A customs parcel in your name contains illegal items. A digital arrest warrant has been issued and police will arrive. Do not disconnect the call or tell anyone about this investigation.,False,True,8,1
+916145061316,1082,,A customs parcel in your name contains illegal items.,False,False,1,1
+916161641331,1611,,Do not disconnect the call or tell anyone about this investigation. Transfer all funds immediately to the verification account.,False,True,4,1
+916339638210,480,,Please call me when you reach home safely.,False,False,1,0
+917379097773,873,,Can we move tomorrow's project meeting to the afternoon? Please call me when you reach home safely.,False,False,0,0
+916691929006,1925,cbi|aadhaar,I am calling from CBI and your Aadhaar has been linked to money laundering. Do not disconnect the call or tell anyone about this investigation.,True,True,2,1
+918666165047,2322,cbi|aadhaar,Do not disconnect the call or tell anyone about this investigation. I am calling from CBI and your Aadhaar has been linked to money laundering.,False,False,1,1
+918823765365,1810,,The bank branch is closed today due to a public holiday. Your appointment is confirmed for next Monday.,False,False,1,0
+919045289361,1084,,The bank branch is closed today due to a public holiday. Can we move tomorrow's project meeting to the afternoon?,False,False,1,0
+918445491987,1031,,Your appointment is confirmed for next Monday. Your grocery delivery will arrive between four and five.,False,False,1,0
+917158091527,1709,digital arrest,Transfer all funds immediately to the verification account. A digital arrest warrant has been issued and police will arrive. A customs parcel in your name contains illegal items.,True,True,4,1
+916205059915,1374,,Can we move tomorrow's project meeting to the afternoon?,False,False,0,0
+916677287684,454,,A customs parcel in your name contains illegal items. Do not disconnect the call or tell anyone about this investigation. Transfer all funds immediately to the verification account.,False,True,1,1
+916494537680,1990,,Can we move tomorrow's project meeting to the afternoon? Your grocery delivery will arrive between four and five.,False,False,0,0
+917772956281,1547,digital arrest,A digital arrest warrant has been issued and police will arrive. Transfer all funds immediately to the verification account.,True,False,11,1
+917049835395,71,,Can we move tomorrow's project meeting to the afternoon?,False,False,0,0
+916959693549,2350,,Transfer all funds immediately to the verification account. A customs parcel in your name contains illegal items.,True,False,0,1
+917982002586,1395,cbi|aadhaar,Transfer all funds immediately to the verification account. I am calling from CBI and your Aadhaar has been linked to money laundering. A customs parcel in your name contains illegal items.,False,False,0,1
+918697258551,1960,,Can we move tomorrow's project meeting to the afternoon? The bank branch is closed today due to a public holiday.,False,False,1,0
+917121379272,1506,,Your grocery delivery will arrive between four and five. Can we move tomorrow's project meeting to the afternoon?,False,False,0,0
+918328043016,2285,,Transfer all funds immediately to the verification account. A customs parcel in your name contains illegal items. Do not disconnect the call or tell anyone about this investigation.,True,True,2,1
+916676763681,585,,Can we move tomorrow's project meeting to the afternoon? Your appointment is confirmed for next Monday.,True,False,1,0
+916462917728,106,,A customs parcel in your name contains illegal items. Transfer all funds immediately to the verification account.,True,True,7,1
+916140314598,2291,,Your appointment is confirmed for next Monday. Please call me when you reach home safely.,False,False,0,0
+919235240983,235,,Can we move tomorrow's project meeting to the afternoon? The bank branch is closed today due to a public holiday.,False,False,1,0
+919819379438,1201,,Please call me when you reach home safely.,False,False,1,0
+916980888448,2227,,Transfer all funds immediately to the verification account.,False,True,6,1
+919500684974,2320,,Can we move tomorrow's project meeting to the afternoon?,False,False,0,0
+919237940164,683,,Transfer all funds immediately to the verification account. Do not disconnect the call or tell anyone about this investigation.,True,False,6,1
+916577424200,1382,digital arrest,A digital arrest warrant has been issued and police will arrive.,True,True,0,1
+916986647743,119,,Can we move tomorrow's project meeting to the afternoon?,False,False,0,0
+917837285131,1898,cbi|aadhaar,A customs parcel in your name contains illegal items. I am calling from CBI and your Aadhaar has been linked to money laundering.,True,True,0,1
+918618523505,1452,,Please call me when you reach home safely. Can we move tomorrow's project meeting to the afternoon?,False,False,1,0
+919880552427,738,cbi|aadhaar,I am calling from CBI and your Aadhaar has been linked to money laundering. Do not disconnect the call or tell anyone about this investigation. A customs parcel in your name contains illegal items.,False,True,0,1
+916124740399,917,,Please call me when you reach home safely. Can we move tomorrow's project meeting to the afternoon?,False,False,0,0
+918320071613,1242,,Your grocery delivery will arrive between four and five.,False,False,0,0
+919082495147,697,,Your grocery delivery will arrive between four and five.,False,False,1,0
+919784209979,1559,,The bank branch is closed today due to a public holiday.,False,False,0,0
+919572111605,1980,,The bank branch is closed today due to a public holiday. Please call me when you reach home safely.,False,False,0,0
+918672752086,779,,The bank branch is closed today due to a public holiday. Please call me when you reach home safely.,False,False,0,0
+918910434160,1951,digital arrest,A digital arrest warrant has been issued and police will arrive. Do not disconnect the call or tell anyone about this investigation.,False,True,8,1
+918512269302,1435,,Do not disconnect the call or tell anyone about this investigation.,True,True,10,1
+918085068274,1050,,The bank branch is closed today due to a public holiday. Can we move tomorrow's project meeting to the afternoon?,False,False,0,0
+916202491725,518,,Do not disconnect the call or tell anyone about this investigation.,True,True,2,1
+918956483793,2294,,Can we move tomorrow's project meeting to the afternoon?,False,False,1,0
+919672445067,232,,Your grocery delivery will arrive between four and five.,False,False,1,0
+918660415961,1061,cbi|aadhaar,I am calling from CBI and your Aadhaar has been linked to money laundering. Do not disconnect the call or tell anyone about this investigation. Transfer all funds immediately to the verification account.,False,True,2,1
+918114111681,1618,cbi|aadhaar,I am calling from CBI and your Aadhaar has been linked to money laundering. A customs parcel in your name contains illegal items.,False,True,3,1
+916485274934,1568,cbi|aadhaar,A customs parcel in your name contains illegal items. Do not disconnect the call or tell anyone about this investigation. I am calling from CBI and your Aadhaar has been linked to money laundering.,True,True,5,1
+919903144440,829,,Your appointment is confirmed for next Monday. Please call me when you reach home safely.,False,False,0,0
+919579914826,105,digital arrest,Do not disconnect the call or tell anyone about this investigation. A digital arrest warrant has been issued and police will arrive. A customs parcel in your name contains illegal items.,True,False,8,1
+917163773460,1933,,Your appointment is confirmed for next Monday. The bank branch is closed today due to a public holiday.,True,False,0,0
+919290325972,1312,digital arrest,A digital arrest warrant has been issued and police will arrive. A customs parcel in your name contains illegal items.,True,True,1,1
+917834546656,886,,The bank branch is closed today due to a public holiday. Can we move tomorrow's project meeting to the afternoon?,False,False,1,0
+916794511095,1882,,Please call me when you reach home safely. Can we move tomorrow's project meeting to the afternoon?,False,False,1,0
+916345974243,1665,,Do not disconnect the call or tell anyone about this investigation.,True,True,0,1
+916648150825,1200,cbi|aadhaar,Do not disconnect the call or tell anyone about this investigation. I am calling from CBI and your Aadhaar has been linked to money laundering. Transfer all funds immediately to the verification account.,True,False,12,1
+918855468313,1677,cbi|aadhaar,Do not disconnect the call or tell anyone about this investigation. I am calling from CBI and your Aadhaar has been linked to money laundering.,True,True,6,1
+916772601857,205,cbi|aadhaar,Do not disconnect the call or tell anyone about this investigation. A customs parcel in your name contains illegal items. I am calling from CBI and your Aadhaar has been linked to money laundering.,True,True,1,1
+916879449164,468,cbi|aadhaar|digital arrest,Transfer all funds immediately to the verification account. I am calling from CBI and your Aadhaar has been linked to money laundering. A digital arrest warrant has been issued and police will arrive.,True,True,1,1
+918464867254,2219,,Your grocery delivery will arrive between four and five.,False,False,1,0
+916652147887,416,cbi|aadhaar,I am calling from CBI and your Aadhaar has been linked to money laundering.,False,True,0,1
+918312094332,659,,Transfer all funds immediately to the verification account.,False,False,0,1
+916446595829,479,,Please call me when you reach home safely. The bank branch is closed today due to a public holiday.,False,False,0,0
+918893602501,33,cbi|aadhaar,I am calling from CBI and your Aadhaar has been linked to money laundering. A customs parcel in your name contains illegal items. Do not disconnect the call or tell anyone about this investigation.,True,False,0,1
+917347238368,2163,digital arrest,A digital arrest warrant has been issued and police will arrive. A customs parcel in your name contains illegal items. Do not disconnect the call or tell anyone about this investigation.,True,True,1,1
+919216648459,1303,,Please call me when you reach home safely. The bank branch is closed today due to a public holiday.,False,False,1,0
+916605201067,1816,digital arrest,Do not disconnect the call or tell anyone about this investigation. A digital arrest warrant has been issued and police will arrive.,False,True,3,1
+917221154162,698,,Do not disconnect the call or tell anyone about this investigation.,False,True,12,1
+918195071453,2357,,The bank branch is closed today due to a public holiday.,False,False,1,0
+919705271967,1858,,Your grocery delivery will arrive between four and five.,False,False,1,0
+918206270015,845,,Your appointment is confirmed for next Monday. Your grocery delivery will arrive between four and five.,False,False,0,0
+917813542786,1708,,Can we move tomorrow's project meeting to the afternoon?,True,False,1,0
+916023118276,1454,,Your grocery delivery will arrive between four and five.,False,False,0,0
+919749369776,424,,Can we move tomorrow's project meeting to the afternoon? Please call me when you reach home safely.,True,False,0,0
+919806611969,2198,,Can we move tomorrow's project meeting to the afternoon? The bank branch is closed today due to a public holiday.,False,False,0,0
+919972436019,1741,,The bank branch is closed today due to a public holiday.,False,False,0,0
+917709859032,2217,,Your grocery delivery will arrive between four and five.,False,False,1,0
+919820525427,877,,A customs parcel in your name contains illegal items. Do not disconnect the call or tell anyone about this investigation.,False,False,0,1
+916357778454,2101,digital arrest,Do not disconnect the call or tell anyone about this investigation. A digital arrest warrant has been issued and police will arrive.,True,False,1,1
+918371466083,1278,cbi|aadhaar|digital arrest,A digital arrest warrant has been issued and police will arrive. A customs parcel in your name contains illegal items. I am calling from CBI and your Aadhaar has been linked to money laundering.,False,True,2,1
+916863825648,954,,Do not disconnect the call or tell anyone about this investigation.,False,False,9,1
+919128123058,289,digital arrest,A digital arrest warrant has been issued and police will arrive. Do not disconnect the call or tell anyone about this investigation. A customs parcel in your name contains illegal items.,True,False,1,1
+917814589029,1546,cbi|aadhaar,I am calling from CBI and your Aadhaar has been linked to money laundering. A customs parcel in your name contains illegal items. Do not disconnect the call or tell anyone about this investigation.,False,True,2,1
+918667904464,551,cbi|aadhaar|digital arrest,A digital arrest warrant has been issued and police will arrive. I am calling from CBI and your Aadhaar has been linked to money laundering. Transfer all funds immediately to the verification account.,True,False,0,1
+918548723026,1746,cbi|aadhaar,I am calling from CBI and your Aadhaar has been linked to money laundering. A customs parcel in your name contains illegal items.,False,True,0,1
+917502995956,2067,,Your appointment is confirmed for next Monday.,False,False,1,0
+917583294377,1665,,Please call me when you reach home safely.,False,False,1,0
+917390164028,1865,,Your appointment is confirmed for next Monday. Your grocery delivery will arrive between four and five.,False,False,0,0
+916959992610,1147,,The bank branch is closed today due to a public holiday.,False,False,1,0
+919807894097,589,,Please call me when you reach home safely.,False,False,1,0
+919284929196,1717,,The bank branch is closed today due to a public holiday. Please call me when you reach home safely.,False,False,0,0
+918080616245,118,,Your grocery delivery will arrive between four and five. Please call me when you reach home safely.,False,False,1,0
+918401530842,1471,,The bank branch is closed today due to a public holiday. Please call me when you reach home safely.,False,False,1,0
+918186391513,822,,Please call me when you reach home safely. The bank branch is closed today due to a public holiday.,False,False,0,0
+917041666447,1213,,Your grocery delivery will arrive between four and five. Please call me when you reach home safely.,False,False,1,0
+917258284953,2216,,Transfer all funds immediately to the verification account. Do not disconnect the call or tell anyone about this investigation. A customs parcel in your name contains illegal items.,True,False,0,1
+917694358071,70,digital arrest,A digital arrest warrant has been issued and police will arrive.,True,True,11,1
+917718909319,1217,,Do not disconnect the call or tell anyone about this investigation.,True,True,8,1
+917162044523,2219,,Your appointment is confirmed for next Monday.,False,False,0,0
+916815845741,198,,Do not disconnect the call or tell anyone about this investigation.,True,True,9,1
+919670523898,464,digital arrest,A digital arrest warrant has been issued and police will arrive. Do not disconnect the call or tell anyone about this investigation. Transfer all funds immediately to the verification account.,True,True,8,1
+919930747947,82,cbi|aadhaar,I am calling from CBI and your Aadhaar has been linked to money laundering.,True,False,8,1
+919343865181,1487,digital arrest,Transfer all funds immediately to the verification account. A customs parcel in your name contains illegal items. A digital arrest warrant has been issued and police will arrive.,False,False,10,1
+916822837975,1825,,A customs parcel in your name contains illegal items. Transfer all funds immediately to the verification account.,False,False,5,1
+918158880828,1995,,Please call me when you reach home safely. Your appointment is confirmed for next Monday.,False,False,0,0
+916695765299,1727,,Your appointment is confirmed for next Monday.,False,False,1,0
+917837072589,1555,,Your grocery delivery will arrive between four and five.,False,False,0,0
+917082610955,568,,Transfer all funds immediately to the verification account.,False,False,1,1
+917812216221,2318,,Please call me when you reach home safely. The bank branch is closed today due to a public holiday.,False,False,1,0
+919341994651,546,,Do not disconnect the call or tell anyone about this investigation. Transfer all funds immediately to the verification account.,True,True,1,1
+917827380626,760,,Please call me when you reach home safely. Can we move tomorrow's project meeting to the afternoon?,False,False,1,0
+917425006676,996,,Your appointment is confirmed for next Monday.,False,False,0,0
+918142776126,1288,,Please call me when you reach home safely. Your grocery delivery will arrive between four and five.,False,False,1,0
+916733247365,424,digital arrest,Transfer all funds immediately to the verification account. A digital arrest warrant has been issued and police will arrive. Do not disconnect the call or tell anyone about this investigation.,False,True,10,1
+918100663811,365,,The bank branch is closed today due to a public holiday.,False,False,0,0
+919182666653,1050,cbi|aadhaar,Transfer all funds immediately to the verification account. Do not disconnect the call or tell anyone about this investigation. I am calling from CBI and your Aadhaar has been linked to money laundering.,True,True,10,1
+917017170902,616,,Your grocery delivery will arrive between four and five.,False,False,1,0
+918386649129,1344,,A customs parcel in your name contains illegal items.,False,True,0,1
+919615066039,1448,digital arrest,Do not disconnect the call or tell anyone about this investigation. A digital arrest warrant has been issued and police will arrive.,True,True,5,1
+918157607244,1372,,Please call me when you reach home safely.,False,False,0,0
+919935207729,243,,Your grocery delivery will arrive between four and five. Your appointment is confirmed for next Monday.,False,False,1,0
+917925162643,1890,,The bank branch is closed today due to a public holiday. Your grocery delivery will arrive between four and five.,False,False,1,0
+918271712985,1241,,Do not disconnect the call or tell anyone about this investigation. Transfer all funds immediately to the verification account.,True,True,1,1
+919016475076,2369,,Your grocery delivery will arrive between four and five. The bank branch is closed today due to a public holiday.,False,False,1,0
+916954537325,829,cbi|aadhaar|digital arrest,Do not disconnect the call or tell anyone about this investigation. I am calling from CBI and your Aadhaar has been linked to money laundering. A digital arrest warrant has been issued and police will arrive.,True,True,9,1
+918238389369,776,cbi|aadhaar,I am calling from CBI and your Aadhaar has been linked to money laundering.,True,False,0,1
+916747703504,1995,digital arrest,A digital arrest warrant has been issued and police will arrive. Do not disconnect the call or tell anyone about this investigation.,True,True,0,1
+916779705253,530,digital arrest,A digital arrest warrant has been issued and police will arrive. A customs parcel in your name contains illegal items.,True,True,11,1
+919368323516,2126,,Do not disconnect the call or tell anyone about this investigation. Transfer all funds immediately to the verification account.,True,False,1,1
+917199224967,1592,,Transfer all funds immediately to the verification account.,True,True,8,1
+918529092910,297,,Please call me when you reach home safely. Can we move tomorrow's project meeting to the afternoon?,False,False,1,0
+919891391508,1428,,Do not disconnect the call or tell anyone about this investigation. Transfer all funds immediately to the verification account.,True,True,1,1
+916207121418,2210,,Your grocery delivery will arrive between four and five.,False,False,0,0
+918936718806,1424,digital arrest,A digital arrest warrant has been issued and police will arrive.,True,False,4,1
+916731008521,1237,,Your appointment is confirmed for next Monday. The bank branch is closed today due to a public holiday.,False,False,1,0
+917881369290,729,,Your appointment is confirmed for next Monday. Please call me when you reach home safely.,False,False,1,0
+918226136218,485,,The bank branch is closed today due to a public holiday. Your appointment is confirmed for next Monday.,False,False,0,0
+918314184801,333,cbi|aadhaar,I am calling from CBI and your Aadhaar has been linked to money laundering.,False,True,10,1
+918272556973,1255,cbi|aadhaar,Do not disconnect the call or tell anyone about this investigation. A customs parcel in your name contains illegal items. I am calling from CBI and your Aadhaar has been linked to money laundering.,False,False,6,1
+919266534921,684,cbi|aadhaar,I am calling from CBI and your Aadhaar has been linked to money laundering. Transfer all funds immediately to the verification account.,True,True,0,1
+918159412879,1429,cbi|aadhaar|digital arrest,I am calling from CBI and your Aadhaar has been linked to money laundering. A digital arrest warrant has been issued and police will arrive. A customs parcel in your name contains illegal items.,False,True,0,1
+918618876090,2043,,Your grocery delivery will arrive between four and five.,False,False,0,0
+918650832925,2376,cbi|aadhaar|digital arrest,A digital arrest warrant has been issued and police will arrive. I am calling from CBI and your Aadhaar has been linked to money laundering.,False,False,0,1
+916634826048,2324,,A customs parcel in your name contains illegal items.,False,True,1,1
+916384100071,1312,,Can we move tomorrow's project meeting to the afternoon?,False,False,1,0
+919301980299,1334,,Please call me when you reach home safely.,False,False,0,0
+918472497882,1017,,Your grocery delivery will arrive between four and five.,False,False,0,0
+917320160317,580,digital arrest,A digital arrest warrant has been issued and police will arrive.,False,False,10,1
+918963890121,2205,,Do not disconnect the call or tell anyone about this investigation.,True,True,0,1
+916183465965,1190,,Your appointment is confirmed for next Monday.,False,False,0,0
+917719966564,315,,Can we move tomorrow's project meeting to the afternoon? Please call me when you reach home safely.,False,False,0,0
+916600697988,1831,,Can we move tomorrow's project meeting to the afternoon? Please call me when you reach home safely.,False,False,1,0
+917517110678,1021,,Your appointment is confirmed for next Monday. Can we move tomorrow's project meeting to the afternoon?,False,False,0,0
+918718152129,1225,,Transfer all funds immediately to the verification account.,True,True,7,1
+917533596910,1450,,Transfer all funds immediately to the verification account. A customs parcel in your name contains illegal items. Do not disconnect the call or tell anyone about this investigation.,False,True,8,1
+918834784237,578,,Transfer all funds immediately to the verification account. Do not disconnect the call or tell anyone about this investigation.,False,True,11,1
+916121002269,678,,Please call me when you reach home safely. Can we move tomorrow's project meeting to the afternoon?,False,False,1,0
+918238708828,366,cbi|aadhaar|digital arrest,A customs parcel in your name contains illegal items. A digital arrest warrant has been issued and police will arrive. I am calling from CBI and your Aadhaar has been linked to money laundering.,True,True,4,1
+918991736174,1921,,A customs parcel in your name contains illegal items.,False,True,2,1
+917759196016,1117,,Transfer all funds immediately to the verification account.,True,False,11,1
+916581405085,2038,cbi|aadhaar,I am calling from CBI and your Aadhaar has been linked to money laundering.,False,True,9,1
+919681710676,2115,,A customs parcel in your name contains illegal items.,False,True,7,1
+917361455346,895,,Transfer all funds immediately to the verification account. A customs parcel in your name contains illegal items.,False,True,10,1
+917727143543,1095,,Please call me when you reach home safely.,False,False,1,0
+916743601496,2101,,Your appointment is confirmed for next Monday.,False,False,0,0
+916480545967,1001,,The bank branch is closed today due to a public holiday. Your appointment is confirmed for next Monday.,False,False,1,0
+917947822434,1119,,Can we move tomorrow's project meeting to the afternoon? Please call me when you reach home safely.,False,False,0,0
+919525141370,1139,cbi|aadhaar|digital arrest,A digital arrest warrant has been issued and police will arrive. I am calling from CBI and your Aadhaar has been linked to money laundering.,False,False,1,1
+916894489591,2093,,Can we move tomorrow's project meeting to the afternoon?,False,False,1,0
+918799887348,1501,,Can we move tomorrow's project meeting to the afternoon? Please call me when you reach home safely.,False,False,1,0
+919562246292,1058,,Do not disconnect the call or tell anyone about this investigation.,True,True,8,1
+917499401504,820,,Your appointment is confirmed for next Monday.,False,False,0,0
+917700368981,575,,Your grocery delivery will arrive between four and five. Can we move tomorrow's project meeting to the afternoon?,False,False,0,0
+918814100269,727,,The bank branch is closed today due to a public holiday.,False,False,0,0
+917983524522,578,digital arrest,A digital arrest warrant has been issued and police will arrive.,True,True,11,1
+919037727690,2056,,Your grocery delivery will arrive between four and five.,False,False,0,0
+917162744688,1550,,Your grocery delivery will arrive between four and five. Can we move tomorrow's project meeting to the afternoon?,False,False,0,0
+918724262439,621,cbi|aadhaar|digital arrest,I am calling from CBI and your Aadhaar has been linked to money laundering. A digital arrest warrant has been issued and police will arrive. Transfer all funds immediately to the verification account.,True,True,10,1
+919717509580,2382,cbi|aadhaar,I am calling from CBI and your Aadhaar has been linked to money laundering. A customs parcel in your name contains illegal items.,True,False,7,1
+916060081368,1115,cbi|aadhaar,I am calling from CBI and your Aadhaar has been linked to money laundering. A customs parcel in your name contains illegal items.,False,True,0,1
+916428117108,471,,Can we move tomorrow's project meeting to the afternoon?,False,False,1,0
+917643133849,2183,,Can we move tomorrow's project meeting to the afternoon?,False,False,1,0
+916051536211,641,,Your grocery delivery will arrive between four and five.,False,False,1,0
+919347638343,998,cbi|aadhaar,Do not disconnect the call or tell anyone about this investigation. I am calling from CBI and your Aadhaar has been linked to money laundering. A customs parcel in your name contains illegal items.,True,True,0,1
+916844364282,1706,,Your grocery delivery will arrive between four and five.,False,False,1,0
+918043528606,1312,,The bank branch is closed today due to a public holiday.,True,False,1,0
+916111655677,1919,,Do not disconnect the call or tell anyone about this investigation.,True,False,10,1
+916468826081,866,cbi|aadhaar,I am calling from CBI and your Aadhaar has been linked to money laundering.,True,True,0,1
+918128647054,613,digital arrest,A digital arrest warrant has been issued and police will arrive.,True,True,2,1
+916476566742,2362,digital arrest,Transfer all funds immediately to the verification account. A digital arrest warrant has been issued and police will arrive.,True,False,0,1
+917953300302,1081,,Please call me when you reach home safely.,False,False,0,0
+919997212484,569,,Do not disconnect the call or tell anyone about this investigation.,True,False,1,1
+917159117625,367,cbi|aadhaar|digital arrest,A customs parcel in your name contains illegal items. I am calling from CBI and your Aadhaar has been linked to money laundering. A digital arrest warrant has been issued and police will arrive.,True,False,4,1
+917310355481,1857,,Your appointment is confirmed for next Monday.,False,False,1,0
+917806747808,1476,,A customs parcel in your name contains illegal items.,True,True,0,1
+919514748619,1259,,A customs parcel in your name contains illegal items.,False,True,11,1
+917506483713,488,digital arrest,Do not disconnect the call or tell anyone about this investigation. Transfer all funds immediately to the verification account. A digital arrest warrant has been issued and police will arrive.,True,True,1,1
+918306500809,402,digital arrest,A digital arrest warrant has been issued and police will arrive.,True,False,1,1
+919774452374,2134,,Transfer all funds immediately to the verification account. A customs parcel in your name contains illegal items.,False,True,9,1
+917111614443,126,cbi|aadhaar,A customs parcel in your name contains illegal items. I am calling from CBI and your Aadhaar has been linked to money laundering.,True,True,1,1
+918661639440,2353,cbi|aadhaar|digital arrest,A digital arrest warrant has been issued and police will arrive. I am calling from CBI and your Aadhaar has been linked to money laundering. Transfer all funds immediately to the verification account.,True,True,1,1
+918272409296,855,cbi|aadhaar,I am calling from CBI and your Aadhaar has been linked to money laundering.,True,False,12,1
+916989823441,1171,,Can we move tomorrow's project meeting to the afternoon?,False,False,1,0
+918266815325,1710,cbi|aadhaar,A customs parcel in your name contains illegal items. I am calling from CBI and your Aadhaar has been linked to money laundering.,True,True,2,1
+919121809077,2043,cbi|aadhaar,I am calling from CBI and your Aadhaar has been linked to money laundering.,False,True,3,1
+916006399881,882,,The bank branch is closed today due to a public holiday.,False,False,1,0
+917252802486,1681,cbi|aadhaar,I am calling from CBI and your Aadhaar has been linked to money laundering.,True,True,7,1
+916521057194,1062,,Your grocery delivery will arrive between four and five.,False,False,0,0
+917651342321,2355,,Your appointment is confirmed for next Monday.,False,False,0,0
+916865614250,1900,,Can we move tomorrow's project meeting to the afternoon?,False,False,1,0
+916038252621,2249,,Your appointment is confirmed for next Monday. Your grocery delivery will arrive between four and five.,False,False,1,0
+916217592499,124,cbi|aadhaar,I am calling from CBI and your Aadhaar has been linked to money laundering. A customs parcel in your name contains illegal items. Do not disconnect the call or tell anyone about this investigation.,False,True,1,1
+916509987408,426,,Can we move tomorrow's project meeting to the afternoon? Your appointment is confirmed for next Monday.,False,False,1,0
+918843924622,2304,cbi|aadhaar|digital arrest,I am calling from CBI and your Aadhaar has been linked to money laundering. A digital arrest warrant has been issued and police will arrive.,False,True,2,1
+916644593970,104,,Your appointment is confirmed for next Monday. Can we move tomorrow's project meeting to the afternoon?,False,False,1,0
+917765728981,152,cbi|aadhaar|digital arrest,I am calling from CBI and your Aadhaar has been linked to money laundering. A digital arrest warrant has been issued and police will arrive. Do not disconnect the call or tell anyone about this investigation.,True,True,4,1
+917736979152,1799,digital arrest,A digital arrest warrant has been issued and police will arrive. Transfer all funds immediately to the verification account. Do not disconnect the call or tell anyone about this investigation.,True,True,12,1
+917146741501,95,,Your grocery delivery will arrive between four and five.,False,False,0,0
+919954163864,594,,Your appointment is confirmed for next Monday.,False,False,0,0
+918280105582,1449,cbi|aadhaar,Transfer all funds immediately to the verification account. I am calling from CBI and your Aadhaar has been linked to money laundering. A customs parcel in your name contains illegal items.,True,True,1,1
+916827440020,1715,,Transfer all funds immediately to the verification account. Do not disconnect the call or tell anyone about this investigation.,True,True,6,1
+916074718908,64,,The bank branch is closed today due to a public holiday.,False,False,1,0
+916499055293,1744,digital arrest,A digital arrest warrant has been issued and police will arrive.,False,True,1,1
+918858552537,1658,,The bank branch is closed today due to a public holiday. Your grocery delivery will arrive between four and five.,False,False,1,0
+916101067602,250,digital arrest,A digital arrest warrant has been issued and police will arrive. Do not disconnect the call or tell anyone about this investigation.,True,True,5,1
+916127237194,397,,Please call me when you reach home safely.,False,False,0,0
+918438675146,1779,,Can we move tomorrow's project meeting to the afternoon?,False,False,0,0
+919158641532,1788,,Transfer all funds immediately to the verification account.,True,True,1,1
+919838986327,621,digital arrest,Transfer all funds immediately to the verification account. A digital arrest warrant has been issued and police will arrive. Do not disconnect the call or tell anyone about this investigation.,False,True,1,1
+916378440694,1393,,Transfer all funds immediately to the verification account.,True,True,1,1
+918398027413,1757,digital arrest,Do not disconnect the call or tell anyone about this investigation. Transfer all funds immediately to the verification account. A digital arrest warrant has been issued and police will arrive.,True,True,1,1
+919250698831,445,,Can we move tomorrow's project meeting to the afternoon?,False,False,1,0
+919639143037,1743,,Do not disconnect the call or tell anyone about this investigation. A customs parcel in your name contains illegal items.,False,True,1,1
+919979707291,1840,,A customs parcel in your name contains illegal items. Do not disconnect the call or tell anyone about this investigation.,False,False,1,1
+918844949673,683,digital arrest,A customs parcel in your name contains illegal items. Transfer all funds immediately to the verification account. A digital arrest warrant has been issued and police will arrive.,False,False,8,1
+916467520490,2120,,Your grocery delivery will arrive between four and five. Your appointment is confirmed for next Monday.,False,False,1,0
+917345213848,1143,,Can we move tomorrow's project meeting to the afternoon? Your appointment is confirmed for next Monday.,False,False,0,0
+917444304808,1802,digital arrest,A customs parcel in your name contains illegal items. A digital arrest warrant has been issued and police will arrive.,False,True,2,1
+918468884856,734,,Can we move tomorrow's project meeting to the afternoon? The bank branch is closed today due to a public holiday.,True,False,1,0
+919050532534,2049,digital arrest,Transfer all funds immediately to the verification account. A digital arrest warrant has been issued and police will arrive. A customs parcel in your name contains illegal items.,False,True,0,1
+917991143886,1050,,Your appointment is confirmed for next Monday.,True,False,0,0
+917448963792,1207,,The bank branch is closed today due to a public holiday.,False,False,0,0
+918519799248,1749,,Your grocery delivery will arrive between four and five.,False,False,1,0
+919636730253,432,,The bank branch is closed today due to a public holiday. Your grocery delivery will arrive between four and five.,False,False,1,0
+919501160838,1549,,Your grocery delivery will arrive between four and five.,False,False,0,0
+919707372201,150,,Your grocery delivery will arrive between four and five. Can we move tomorrow's project meeting to the afternoon?,False,False,0,0
+916431558806,2099,digital arrest,A digital arrest warrant has been issued and police will arrive. A customs parcel in your name contains illegal items.,True,True,4,1
+919001612479,855,,Can we move tomorrow's project meeting to the afternoon?,False,False,0,0
+916056720777,889,cbi|aadhaar|digital arrest,A digital arrest warrant has been issued and police will arrive. I am calling from CBI and your Aadhaar has been linked to money laundering. A customs parcel in your name contains illegal items.,True,True,5,1
+919222137950,2063,,Can we move tomorrow's project meeting to the afternoon?,False,False,0,0
+919352970511,459,,Your appointment is confirmed for next Monday. Please call me when you reach home safely.,False,False,0,0
+919099929313,2108,,The bank branch is closed today due to a public holiday.,False,False,0,0
+919956800913,68,,Please call me when you reach home safely. The bank branch is closed today due to a public holiday.,False,False,1,0
+916097211493,1965,,Transfer all funds immediately to the verification account. Do not disconnect the call or tell anyone about this investigation.,False,False,3,1
+916590995296,1946,,Your appointment is confirmed for next Monday. Your grocery delivery will arrive between four and five.,False,False,1,0
+916118070264,2293,,A customs parcel in your name contains illegal items.,False,True,7,1
+918106294929,524,cbi|aadhaar,A customs parcel in your name contains illegal items. Do not disconnect the call or tell anyone about this investigation. I am calling from CBI and your Aadhaar has been linked to money laundering.,True,True,1,1
+916455448563,58,cbi|aadhaar,I am calling from CBI and your Aadhaar has been linked to money laundering.,True,True,7,1
+918149636709,158,digital arrest,A digital arrest warrant has been issued and police will arrive.,True,True,6,1
+919763847188,1648,,Can we move tomorrow's project meeting to the afternoon? Your appointment is confirmed for next Monday.,False,False,0,0
+919278856886,1596,,A customs parcel in your name contains illegal items.,True,True,7,1
+917670456836,1842,,Please call me when you reach home safely. Your appointment is confirmed for next Monday.,False,False,0,0
+919768713010,611,cbi|aadhaar|digital arrest,A digital arrest warrant has been issued and police will arrive. I am calling from CBI and your Aadhaar has been linked to money laundering.,True,False,6,1
+916018948637,1997,,A customs parcel in your name contains illegal items.,False,True,0,1
+916910023292,490,cbi|aadhaar,I am calling from CBI and your Aadhaar has been linked to money laundering. Transfer all funds immediately to the verification account.,False,True,0,1
+918162040254,300,,The bank branch is closed today due to a public holiday.,False,False,1,0
+917358896807,966,,A customs parcel in your name contains illegal items.,True,False,0,1
+919067924996,2283,,A customs parcel in your name contains illegal items.,False,False,6,1
+916999320967,1299,,Can we move tomorrow's project meeting to the afternoon? Your appointment is confirmed for next Monday.,False,False,1,0
+917806511001,1093,cbi|aadhaar|digital arrest,I am calling from CBI and your Aadhaar has been linked to money laundering. A digital arrest warrant has been issued and police will arrive.,False,False,1,1
+917378476699,485,cbi|aadhaar|digital arrest,A digital arrest warrant has been issued and police will arrive. A customs parcel in your name contains illegal items. I am calling from CBI and your Aadhaar has been linked to money laundering.,True,True,4,1
+916575467238,989,,Please call me when you reach home safely. The bank branch is closed today due to a public holiday.,False,False,0,0
+917555983283,1093,,Your appointment is confirmed for next Monday. Your grocery delivery will arrive between four and five.,False,False,1,0
+916690528328,960,,Your appointment is confirmed for next Monday.,False,False,1,0
+917816133371,1924,,Transfer all funds immediately to the verification account. A customs parcel in your name contains illegal items.,True,False,1,1
+919551551704,2078,,A customs parcel in your name contains illegal items.,True,True,8,1
+916419629589,2023,,A customs parcel in your name contains illegal items. Do not disconnect the call or tell anyone about this investigation.,True,True,12,1
+917273487222,328,,Can we move tomorrow's project meeting to the afternoon?,False,False,1,0
+917427349870,1093,,A customs parcel in your name contains illegal items. Do not disconnect the call or tell anyone about this investigation.,False,True,3,1
+916196250987,1867,digital arrest,A customs parcel in your name contains illegal items. Do not disconnect the call or tell anyone about this investigation. A digital arrest warrant has been issued and police will arrive.,True,False,9,1
+916617688635,1988,,A customs parcel in your name contains illegal items.,False,False,1,1
+919120848379,2276,,The bank branch is closed today due to a public holiday.,False,False,0,0
+917852150420,2094,,Do not disconnect the call or tell anyone about this investigation. Transfer all funds immediately to the verification account.,False,False,0,1
+918539707701,987,,Your grocery delivery will arrive between four and five. The bank branch is closed today due to a public holiday.,False,False,1,0
+917489722856,134,,Can we move tomorrow's project meeting to the afternoon? The bank branch is closed today due to a public holiday.,False,False,0,0
+918481247735,1742,,Please call me when you reach home safely.,False,False,0,0
+917105405934,66,,Your appointment is confirmed for next Monday. Please call me when you reach home safely.,False,False,1,0
+919164297330,1970,,Please call me when you reach home safely. Your appointment is confirmed for next Monday.,False,False,0,0
+916681977313,1817,,The bank branch is closed today due to a public holiday. Your appointment is confirmed for next Monday.,False,False,1,0
+916632058452,771,,Can we move tomorrow's project meeting to the afternoon?,False,False,1,0
+916774221044,274,,Please call me when you reach home safely.,False,False,0,0
+919565391059,1549,cbi|aadhaar,Do not disconnect the call or tell anyone about this investigation. A customs parcel in your name contains illegal items. I am calling from CBI and your Aadhaar has been linked to money laundering.,False,False,2,1
+916676949632,2254,cbi|aadhaar|digital arrest,I am calling from CBI and your Aadhaar has been linked to money laundering. A customs parcel in your name contains illegal items. A digital arrest warrant has been issued and police will arrive.,True,False,1,1
+918485002985,62,cbi|aadhaar,A customs parcel in your name contains illegal items. Do not disconnect the call or tell anyone about this investigation. I am calling from CBI and your Aadhaar has been linked to money laundering.,True,False,2,1
+919858979878,768,,Can we move tomorrow's project meeting to the afternoon?,False,False,0,0
+916791926355,1658,,Your grocery delivery will arrive between four and five.,False,False,1,0
+919729541444,322,,Please call me when you reach home safely.,False,False,0,0
+917718253665,824,,Can we move tomorrow's project meeting to the afternoon?,False,False,0,0
+918505265275,842,,Your grocery delivery will arrive between four and five. Your appointment is confirmed for next Monday.,False,False,1,0
+919662797673,493,,Do not disconnect the call or tell anyone about this investigation. Transfer all funds immediately to the verification account.,False,True,1,1
+918417300559,163,,Transfer all funds immediately to the verification account. A customs parcel in your name contains illegal items. Do not disconnect the call or tell anyone about this investigation.,False,True,0,1
+919783764845,1462,,The bank branch is closed today due to a public holiday. Your grocery delivery will arrive between four and five.,False,False,0,0
+916546408150,1922,,Your grocery delivery will arrive between four and five. Can we move tomorrow's project meeting to the afternoon?,False,False,0,0
+919843169698,2375,,Can we move tomorrow's project meeting to the afternoon? Your grocery delivery will arrive between four and five.,False,False,0,0
+919566734877,1793,cbi|aadhaar,I am calling from CBI and your Aadhaar has been linked to money laundering. Transfer all funds immediately to the verification account.,False,True,1,1
+916882224884,2033,,Transfer all funds immediately to the verification account. Do not disconnect the call or tell anyone about this investigation. A customs parcel in your name contains illegal items.,True,True,1,1
+918171816755,2266,,Your grocery delivery will arrive between four and five. Please call me when you reach home safely.,False,False,0,0
+919635636237,118,,Please call me when you reach home safely. The bank branch is closed today due to a public holiday.,False,False,1,0
+918555599455,220,,Your appointment is confirmed for next Monday.,False,False,0,0
+917200412573,1091,,The bank branch is closed today due to a public holiday. Can we move tomorrow's project meeting to the afternoon?,False,False,0,0
+917496778512,818,,Can we move tomorrow's project meeting to the afternoon?,False,False,0,0
+917607346560,1387,,Do not disconnect the call or tell anyone about this investigation.,True,True,1,1
+917450172639,1191,,Your appointment is confirmed for next Monday.,False,False,0,0
+918494926164,2095,,Can we move tomorrow's project meeting to the afternoon?,False,False,1,0
+916827846810,694,,Can we move tomorrow's project meeting to the afternoon? Your appointment is confirmed for next Monday.,False,False,0,0
+916114470723,1450,digital arrest,A digital arrest warrant has been issued and police will arrive.,True,False,1,1
+919571923675,1133,,Your grocery delivery will arrive between four and five.,False,False,0,0
+919756231408,578,cbi|aadhaar,I am calling from CBI and your Aadhaar has been linked to money laundering. A customs parcel in your name contains illegal items. Do not disconnect the call or tell anyone about this investigation.,False,True,1,1
+917327101968,1552,,A customs parcel in your name contains illegal items.,True,True,2,1
+918432485696,862,,A customs parcel in your name contains illegal items.,False,True,5,1
+919019321783,968,digital arrest,A digital arrest warrant has been issued and police will arrive.,True,True,7,1
+916649161852,2113,digital arrest,A customs parcel in your name contains illegal items. Do not disconnect the call or tell anyone about this investigation. A digital arrest warrant has been issued and police will arrive.,False,True,1,1
+919473131949,966,cbi|aadhaar,I am calling from CBI and your Aadhaar has been linked to money laundering. Do not disconnect the call or tell anyone about this investigation.,True,True,1,1
+917354654356,592,,Your appointment is confirmed for next Monday.,False,False,1,0
+917364919386,415,cbi|aadhaar|digital arrest,I am calling from CBI and your Aadhaar has been linked to money laundering. A digital arrest warrant has been issued and police will arrive. Do not disconnect the call or tell anyone about this investigation.,True,True,1,1
+917286397245,1003,,Your grocery delivery will arrive between four and five.,False,False,0,0
+916544815768,1563,digital arrest,A customs parcel in your name contains illegal items. A digital arrest warrant has been issued and police will arrive.,False,True,1,1
+917092520876,1346,,Do not disconnect the call or tell anyone about this investigation.,False,False,0,1
+919160897351,60,,Your appointment is confirmed for next Monday.,False,False,0,0
+918723212664,1595,,Your grocery delivery will arrive between four and five. Please call me when you reach home safely.,False,False,1,0
+917537462746,264,,Do not disconnect the call or tell anyone about this investigation.,True,True,1,1
+918162327835,1501,,Transfer all funds immediately to the verification account. A customs parcel in your name contains illegal items. Do not disconnect the call or tell anyone about this investigation.,False,True,9,1
+919052010017,1987,,The bank branch is closed today due to a public holiday.,False,False,1,0
+917708961407,2005,,Your appointment is confirmed for next Monday.,False,False,1,0
+919968454311,917,,The bank branch is closed today due to a public holiday.,False,False,1,0
+916724874539,2305,,The bank branch is closed today due to a public holiday. Your grocery delivery will arrive between four and five.,False,False,1,0
+918850519243,1691,cbi|aadhaar|digital arrest,I am calling from CBI and your Aadhaar has been linked to money laundering. A digital arrest warrant has been issued and police will arrive.,True,False,6,1
+916810472987,1061,,Please call me when you reach home safely. Can we move tomorrow's project meeting to the afternoon?,False,False,1,0
+917055204206,1150,,Can we move tomorrow's project meeting to the afternoon?,False,False,0,0
+919384696270,85,,Your appointment is confirmed for next Monday.,False,False,0,0
+916577152895,1708,,Can we move tomorrow's project meeting to the afternoon? Please call me when you reach home safely.,False,False,0,0
+919590394557,1197,cbi|aadhaar,I am calling from CBI and your Aadhaar has been linked to money laundering. Transfer all funds immediately to the verification account.,False,True,3,1
+918469266124,929,digital arrest,A digital arrest warrant has been issued and police will arrive.,True,False,12,1
+917279378947,1929,,Can we move tomorrow's project meeting to the afternoon?,False,False,0,0
+918984262822,221,,Please call me when you reach home safely.,False,False,0,0
+917718988851,484,digital arrest,Do not disconnect the call or tell anyone about this investigation. A customs parcel in your name contains illegal items. A digital arrest warrant has been issued and police will arrive.,False,True,1,1
+919737946098,561,,Please call me when you reach home safely.,False,False,1,0
+916858500357,1141,cbi|aadhaar,Transfer all funds immediately to the verification account. I am calling from CBI and your Aadhaar has been linked to money laundering. A customs parcel in your name contains illegal items.,True,True,4,1
+919805594684,841,digital arrest,Do not disconnect the call or tell anyone about this investigation. A digital arrest warrant has been issued and police will arrive.,False,False,0,1
+916859206631,436,digital arrest,A digital arrest warrant has been issued and police will arrive. Transfer all funds immediately to the verification account. Do not disconnect the call or tell anyone about this investigation.,True,True,1,1
+919842963570,1620,cbi|aadhaar,I am calling from CBI and your Aadhaar has been linked to money laundering. Do not disconnect the call or tell anyone about this investigation.,True,True,8,1
+918595900417,1227,cbi|aadhaar,I am calling from CBI and your Aadhaar has been linked to money laundering. A customs parcel in your name contains illegal items.,True,False,0,1
+917407863636,1423,,Please call me when you reach home safely. Your grocery delivery will arrive between four and five.,False,False,1,0
+918661688101,2342,,Your grocery delivery will arrive between four and five.,False,False,1,0
+917912533163,1290,cbi|aadhaar,I am calling from CBI and your Aadhaar has been linked to money laundering.,True,True,1,1
+919419354759,834,digital arrest,Do not disconnect the call or tell anyone about this investigation. A digital arrest warrant has been issued and police will arrive.,True,False,7,1
+917587948729,953,cbi|aadhaar,A customs parcel in your name contains illegal items. I am calling from CBI and your Aadhaar has been linked to money laundering.,True,False,5,1
+918955858391,1945,,Your appointment is confirmed for next Monday. Your grocery delivery will arrive between four and five.,False,False,1,0
+916975543909,2081,cbi|aadhaar|digital arrest,Transfer all funds immediately to the verification account. I am calling from CBI and your Aadhaar has been linked to money laundering. A digital arrest warrant has been issued and police will arrive.,False,True,1,1
+916392432239,1630,,Please call me when you reach home safely. The bank branch is closed today due to a public holiday.,False,False,0,0
+916333515289,1102,cbi|aadhaar|digital arrest,A digital arrest warrant has been issued and police will arrive. I am calling from CBI and your Aadhaar has been linked to money laundering. A customs parcel in your name contains illegal items.,False,True,4,1
+919893513533,2170,cbi|aadhaar,A customs parcel in your name contains illegal items. I am calling from CBI and your Aadhaar has been linked to money laundering.,True,True,8,1
+917938629096,1469,,A customs parcel in your name contains illegal items.,False,True,0,1
+917735734409,2296,,A customs parcel in your name contains illegal items. Do not disconnect the call or tell anyone about this investigation.,False,False,1,1
+919789312392,386,,The bank branch is closed today due to a public holiday.,False,False,1,0
+917944810446,1977,,Your grocery delivery will arrive between four and five.,False,False,0,0
+918995758188,1891,cbi|aadhaar,I am calling from CBI and your Aadhaar has been linked to money laundering.,False,True,1,1
+917560537383,1717,,Your grocery delivery will arrive between four and five. The bank branch is closed today due to a public holiday.,False,False,0,0
+917824526913,2115,cbi|aadhaar,I am calling from CBI and your Aadhaar has been linked to money laundering. Do not disconnect the call or tell anyone about this investigation.,True,True,1,1
+919399288208,522,,A customs parcel in your name contains illegal items. Do not disconnect the call or tell anyone about this investigation.,True,True,7,1
+918758971388,1181,digital arrest,Do not disconnect the call or tell anyone about this investigation. A customs parcel in your name contains illegal items. A digital arrest warrant has been issued and police will arrive.,False,False,1,1
+916936431652,2087,,Your appointment is confirmed for next Monday. Please call me when you reach home safely.,False,False,1,0
+919227366724,870,,Please call me when you reach home safely.,False,False,1,0
+918738816756,1351,digital arrest,Do not disconnect the call or tell anyone about this investigation. A customs parcel in your name contains illegal items. A digital arrest warrant has been issued and police will arrive.,False,False,6,1
+919558104786,513,,Your appointment is confirmed for next Monday. Can we move tomorrow's project meeting to the afternoon?,False,False,0,0
+917901733829,151,digital arrest,A digital arrest warrant has been issued and police will arrive. A customs parcel in your name contains illegal items. Transfer all funds immediately to the verification account.,True,False,1,1
+918904110990,90,cbi|aadhaar,I am calling from CBI and your Aadhaar has been linked to money laundering.,True,True,3,1
+918890100242,2350,,Your appointment is confirmed for next Monday.,False,False,0,0
+919016904972,1352,,Your grocery delivery will arrive between four and five. Can we move tomorrow's project meeting to the afternoon?,False,False,1,0
+917965124249,54,,Please call me when you reach home safely.,False,False,0,0
+917740428711,1225,,Your appointment is confirmed for next Monday. The bank branch is closed today due to a public holiday.,False,False,0,0
+917299171299,108,cbi|aadhaar|digital arrest,A digital arrest warrant has been issued and police will arrive. Do not disconnect the call or tell anyone about this investigation. I am calling from CBI and your Aadhaar has been linked to money laundering.,True,False,0,1
+916272770806,1422,digital arrest,A digital arrest warrant has been issued and police will arrive. A customs parcel in your name contains illegal items. Do not disconnect the call or tell anyone about this investigation.,False,True,7,1
+917166317160,980,,Transfer all funds immediately to the verification account.,True,True,10,1
+918314030436,487,cbi|aadhaar,Do not disconnect the call or tell anyone about this investigation. I am calling from CBI and your Aadhaar has been linked to money laundering.,True,True,0,1
+918911132414,496,,A customs parcel in your name contains illegal items.,True,True,1,1
+918793839208,1064,,Your grocery delivery will arrive between four and five.,False,False,1,0
+917411186998,36,,Your appointment is confirmed for next Monday.,False,False,0,0
+917770670216,1252,cbi|aadhaar,I am calling from CBI and your Aadhaar has been linked to money laundering.,True,False,10,1
+918222995117,298,,Your grocery delivery will arrive between four and five.,False,False,0,0
+919618283617,2186,,Do not disconnect the call or tell anyone about this investigation. A customs parcel in your name contains illegal items. Transfer all funds immediately to the verification account.,True,False,5,1
+918217664007,2109,,Please call me when you reach home safely.,False,False,0,0
+916381467474,338,,Please call me when you reach home safely.,False,False,1,0
+916568789848,93,cbi|aadhaar|digital arrest,I am calling from CBI and your Aadhaar has been linked to money laundering. A customs parcel in your name contains illegal items. A digital arrest warrant has been issued and police will arrive.,True,True,8,1
+917959748415,262,,Can we move tomorrow's project meeting to the afternoon?,False,False,0,0
+917156735622,924,,Can we move tomorrow's project meeting to the afternoon? The bank branch is closed today due to a public holiday.,False,False,1,0
+918241632215,2014,,The bank branch is closed today due to a public holiday.,False,False,1,0
+918824496940,1561,,Transfer all funds immediately to the verification account.,True,True,0,1
+917969368575,1521,,Can we move tomorrow's project meeting to the afternoon?,False,False,0,0
+918620122775,1573,digital arrest,A digital arrest warrant has been issued and police will arrive. A customs parcel in your name contains illegal items.,False,True,12,1
+919285027680,1292,,Transfer all funds immediately to the verification account.,True,True,6,1
+919345283271,1170,digital arrest,A customs parcel in your name contains illegal items. Transfer all funds immediately to the verification account. A digital arrest warrant has been issued and police will arrive.,False,False,1,1
+917513023226,2364,,The bank branch is closed today due to a public holiday. Can we move tomorrow's project meeting to the afternoon?,False,False,0,0
+916546204415,975,digital arrest,Transfer all funds immediately to the verification account. A digital arrest warrant has been issued and police will arrive. A customs parcel in your name contains illegal items.,True,False,3,1
+918497423956,1301,digital arrest,A digital arrest warrant has been issued and police will arrive. A customs parcel in your name contains illegal items.,True,True,2,1
+918252430546,1614,digital arrest,Do not disconnect the call or tell anyone about this investigation. A digital arrest warrant has been issued and police will arrive. Transfer all funds immediately to the verification account.,True,True,5,1
+917790798999,1660,,Your grocery delivery will arrive between four and five.,False,False,1,0
+918534067387,662,cbi|aadhaar|digital arrest,A digital arrest warrant has been issued and police will arrive. A customs parcel in your name contains illegal items. I am calling from CBI and your Aadhaar has been linked to money laundering.,False,True,6,1
+919227649186,2294,,Can we move tomorrow's project meeting to the afternoon?,False,False,1,0
+917936771743,797,,Your appointment is confirmed for next Monday. Please call me when you reach home safely.,False,False,1,0
+917061110589,1073,,The bank branch is closed today due to a public holiday.,False,False,0,0
+919204198805,806,digital arrest,A digital arrest warrant has been issued and police will arrive. Do not disconnect the call or tell anyone about this investigation.,False,True,4,1
+916042277633,150,,Can we move tomorrow's project meeting to the afternoon?,True,False,1,0
+919111174237,305,cbi|aadhaar,I am calling from CBI and your Aadhaar has been linked to money laundering. A customs parcel in your name contains illegal items.,False,False,0,1
+916507702829,98,cbi|aadhaar|digital arrest,Do not disconnect the call or tell anyone about this investigation. I am calling from CBI and your Aadhaar has been linked to money laundering. A digital arrest warrant has been issued and police will arrive.,True,True,0,1
+916568633319,165,,The bank branch is closed today due to a public holiday. Can we move tomorrow's project meeting to the afternoon?,False,False,1,0
+919188080452,584,,Please call me when you reach home safely. The bank branch is closed today due to a public holiday.,False,False,0,0
+916133059118,2365,cbi|aadhaar,Do not disconnect the call or tell anyone about this investigation. I am calling from CBI and your Aadhaar has been linked to money laundering. Transfer all funds immediately to the verification account.,False,False,6,1
+918399595278,1671,,Your appointment is confirmed for next Monday. Your grocery delivery will arrive between four and five.,False,False,1,0
+918293289689,569,,The bank branch is closed today due to a public holiday.,False,False,1,0
+917756814072,441,digital arrest,Transfer all funds immediately to the verification account. Do not disconnect the call or tell anyone about this investigation. A digital arrest warrant has been issued and police will arrive.,False,True,1,1
+916028894662,1298,,A customs parcel in your name contains illegal items. Do not disconnect the call or tell anyone about this investigation.,True,False,1,1
+917365746655,953,,The bank branch is closed today due to a public holiday. Your grocery delivery will arrive between four and five.,False,False,0,0
+916416324649,82,,Your appointment is confirmed for next Monday. The bank branch is closed today due to a public holiday.,False,False,1,0
+917799779064,382,,Do not disconnect the call or tell anyone about this investigation.,False,True,6,1
+918985044321,1396,,Your grocery delivery will arrive between four and five.,False,False,0,0
+918214641518,2013,,Your appointment is confirmed for next Monday.,False,False,0,0
+917333625543,1156,,Transfer all funds immediately to the verification account.,False,False,1,1
+918295853740,1733,cbi|aadhaar,I am calling from CBI and your Aadhaar has been linked to money laundering. Transfer all funds immediately to the verification account. Do not disconnect the call or tell anyone about this investigation.,False,False,8,1
+917776135868,1346,,Your grocery delivery will arrive between four and five. Your appointment is confirmed for next Monday.,False,False,1,0
+919946723386,2312,,Please call me when you reach home safely.,False,False,0,0
+918823554228,711,,Please call me when you reach home safely.,False,False,0,0
+917647234479,818,,The bank branch is closed today due to a public holiday.,False,False,1,0
+918339078010,353,digital arrest,A digital arrest warrant has been issued and police will arrive.,False,True,0,1
+919085131821,1637,,Please call me when you reach home safely. The bank branch is closed today due to a public holiday.,False,False,1,0
+917224308129,76,cbi|aadhaar|digital arrest,I am calling from CBI and your Aadhaar has been linked to money laundering. A customs parcel in your name contains illegal items. A digital arrest warrant has been issued and police will arrive.,False,True,1,1
+919834497209,1306,,The bank branch is closed today due to a public holiday.,False,False,1,0
+919454321519,2240,,Do not disconnect the call or tell anyone about this investigation.,True,True,0,1
+917596640022,2258,,A customs parcel in your name contains illegal items. Do not disconnect the call or tell anyone about this investigation.,True,True,0,1
+916650909869,1634,,Your grocery delivery will arrive between four and five. Please call me when you reach home safely.,False,False,0,0
+918972328628,1821,,Your grocery delivery will arrive between four and five. Please call me when you reach home safely.,False,False,1,0
+916238343925,807,,Do not disconnect the call or tell anyone about this investigation.,False,True,7,1
+918171488745,2317,cbi|aadhaar|digital arrest,I am calling from CBI and your Aadhaar has been linked to money laundering. A digital arrest warrant has been issued and police will arrive.,True,True,1,1
+918574769329,409,,Your grocery delivery will arrive between four and five.,False,False,0,0
+916857671273,624,,Can we move tomorrow's project meeting to the afternoon? Your grocery delivery will arrive between four and five.,False,False,0,0
+916202059735,1434,,Transfer all funds immediately to the verification account.,True,True,9,1
+917268169042,1892,cbi|aadhaar,I am calling from CBI and your Aadhaar has been linked to money laundering.,False,True,11,1
+917346641685,955,,Can we move tomorrow's project meeting to the afternoon?,False,False,0,0
+917196216737,1243,,A customs parcel in your name contains illegal items.,True,True,5,1
+919945072935,835,,Your appointment is confirmed for next Monday.,False,False,0,0
+919131867260,1028,,Please call me when you reach home safely. Your grocery delivery will arrive between four and five.,False,False,1,0
+917403238217,2390,digital arrest,A customs parcel in your name contains illegal items. A digital arrest warrant has been issued and police will arrive.,True,True,7,1
+918296177887,1263,cbi|aadhaar,I am calling from CBI and your Aadhaar has been linked to money laundering.,True,True,7,1
+919986272324,242,cbi|aadhaar|digital arrest,A customs parcel in your name contains illegal items. I am calling from CBI and your Aadhaar has been linked to money laundering. A digital arrest warrant has been issued and police will arrive.,True,True,1,1
+919139337786,2204,,Do not disconnect the call or tell anyone about this investigation. A customs parcel in your name contains illegal items.,False,True,1,1
+916929240240,209,cbi|aadhaar,A customs parcel in your name contains illegal items. Transfer all funds immediately to the verification account. I am calling from CBI and your Aadhaar has been linked to money laundering.,False,True,0,1
+916614877803,1524,,Can we move tomorrow's project meeting to the afternoon?,False,False,0,0
+919251187732,1549,,Can we move tomorrow's project meeting to the afternoon? Your appointment is confirmed for next Monday.,False,False,1,0
+917685444628,200,,Can we move tomorrow's project meeting to the afternoon? Your grocery delivery will arrive between four and five.,False,False,0,0
+917498157068,2049,,Your grocery delivery will arrive between four and five. Can we move tomorrow's project meeting to the afternoon?,False,False,1,0
+917370192352,1200,,The bank branch is closed today due to a public holiday. Can we move tomorrow's project meeting to the afternoon?,False,False,0,0
+918206731507,400,,The bank branch is closed today due to a public holiday. Your appointment is confirmed for next Monday.,False,False,0,0
+919603338616,1189,cbi|aadhaar,I am calling from CBI and your Aadhaar has been linked to money laundering. A customs parcel in your name contains illegal items. Do not disconnect the call or tell anyone about this investigation.,False,True,0,1
+916529775517,2050,digital arrest,Do not disconnect the call or tell anyone about this investigation. A digital arrest warrant has been issued and police will arrive.,False,True,11,1
+917803882273,601,cbi|aadhaar|digital arrest,A customs parcel in your name contains illegal items. A digital arrest warrant has been issued and police will arrive. I am calling from CBI and your Aadhaar has been linked to money laundering.,True,True,7,1
+917810755506,1693,cbi|aadhaar,I am calling from CBI and your Aadhaar has been linked to money laundering. Transfer all funds immediately to the verification account.,True,True,11,1
+916854903684,47,,Transfer all funds immediately to the verification account.,True,True,1,1
+917489756646,2186,cbi|aadhaar,I am calling from CBI and your Aadhaar has been linked to money laundering. A customs parcel in your name contains illegal items. Do not disconnect the call or tell anyone about this investigation.,True,True,1,1
+918537168673,1366,,Do not disconnect the call or tell anyone about this investigation.,True,True,2,1
+919143585013,1526,,Please call me when you reach home safely.,False,False,1,0
+919103895241,1915,,Please call me when you reach home safely. Your grocery delivery will arrive between four and five.,False,False,1,0
+917867139200,1260,,Your appointment is confirmed for next Monday.,False,False,1,0
+916836695218,1350,,A customs parcel in your name contains illegal items.,False,True,2,1
+918013083040,231,digital arrest,A digital arrest warrant has been issued and police will arrive. A customs parcel in your name contains illegal items. Do not disconnect the call or tell anyone about this investigation.,False,True,1,1
+917049520993,54,,Please call me when you reach home safely. Your grocery delivery will arrive between four and five.,False,False,1,0
+917038933287,918,,Do not disconnect the call or tell anyone about this investigation.,True,True,6,1
+918428900225,1688,,Can we move tomorrow's project meeting to the afternoon? Your appointment is confirmed for next Monday.,False,False,0,0
+919847300771,1914,cbi|aadhaar,Do not disconnect the call or tell anyone about this investigation. Transfer all funds immediately to the verification account. I am calling from CBI and your Aadhaar has been linked to money laundering.,True,False,1,1
+917886762177,1969,,The bank branch is closed today due to a public holiday.,False,False,0,0
+918799054080,606,,Can we move tomorrow's project meeting to the afternoon?,False,False,1,0
+916000571208,297,cbi|aadhaar,I am calling from CBI and your Aadhaar has been linked to money laundering.,True,False,5,1
+917275272159,2056,digital arrest,A digital arrest warrant has been issued and police will arrive.,False,True,3,1
+919434665686,2009,,Your appointment is confirmed for next Monday.,False,False,0,0
+917670759583,265,,Transfer all funds immediately to the verification account.,False,True,1,1
+916016235730,1641,cbi|aadhaar|digital arrest,A digital arrest warrant has been issued and police will arrive. I am calling from CBI and your Aadhaar has been linked to money laundering.,False,True,4,1
+919321971733,1801,,Can we move tomorrow's project meeting to the afternoon?,False,False,0,0
+917930159663,1944,,Can we move tomorrow's project meeting to the afternoon?,False,False,1,0
+917725756894,1253,,A customs parcel in your name contains illegal items.,False,False,0,1
+919425539016,171,cbi|aadhaar,I am calling from CBI and your Aadhaar has been linked to money laundering. Do not disconnect the call or tell anyone about this investigation.,True,True,1,1
+916161463127,1967,cbi|aadhaar|digital arrest,A digital arrest warrant has been issued and police will arrive. Transfer all funds immediately to the verification account. I am calling from CBI and your Aadhaar has been linked to money laundering.,False,False,0,1
+918783154964,1809,,Do not disconnect the call or tell anyone about this investigation.,True,True,1,1
+917804951407,594,,Please call me when you reach home safely.,False,False,1,0
+917052740569,1688,,Can we move tomorrow's project meeting to the afternoon? Your grocery delivery will arrive between four and five.,False,False,0,0
+917923357893,1124,,A customs parcel in your name contains illegal items. Transfer all funds immediately to the verification account.,True,True,0,1
+919601943642,2248,cbi|aadhaar,Do not disconnect the call or tell anyone about this investigation. I am calling from CBI and your Aadhaar has been linked to money laundering. Transfer all funds immediately to the verification account.,False,False,1,1
+916147668262,1320,,The bank branch is closed today due to a public holiday.,False,False,1,0
+917874833133,1244,digital arrest,A digital arrest warrant has been issued and police will arrive. Do not disconnect the call or tell anyone about this investigation.,True,False,7,1
+916433123003,672,digital arrest,A digital arrest warrant has been issued and police will arrive.,False,True,7,1
+918645347010,1210,,Your grocery delivery will arrive between four and five.,False,False,1,0
+917876631770,699,cbi|aadhaar|digital arrest,I am calling from CBI and your Aadhaar has been linked to money laundering. A digital arrest warrant has been issued and police will arrive.,True,False,0,1
+917708072733,1918,digital arrest,A digital arrest warrant has been issued and police will arrive. Transfer all funds immediately to the verification account. Do not disconnect the call or tell anyone about this investigation.,False,True,11,1
+919904097041,557,,Your appointment is confirmed for next Monday.,False,False,0,0
+916289448740,1618,,Your grocery delivery will arrive between four and five. The bank branch is closed today due to a public holiday.,False,False,1,0
+917589472403,1671,,Do not disconnect the call or tell anyone about this investigation.,True,True,1,1
+918213256328,1784,,Please call me when you reach home safely. Your grocery delivery will arrive between four and five.,False,False,1,0
+919677849379,1851,,Can we move tomorrow's project meeting to the afternoon? Your appointment is confirmed for next Monday.,False,False,0,0
+916604340006,1738,cbi|aadhaar,I am calling from CBI and your Aadhaar has been linked to money laundering.,True,True,0,1
+919145869843,1871,cbi|aadhaar,I am calling from CBI and your Aadhaar has been linked to money laundering.,False,False,6,1
+919228131256,1498,,Transfer all funds immediately to the verification account. A customs parcel in your name contains illegal items.,False,True,1,1
+916224640174,1612,,Transfer all funds immediately to the verification account.,True,True,5,1
+917781222500,1597,digital arrest,A digital arrest warrant has been issued and police will arrive. Do not disconnect the call or tell anyone about this investigation.,True,True,1,1
+919306438613,2128,,Do not disconnect the call or tell anyone about this investigation.,False,True,1,1
+917746058356,2218,cbi|aadhaar,I am calling from CBI and your Aadhaar has been linked to money laundering. Do not disconnect the call or tell anyone about this investigation.,False,True,0,1
+917944053813,111,,Transfer all funds immediately to the verification account.,False,False,0,1
+916911223535,2129,digital arrest,A digital arrest warrant has been issued and police will arrive.,False,True,5,1
+918614403837,1168,,Transfer all funds immediately to the verification account.,False,True,0,1
+918042816980,2015,cbi|aadhaar|digital arrest,A digital arrest warrant has been issued and police will arrive. I am calling from CBI and your Aadhaar has been linked to money laundering. Transfer all funds immediately to the verification account.,False,False,0,1
+916656513979,2304,,Can we move tomorrow's project meeting to the afternoon? The bank branch is closed today due to a public holiday.,False,False,1,0
+916181408069,1930,digital arrest,A digital arrest warrant has been issued and police will arrive. Transfer all funds immediately to the verification account.,True,True,5,1
+918461174762,1348,,Please call me when you reach home safely. The bank branch is closed today due to a public holiday.,False,False,0,0
+918906965240,107,,Your appointment is confirmed for next Monday.,False,False,1,0
+916004680494,720,,Can we move tomorrow's project meeting to the afternoon?,False,False,1,0
+918278248968,603,cbi|aadhaar,I am calling from CBI and your Aadhaar has been linked to money laundering.,True,True,0,1
+916976493768,424,,A customs parcel in your name contains illegal items.,True,True,5,1
+917568950036,495,,A customs parcel in your name contains illegal items. Transfer all funds immediately to the verification account.,False,True,8,1
+919109164567,558,,Transfer all funds immediately to the verification account. Do not disconnect the call or tell anyone about this investigation.,False,True,9,1
+917805108759,681,digital arrest,A digital arrest warrant has been issued and police will arrive. A customs parcel in your name contains illegal items. Transfer all funds immediately to the verification account.,True,True,5,1
+919164655028,1506,,Please call me when you reach home safely.,False,False,0,0
+918217722417,889,,Transfer all funds immediately to the verification account. Do not disconnect the call or tell anyone about this investigation. A customs parcel in your name contains illegal items.,True,True,8,1
+917730249599,774,,Your grocery delivery will arrive between four and five.,False,False,1,0
+918150287127,642,cbi|aadhaar|digital arrest,I am calling from CBI and your Aadhaar has been linked to money laundering. Transfer all funds immediately to the verification account. A digital arrest warrant has been issued and police will arrive.,True,True,0,1
+918550007106,125,digital arrest,Transfer all funds immediately to the verification account. A digital arrest warrant has been issued and police will arrive.,False,True,7,1
+919113562319,621,,Can we move tomorrow's project meeting to the afternoon?,False,False,1,0
+918917612736,2377,cbi|aadhaar|digital arrest,A digital arrest warrant has been issued and police will arrive. I am calling from CBI and your Aadhaar has been linked to money laundering.,True,True,0,1
+916238923962,2291,,The bank branch is closed today due to a public holiday. Your appointment is confirmed for next Monday.,False,False,1,0
+917911990710,1753,digital arrest,A digital arrest warrant has been issued and police will arrive. Transfer all funds immediately to the verification account.,True,True,0,1
+917943185031,890,cbi|aadhaar|digital arrest,A digital arrest warrant has been issued and police will arrive. I am calling from CBI and your Aadhaar has been linked to money laundering. Transfer all funds immediately to the verification account.,True,True,11,1
+918613592803,1629,cbi|aadhaar,I am calling from CBI and your Aadhaar has been linked to money laundering. Transfer all funds immediately to the verification account. Do not disconnect the call or tell anyone about this investigation.,True,True,1,1
+918364353885,2126,,Your appointment is confirmed for next Monday.,False,False,1,0
+916648272397,1004,,Do not disconnect the call or tell anyone about this investigation.,False,True,1,1
+918714568952,1396,,Your grocery delivery will arrive between four and five.,False,False,0,0
+919639274094,432,,Can we move tomorrow's project meeting to the afternoon?,False,False,1,0
+919266001014,180,,A customs parcel in your name contains illegal items.,False,True,7,1
+918605736806,976,digital arrest,Do not disconnect the call or tell anyone about this investigation. A digital arrest warrant has been issued and police will arrive. A customs parcel in your name contains illegal items.,True,True,0,1
+917042003775,1325,,The bank branch is closed today due to a public holiday. Please call me when you reach home safely.,False,False,0,0
+916820377067,1415,digital arrest,A digital arrest warrant has been issued and police will arrive. A customs parcel in your name contains illegal items.,True,False,0,1
+918826948184,923,,A customs parcel in your name contains illegal items. Do not disconnect the call or tell anyone about this investigation.,True,False,0,1
+918764702488,413,cbi|aadhaar,I am calling from CBI and your Aadhaar has been linked to money laundering. Transfer all funds immediately to the verification account. Do not disconnect the call or tell anyone about this investigation.,True,True,0,1
+919053328065,1177,,Your appointment is confirmed for next Monday.,False,False,1,0
+919812917021,2009,cbi|aadhaar|digital arrest,A digital arrest warrant has been issued and police will arrive. Do not disconnect the call or tell anyone about this investigation. I am calling from CBI and your Aadhaar has been linked to money laundering.,False,True,1,1
+918783897217,1351,,Can we move tomorrow's project meeting to the afternoon?,False,False,0,0
+919334803140,2216,cbi|aadhaar,A customs parcel in your name contains illegal items. I am calling from CBI and your Aadhaar has been linked to money laundering. Do not disconnect the call or tell anyone about this investigation.,False,False,1,1
+919752557326,612,,Please call me when you reach home safely. Your appointment is confirmed for next Monday.,False,False,0,0
+917131314104,1717,,The bank branch is closed today due to a public holiday. Please call me when you reach home safely.,False,False,1,0
+919116553819,1780,,Your grocery delivery will arrive between four and five. Can we move tomorrow's project meeting to the afternoon?,False,False,1,0
+916578586026,1337,,Please call me when you reach home safely.,False,False,0,0
+918500925800,2070,,Your grocery delivery will arrive between four and five.,False,False,1,0
+918845615066,1828,,Your appointment is confirmed for next Monday.,False,False,0,0
+917581788162,1276,cbi|aadhaar,Do not disconnect the call or tell anyone about this investigation. I am calling from CBI and your Aadhaar has been linked to money laundering. A customs parcel in your name contains illegal items.,False,True,2,1
+917288859142,400,,Can we move tomorrow's project meeting to the afternoon?,False,False,0,0
+918308734618,1043,,Your grocery delivery will arrive between four and five. The bank branch is closed today due to a public holiday.,False,False,1,0
+917288022508,1224,,Please call me when you reach home safely.,False,False,0,0
+917483382544,2374,,Please call me when you reach home safely. Can we move tomorrow's project meeting to the afternoon?,False,False,0,0
+916273340394,1840,,A customs parcel in your name contains illegal items.,True,True,10,1
+918424698295,2290,,Do not disconnect the call or tell anyone about this investigation.,True,True,11,1
+919598225399,1150,,Your grocery delivery will arrive between four and five. Can we move tomorrow's project meeting to the afternoon?,False,False,1,0
+918091019450,1872,digital arrest,A digital arrest warrant has been issued and police will arrive.,True,True,9,1
+918302164915,1689,,Your appointment is confirmed for next Monday.,False,False,0,0
+919487117263,650,,Can we move tomorrow's project meeting to the afternoon?,False,False,0,0
+916500686062,2314,,Your grocery delivery will arrive between four and five. Please call me when you reach home safely.,False,False,0,0
+917777527788,1813,cbi|aadhaar,A customs parcel in your name contains illegal items. I am calling from CBI and your Aadhaar has been linked to money laundering.,False,False,7,1
+919646554492,554,,A customs parcel in your name contains illegal items. Do not disconnect the call or tell anyone about this investigation.,True,True,1,1
+916310829055,885,,The bank branch is closed today due to a public holiday.,False,False,0,0
+917537956588,96,,Please call me when you reach home safely.,False,False,1,0
+918730159130,1276,,The bank branch is closed today due to a public holiday.,False,False,0,0
+919686571575,1465,cbi|aadhaar,Transfer all funds immediately to the verification account. I am calling from CBI and your Aadhaar has been linked to money laundering.,True,True,0,1
+917618747976,245,,Transfer all funds immediately to the verification account. A customs parcel in your name contains illegal items.,True,False,0,1
+919223106996,1491,,Do not disconnect the call or tell anyone about this investigation. A customs parcel in your name contains illegal items.,False,True,10,1
+918087214965,1826,,The bank branch is closed today due to a public holiday. Can we move tomorrow's project meeting to the afternoon?,False,False,0,0
+916113068487,916,,The bank branch is closed today due to a public holiday.,False,False,0,0
+917474355194,290,,Your grocery delivery will arrive between four and five. Can we move tomorrow's project meeting to the afternoon?,False,False,1,0
+918066356631,606,,The bank branch is closed today due to a public holiday. Your appointment is confirmed for next Monday.,False,False,1,0
+917291453959,1950,,Your appointment is confirmed for next Monday.,False,False,0,0
+917185382334,1578,,The bank branch is closed today due to a public holiday.,False,False,1,0
+916639163741,1494,,Please call me when you reach home safely. The bank branch is closed today due to a public holiday.,False,False,0,0
+919757446006,63,digital arrest,A customs parcel in your name contains illegal items. A digital arrest warrant has been issued and police will arrive. Transfer all funds immediately to the verification account.,True,True,0,1
+918794440967,1813,,Can we move tomorrow's project meeting to the afternoon? Please call me when you reach home safely.,False,False,1,0
+919105633558,2225,digital arrest,A digital arrest warrant has been issued and police will arrive.,True,True,0,1
+917860297035,2001,cbi|aadhaar,Do not disconnect the call or tell anyone about this investigation. I am calling from CBI and your Aadhaar has been linked to money laundering.,True,True,2,1
+917958967237,428,cbi|aadhaar,I am calling from CBI and your Aadhaar has been linked to money laundering.,True,True,9,1
+917420210330,1890,,Please call me when you reach home safely. The bank branch is closed today due to a public holiday.,False,False,0,0
+919473063352,325,cbi|aadhaar,I am calling from CBI and your Aadhaar has been linked to money laundering. Do not disconnect the call or tell anyone about this investigation. A customs parcel in your name contains illegal items.,True,True,0,1
+916794652630,2087,cbi|aadhaar|digital arrest,Do not disconnect the call or tell anyone about this investigation. I am calling from CBI and your Aadhaar has been linked to money laundering. A digital arrest warrant has been issued and police will arrive.,True,True,3,1
+919182143192,421,cbi|aadhaar|digital arrest,Transfer all funds immediately to the verification account. I am calling from CBI and your Aadhaar has been linked to money laundering. A digital arrest warrant has been issued and police will arrive.,True,True,3,1
+918063300656,180,,Please call me when you reach home safely.,False,False,1,0
+917073092314,872,digital arrest,A digital arrest warrant has been issued and police will arrive. Do not disconnect the call or tell anyone about this investigation.,False,True,7,1
+917372311271,980,,Do not disconnect the call or tell anyone about this investigation.,False,True,1,1
+917599610053,1577,,Can we move tomorrow's project meeting to the afternoon?,False,False,0,0
+917317469596,886,cbi|aadhaar|digital arrest,A digital arrest warrant has been issued and police will arrive. I am calling from CBI and your Aadhaar has been linked to money laundering. A customs parcel in your name contains illegal items.,True,True,4,1
+916501410432,909,,Do not disconnect the call or tell anyone about this investigation.,True,True,9,1
+917431326069,547,,The bank branch is closed today due to a public holiday. Please call me when you reach home safely.,False,False,1,0
+916744157384,1110,digital arrest,Transfer all funds immediately to the verification account. A digital arrest warrant has been issued and police will arrive.,False,False,1,1
+918505440161,1490,,Transfer all funds immediately to the verification account.,True,False,1,1
+916761699305,1962,,Can we move tomorrow's project meeting to the afternoon? The bank branch is closed today due to a public holiday.,False,False,1,0
+917736387387,1549,,Transfer all funds immediately to the verification account.,False,False,1,1
+919281486451,1627,,The bank branch is closed today due to a public holiday.,False,False,1,0
+916451943894,1121,digital arrest,A digital arrest warrant has been issued and police will arrive.,True,True,7,1
+919646410134,1549,,Can we move tomorrow's project meeting to the afternoon?,False,False,1,0
+918864414002,985,,Please call me when you reach home safely. Your appointment is confirmed for next Monday.,False,False,1,0
+916661837175,1216,,Can we move tomorrow's project meeting to the afternoon? The bank branch is closed today due to a public holiday.,False,False,0,0
+916443488683,1417,,Please call me when you reach home safely. Can we move tomorrow's project meeting to the afternoon?,False,False,1,0
+916912691231,1203,,A customs parcel in your name contains illegal items. Do not disconnect the call or tell anyone about this investigation.,True,True,0,1
+917689195079,2235,,A customs parcel in your name contains illegal items. Do not disconnect the call or tell anyone about this investigation. Transfer all funds immediately to the verification account.,True,False,7,1
+917783616427,423,,Your appointment is confirmed for next Monday.,False,False,0,0
+916379608535,149,cbi|aadhaar|digital arrest,I am calling from CBI and your Aadhaar has been linked to money laundering. A digital arrest warrant has been issued and police will arrive. Do not disconnect the call or tell anyone about this investigation.,True,False,0,1
+916713162874,46,,A customs parcel in your name contains illegal items.,False,True,1,1
+916601028968,1613,digital arrest,A customs parcel in your name contains illegal items. A digital arrest warrant has been issued and police will arrive. Transfer all funds immediately to the verification account.,False,True,0,1
+917226105678,1661,,Can we move tomorrow's project meeting to the afternoon?,False,False,0,0
+917388626184,1168,,Please call me when you reach home safely. Your appointment is confirmed for next Monday.,False,False,0,0
+917479498857,1690,,Please call me when you reach home safely.,False,False,1,0
+919212855476,1261,,Please call me when you reach home safely.,True,False,0,0
+919912900742,1599,cbi|aadhaar|digital arrest,Transfer all funds immediately to the verification account. I am calling from CBI and your Aadhaar has been linked to money laundering. A digital arrest warrant has been issued and police will arrive.,False,True,11,1
+917939168405,134,,Your appointment is confirmed for next Monday.,False,False,1,0
+916947786054,484,,Can we move tomorrow's project meeting to the afternoon?,True,False,1,0
+919372697102,2369,,Can we move tomorrow's project meeting to the afternoon?,True,False,1,0
+916994816683,1144,,Do not disconnect the call or tell anyone about this investigation. Transfer all funds immediately to the verification account. A customs parcel in your name contains illegal items.,False,True,2,1
+916431175505,1182,digital arrest,A customs parcel in your name contains illegal items. A digital arrest warrant has been issued and police will arrive. Transfer all funds immediately to the verification account.,True,True,1,1
+919715040288,1808,,Your grocery delivery will arrive between four and five. Your appointment is confirmed for next Monday.,False,False,0,0
+916044761795,1188,,Transfer all funds immediately to the verification account.,False,True,0,1
+919643939507,1306,,Your grocery delivery will arrive between four and five.,False,False,0,0
+919664533938,1738,,Can we move tomorrow's project meeting to the afternoon?,False,False,1,0
+916523959784,851,cbi|aadhaar|digital arrest,I am calling from CBI and your Aadhaar has been linked to money laundering. A digital arrest warrant has been issued and police will arrive. Transfer all funds immediately to the verification account.,True,True,0,1
+916257327471,888,,The bank branch is closed today due to a public holiday. Your appointment is confirmed for next Monday.,False,False,0,0
+919596319682,438,,A customs parcel in your name contains illegal items.,True,True,11,1
+919381017341,1998,,Your grocery delivery will arrive between four and five.,False,False,1,0
+916873073115,583,,Please call me when you reach home safely.,False,False,0,0
+916018503182,691,cbi|aadhaar,Transfer all funds immediately to the verification account. I am calling from CBI and your Aadhaar has been linked to money laundering. A customs parcel in your name contains illegal items.,False,True,8,1
+916512093687,572,,The bank branch is closed today due to a public holiday.,False,False,0,0
+918609501814,902,cbi|aadhaar|digital arrest,Transfer all funds immediately to the verification account. A digital arrest warrant has been issued and police will arrive. I am calling from CBI and your Aadhaar has been linked to money laundering.,False,False,0,1
+916308153577,1008,,Transfer all funds immediately to the verification account. A customs parcel in your name contains illegal items. Do not disconnect the call or tell anyone about this investigation.,True,True,7,1
+918639971200,485,,Please call me when you reach home safely.,False,False,1,0
+919766594237,226,cbi|aadhaar,Transfer all funds immediately to the verification account. Do not disconnect the call or tell anyone about this investigation. I am calling from CBI and your Aadhaar has been linked to money laundering.,True,True,0,1
+918842794212,789,,Do not disconnect the call or tell anyone about this investigation. Transfer all funds immediately to the verification account.,True,True,10,1
+918817447213,2065,digital arrest,Transfer all funds immediately to the verification account. A digital arrest warrant has been issued and police will arrive.,False,True,6,1
+917215457283,2022,,Can we move tomorrow's project meeting to the afternoon?,False,False,1,0
+918596346503,1186,digital arrest,A customs parcel in your name contains illegal items. Transfer all funds immediately to the verification account. A digital arrest warrant has been issued and police will arrive.,True,True,6,1
+917585891901,464,,Your grocery delivery will arrive between four and five.,False,False,0,0
+918849315791,1676,,Please call me when you reach home safely. Your appointment is confirmed for next Monday.,False,False,1,0
+916670282499,1626,cbi|aadhaar,Transfer all funds immediately to the verification account. Do not disconnect the call or tell anyone about this investigation. I am calling from CBI and your Aadhaar has been linked to money laundering.,True,True,12,1
+917112355945,1597,,Please call me when you reach home safely. The bank branch is closed today due to a public holiday.,False,False,0,0
+916955554145,50,cbi|aadhaar|digital arrest,I am calling from CBI and your Aadhaar has been linked to money laundering. A digital arrest warrant has been issued and police will arrive. Do not disconnect the call or tell anyone about this investigation.,False,True,1,1
+919341610576,450,digital arrest,A customs parcel in your name contains illegal items. Do not disconnect the call or tell anyone about this investigation. A digital arrest warrant has been issued and police will arrive.,False,True,12,1
+919454042618,440,digital arrest,A customs parcel in your name contains illegal items. A digital arrest warrant has been issued and police will arrive. Transfer all funds immediately to the verification account.,True,True,11,1
+916723704269,817,,Please call me when you reach home safely.,False,False,1,0
+916751573022,2307,digital arrest,Do not disconnect the call or tell anyone about this investigation. A digital arrest warrant has been issued and police will arrive.,True,True,9,1
+918602731648,1247,,A customs parcel in your name contains illegal items. Transfer all funds immediately to the verification account.,True,True,0,1
+916979995695,1557,digital arrest,A digital arrest warrant has been issued and police will arrive.,False,False,10,1
+919325607456,1317,,Do not disconnect the call or tell anyone about this investigation.,True,False,1,1
+919966555872,61,,Can we move tomorrow's project meeting to the afternoon? Your appointment is confirmed for next Monday.,False,False,0,0
+917994416437,2177,,Transfer all funds immediately to the verification account.,True,True,0,1
+919908564170,1379,cbi|aadhaar|digital arrest,I am calling from CBI and your Aadhaar has been linked to money laundering. A digital arrest warrant has been issued and police will arrive. A customs parcel in your name contains illegal items.,True,True,0,1
+918386585242,1709,cbi|aadhaar,Do not disconnect the call or tell anyone about this investigation. I am calling from CBI and your Aadhaar has been linked to money laundering.,False,True,1,1
+919978593033,944,cbi|aadhaar,Do not disconnect the call or tell anyone about this investigation. I am calling from CBI and your Aadhaar has been linked to money laundering. A customs parcel in your name contains illegal items.,True,True,9,1
+918513341056,502,cbi|aadhaar,A customs parcel in your name contains illegal items. I am calling from CBI and your Aadhaar has been linked to money laundering.,False,True,0,1
+917728713416,2388,digital arrest,A digital arrest warrant has been issued and police will arrive. A customs parcel in your name contains illegal items. Do not disconnect the call or tell anyone about this investigation.,True,False,0,1
+918544151733,2373,,The bank branch is closed today due to a public holiday. Please call me when you reach home safely.,False,False,1,0
+918588760751,1790,,Can we move tomorrow's project meeting to the afternoon? Your grocery delivery will arrive between four and five.,False,False,1,0
+917620328765,303,,Transfer all funds immediately to the verification account. Do not disconnect the call or tell anyone about this investigation.,False,True,9,1
+919838325927,207,,A customs parcel in your name contains illegal items. Do not disconnect the call or tell anyone about this investigation.,True,True,5,1
+916296834300,1254,cbi|aadhaar,A customs parcel in your name contains illegal items. I am calling from CBI and your Aadhaar has been linked to money laundering.,False,True,1,1
+918727382746,113,,The bank branch is closed today due to a public holiday.,False,False,0,0
+917294047804,1913,,A customs parcel in your name contains illegal items. Do not disconnect the call or tell anyone about this investigation. Transfer all funds immediately to the verification account.,False,True,1,1
+918900443486,784,,Transfer all funds immediately to the verification account.,True,True,0,1
+917176420164,357,digital arrest,Do not disconnect the call or tell anyone about this investigation. A digital arrest warrant has been issued and police will arrive.,True,False,1,1
+917407152240,2219,,Transfer all funds immediately to the verification account.,True,True,7,1
+917192069958,703,cbi|aadhaar|digital arrest,I am calling from CBI and your Aadhaar has been linked to money laundering. A customs parcel in your name contains illegal items. A digital arrest warrant has been issued and police will arrive.,True,True,1,1
+917250336515,1499,,Do not disconnect the call or tell anyone about this investigation.,True,True,1,1
+916972208035,218,,Transfer all funds immediately to the verification account.,True,True,0,1
+917684958571,782,,Your appointment is confirmed for next Monday.,False,False,1,0
+916426098428,2018,,Please call me when you reach home safely.,False,False,0,0
+918326043063,754,,Do not disconnect the call or tell anyone about this investigation.,False,True,2,1
+916901582600,1974,digital arrest,A digital arrest warrant has been issued and police will arrive.,False,True,7,1
+919227772141,165,,Can we move tomorrow's project meeting to the afternoon? Your appointment is confirmed for next Monday.,False,False,1,0
+919351083875,1497,digital arrest,A digital arrest warrant has been issued and police will arrive.,True,True,1,1
+916909014479,1560,cbi|aadhaar|digital arrest,I am calling from CBI and your Aadhaar has been linked to money laundering. A digital arrest warrant has been issued and police will arrive.,False,True,4,1
+919043985812,1429,cbi|aadhaar|digital arrest,I am calling from CBI and your Aadhaar has been linked to money laundering. A digital arrest warrant has been issued and police will arrive.,True,True,11,1
+919006536696,2046,,Transfer all funds immediately to the verification account.,True,True,12,1
+919122845397,1871,,Your appointment is confirmed for next Monday. The bank branch is closed today due to a public holiday.,False,False,0,0
+917226877442,1439,,Can we move tomorrow's project meeting to the afternoon?,False,False,0,0
+917653866299,1949,,Can we move tomorrow's project meeting to the afternoon?,False,False,0,0
+917618534656,1216,,The bank branch is closed today due to a public holiday.,False,False,1,0
+917270057602,1474,,A customs parcel in your name contains illegal items.,True,True,12,1
+918142987901,1782,,Your grocery delivery will arrive between four and five.,False,False,1,0
+918829668053,1958,,Your grocery delivery will arrive between four and five. The bank branch is closed today due to a public holiday.,False,False,0,0
+919366195703,2387,,Can we move tomorrow's project meeting to the afternoon?,False,False,0,0
+919098222867,275,digital arrest,Transfer all funds immediately to the verification account. A customs parcel in your name contains illegal items. A digital arrest warrant has been issued and police will arrive.,True,True,11,1
+918702391374,1987,cbi|aadhaar,I am calling from CBI and your Aadhaar has been linked to money laundering. A customs parcel in your name contains illegal items. Do not disconnect the call or tell anyone about this investigation.,False,True,1,1
+918315636230,1487,,Do not disconnect the call or tell anyone about this investigation.,False,True,11,1
+917578977199,1726,,A customs parcel in your name contains illegal items.,True,True,1,1
+916171980779,148,,Transfer all funds immediately to the verification account.,False,True,1,1
+917115201550,1821,digital arrest,Do not disconnect the call or tell anyone about this investigation. A digital arrest warrant has been issued and police will arrive.,True,True,0,1
+918056205986,2222,,Please call me when you reach home safely. Can we move tomorrow's project meeting to the afternoon?,False,False,0,0
+919789813199,1426,digital arrest,A digital arrest warrant has been issued and police will arrive. Do not disconnect the call or tell anyone about this investigation. Transfer all funds immediately to the verification account.,False,True,6,1
+916422460865,1155,,Your grocery delivery will arrive between four and five.,False,False,0,0
+917851485599,1853,,Transfer all funds immediately to the verification account. Do not disconnect the call or tell anyone about this investigation.,False,True,1,1
+916786317022,1175,,Your grocery delivery will arrive between four and five. Can we move tomorrow's project meeting to the afternoon?,False,False,1,0
+917348685726,1610,,A customs parcel in your name contains illegal items.,False,True,1,1
+918528363835,1774,,Your appointment is confirmed for next Monday. Please call me when you reach home safely.,False,False,1,0
+917352491308,53,cbi|aadhaar|digital arrest,Transfer all funds immediately to the verification account. A digital arrest warrant has been issued and police will arrive. I am calling from CBI and your Aadhaar has been linked to money laundering.,False,True,7,1
+919688295754,479,,The bank branch is closed today due to a public holiday. Please call me when you reach home safely.,False,False,1,0
+919053558244,2046,,Can we move tomorrow's project meeting to the afternoon? Please call me when you reach home safely.,False,False,1,0
+917105527294,1133,,Your grocery delivery will arrive between four and five. Please call me when you reach home safely.,False,False,0,0
+916799063485,633,cbi|aadhaar,I am calling from CBI and your Aadhaar has been linked to money laundering. Transfer all funds immediately to the verification account. Do not disconnect the call or tell anyone about this investigation.,False,False,1,1
+919105431262,2353,cbi|aadhaar,A customs parcel in your name contains illegal items. I am calling from CBI and your Aadhaar has been linked to money laundering.,True,False,6,1
+917971198743,129,,Your grocery delivery will arrive between four and five. The bank branch is closed today due to a public holiday.,False,False,0,0
+917944690536,2305,,Your grocery delivery will arrive between four and five.,False,False,1,0
+917910003640,669,,Can we move tomorrow's project meeting to the afternoon?,False,False,0,0
+918096964798,1669,,The bank branch is closed today due to a public holiday. Your grocery delivery will arrive between four and five.,False,False,1,0
+919366495522,2160,,Do not disconnect the call or tell anyone about this investigation. A customs parcel in your name contains illegal items.,True,False,0,1
+919612117088,230,,Do not disconnect the call or tell anyone about this investigation.,False,True,0,1
+917665151304,1066,,Your appointment is confirmed for next Monday. The bank branch is closed today due to a public holiday.,False,False,0,0
+917816168162,1878,,Can we move tomorrow's project meeting to the afternoon?,False,False,0,0
+917637201132,65,digital arrest,Do not disconnect the call or tell anyone about this investigation. A customs parcel in your name contains illegal items. A digital arrest warrant has been issued and police will arrive.,False,False,0,1
+919765432532,575,,Your appointment is confirmed for next Monday. The bank branch is closed today due to a public holiday.,True,False,1,0
+919724110138,799,,The bank branch is closed today due to a public holiday. Your grocery delivery will arrive between four and five.,False,False,0,0
+917607178587,234,,Your appointment is confirmed for next Monday.,False,False,0,0
+919860840545,1389,,Your grocery delivery will arrive between four and five.,False,False,0,0
+918250230688,2117,cbi|aadhaar|digital arrest,A digital arrest warrant has been issued and police will arrive. I am calling from CBI and your Aadhaar has been linked to money laundering.,False,True,1,1
+918740435559,309,,The bank branch is closed today due to a public holiday.,False,False,1,0
+917459990228,340,cbi|aadhaar,I am calling from CBI and your Aadhaar has been linked to money laundering.,False,False,7,1
+917178712822,2139,,Your appointment is confirmed for next Monday.,False,False,0,0
+918745178651,79,digital arrest,Transfer all funds immediately to the verification account. A digital arrest warrant has been issued and police will arrive.,True,True,4,1
+917936184007,2278,,A customs parcel in your name contains illegal items. Transfer all funds immediately to the verification account.,True,False,8,1
+918604078799,2189,cbi|aadhaar,I am calling from CBI and your Aadhaar has been linked to money laundering. Do not disconnect the call or tell anyone about this investigation. A customs parcel in your name contains illegal items.,False,True,0,1
+917872311328,412,,Please call me when you reach home safely.,False,False,0,0
+919550227452,1608,digital arrest,A customs parcel in your name contains illegal items. A digital arrest warrant has been issued and police will arrive.,True,True,10,1
+917777357179,298,,Can we move tomorrow's project meeting to the afternoon?,False,False,0,0
+917097722406,1490,cbi|aadhaar,I am calling from CBI and your Aadhaar has been linked to money laundering. Transfer all funds immediately to the verification account.,False,True,0,1
+917060486413,1523,,A customs parcel in your name contains illegal items. Transfer all funds immediately to the verification account.,False,True,3,1
+917666002000,1669,,The bank branch is closed today due to a public holiday.,False,False,0,0
+919497752356,1126,digital arrest,A customs parcel in your name contains illegal items. Transfer all funds immediately to the verification account. A digital arrest warrant has been issued and police will arrive.,False,True,11,1
+919387411123,2141,digital arrest,A digital arrest warrant has been issued and police will arrive. Do not disconnect the call or tell anyone about this investigation.,True,True,4,1
+919483729701,939,,Do not disconnect the call or tell anyone about this investigation. A customs parcel in your name contains illegal items.,True,True,1,1
+917287735215,1776,cbi|aadhaar,I am calling from CBI and your Aadhaar has been linked to money laundering. Do not disconnect the call or tell anyone about this investigation.,True,True,9,1
+916537135654,62,cbi|aadhaar,A customs parcel in your name contains illegal items. Do not disconnect the call or tell anyone about this investigation. I am calling from CBI and your Aadhaar has been linked to money laundering.,False,False,10,1
+918077820281,1976,,Your appointment is confirmed for next Monday.,False,False,0,0
+916602191149,1336,,Your grocery delivery will arrive between four and five.,False,False,1,0
+916037023199,1842,,Can we move tomorrow's project meeting to the afternoon? Your grocery delivery will arrive between four and five.,False,False,0,0
+917267888424,1218,,Do not disconnect the call or tell anyone about this investigation.,True,True,1,1
+919645423447,1861,,The bank branch is closed today due to a public holiday.,False,False,1,0
+917615759025,1524,cbi|aadhaar,A customs parcel in your name contains illegal items. I am calling from CBI and your Aadhaar has been linked to money laundering. Transfer all funds immediately to the verification account.,False,True,11,1
+919107105668,1576,digital arrest,A customs parcel in your name contains illegal items. A digital arrest warrant has been issued and police will arrive.,True,True,1,1
+916693537895,1183,cbi|aadhaar,Transfer all funds immediately to the verification account. I am calling from CBI and your Aadhaar has been linked to money laundering.,False,True,12,1
+918680673764,850,,The bank branch is closed today due to a public holiday. Can we move tomorrow's project meeting to the afternoon?,False,False,1,0
+918679058685,84,digital arrest,A digital arrest warrant has been issued and police will arrive.,True,True,5,1
+919386971833,498,,A customs parcel in your name contains illegal items. Do not disconnect the call or tell anyone about this investigation.,True,True,2,1
+916297395564,1655,,Your grocery delivery will arrive between four and five.,False,False,0,0
+916577889214,1673,,Your grocery delivery will arrive between four and five. Your appointment is confirmed for next Monday.,False,False,0,0
+919907282350,1407,,The bank branch is closed today due to a public holiday.,False,False,1,0
+917241341669,2109,,Can we move tomorrow's project meeting to the afternoon?,False,False,1,0
+918448708534,403,cbi|aadhaar,I am calling from CBI and your Aadhaar has been linked to money laundering. Do not disconnect the call or tell anyone about this investigation.,False,True,10,1
+917031071948,668,digital arrest,A digital arrest warrant has been issued and police will arrive. A customs parcel in your name contains illegal items. Transfer all funds immediately to the verification account.,True,True,5,1
+916609829625,1301,,Do not disconnect the call or tell anyone about this investigation. A customs parcel in your name contains illegal items.,True,False,3,1
+916147672301,608,,Do not disconnect the call or tell anyone about this investigation. A customs parcel in your name contains illegal items. Transfer all funds immediately to the verification account.,True,True,1,1
+916075024589,1339,cbi|aadhaar,I am calling from CBI and your Aadhaar has been linked to money laundering.,True,True,12,1
+917720754556,861,,Transfer all funds immediately to the verification account. Do not disconnect the call or tell anyone about this investigation.,False,False,1,1
+919859459489,1753,,Can we move tomorrow's project meeting to the afternoon?,False,False,1,0
+916384009412,268,,Your appointment is confirmed for next Monday. Can we move tomorrow's project meeting to the afternoon?,False,False,0,0
+917904247943,2164,digital arrest,A digital arrest warrant has been issued and police will arrive.,True,True,0,1
+916990595415,1405,cbi|aadhaar|digital arrest,A digital arrest warrant has been issued and police will arrive. I am calling from CBI and your Aadhaar has been linked to money laundering.,False,False,11,1
+916988336985,232,digital arrest,A digital arrest warrant has been issued and police will arrive. Do not disconnect the call or tell anyone about this investigation.,False,True,0,1
+917041278332,1740,,Please call me when you reach home safely. Your appointment is confirmed for next Monday.,False,False,0,0
+916602715024,591,,Your appointment is confirmed for next Monday.,False,False,0,0
+919840256810,1080,,Transfer all funds immediately to the verification account.,False,False,1,1
+916156061373,1458,,Can we move tomorrow's project meeting to the afternoon? Your grocery delivery will arrive between four and five.,False,False,0,0
+918135434860,860,,Your grocery delivery will arrive between four and five.,False,False,1,0
+919208323579,1293,,Can we move tomorrow's project meeting to the afternoon? Your grocery delivery will arrive between four and five.,False,False,0,0
+919253300750,455,,A customs parcel in your name contains illegal items.,True,True,1,1
+918330847882,917,cbi|aadhaar,I am calling from CBI and your Aadhaar has been linked to money laundering. A customs parcel in your name contains illegal items.,True,True,3,1
+919332623345,691,cbi|aadhaar|digital arrest,A digital arrest warrant has been issued and police will arrive. Transfer all funds immediately to the verification account. I am calling from CBI and your Aadhaar has been linked to money laundering.,True,True,11,1
+918968380149,2138,digital arrest,Do not disconnect the call or tell anyone about this investigation. A digital arrest warrant has been issued and police will arrive. A customs parcel in your name contains illegal items.,True,True,8,1
+916367757736,1648,,Please call me when you reach home safely.,False,False,1,0
+918494431812,1020,digital arrest,A digital arrest warrant has been issued and police will arrive.,False,True,0,1
+917466294971,1982,,Can we move tomorrow's project meeting to the afternoon?,False,False,1,0
+916807286219,2311,digital arrest,A digital arrest warrant has been issued and police will arrive. A customs parcel in your name contains illegal items.,True,True,1,1
+919969742424,326,,The bank branch is closed today due to a public holiday.,False,False,0,0
+919830860071,1617,,Your grocery delivery will arrive between four and five. Please call me when you reach home safely.,False,False,0,0
+919534607014,599,,Your appointment is confirmed for next Monday.,False,False,0,0
+918295158364,2212,,Please call me when you reach home safely. The bank branch is closed today due to a public holiday.,False,False,0,0
+916240872337,1508,,Your appointment is confirmed for next Monday. Please call me when you reach home safely.,False,False,0,0
+917920733953,2328,digital arrest,Do not disconnect the call or tell anyone about this investigation. Transfer all funds immediately to the verification account. A digital arrest warrant has been issued and police will arrive.,False,True,11,1
+918532530033,833,cbi|aadhaar,A customs parcel in your name contains illegal items. I am calling from CBI and your Aadhaar has been linked to money laundering. Transfer all funds immediately to the verification account.,True,False,1,1
+917681157681,177,,Transfer all funds immediately to the verification account.,True,True,0,1
+916778068163,693,,A customs parcel in your name contains illegal items.,True,True,1,1
+916179734630,85,cbi|aadhaar,Do not disconnect the call or tell anyone about this investigation. I am calling from CBI and your Aadhaar has been linked to money laundering. Transfer all funds immediately to the verification account.,False,True,7,1
+919885650610,1606,cbi|aadhaar,I am calling from CBI and your Aadhaar has been linked to money laundering.,False,False,1,1
+919155843359,1210,digital arrest,A digital arrest warrant has been issued and police will arrive. A customs parcel in your name contains illegal items.,False,False,8,1
+917310289433,1631,,Please call me when you reach home safely. Your grocery delivery will arrive between four and five.,False,False,1,0
+916213458567,1588,,Please call me when you reach home safely. Your appointment is confirmed for next Monday.,False,False,1,0
+916940038662,1071,,Transfer all funds immediately to the verification account.,True,False,1,1
+919210652658,1126,digital arrest,A customs parcel in your name contains illegal items. A digital arrest warrant has been issued and police will arrive.,True,True,9,1
+918705748045,685,,The bank branch is closed today due to a public holiday.,False,False,1,0
+919564266191,1257,,Please call me when you reach home safely.,False,False,1,0
+919969888325,2110,,A customs parcel in your name contains illegal items.,False,True,9,1
+918786694622,1061,,A customs parcel in your name contains illegal items.,True,True,0,1
+917529141801,127,,Your appointment is confirmed for next Monday. The bank branch is closed today due to a public holiday.,False,False,0,0
+918559288186,746,,Your grocery delivery will arrive between four and five. The bank branch is closed today due to a public holiday.,False,False,0,0
+919941774830,833,cbi|aadhaar,I am calling from CBI and your Aadhaar has been linked to money laundering.,True,True,4,1
+919627255956,1319,,Can we move tomorrow's project meeting to the afternoon? Please call me when you reach home safely.,False,False,0,0
+916272454005,1757,,Your grocery delivery will arrive between four and five. Can we move tomorrow's project meeting to the afternoon?,False,False,0,0
+918905906346,573,,Your grocery delivery will arrive between four and five. The bank branch is closed today due to a public holiday.,False,False,0,0
+918415175992,415,,The bank branch is closed today due to a public holiday. Your grocery delivery will arrive between four and five.,False,False,0,0
+918949201836,982,,Do not disconnect the call or tell anyone about this investigation.,False,False,1,1
+916479641898,612,,Can we move tomorrow's project meeting to the afternoon? Your grocery delivery will arrive between four and five.,False,False,0,0
+916793068170,1917,,Transfer all funds immediately to the verification account.,False,True,0,1
+916219526768,2174,,A customs parcel in your name contains illegal items. Do not disconnect the call or tell anyone about this investigation.,True,True,1,1
+917469830180,358,digital arrest,A digital arrest warrant has been issued and police will arrive.,True,True,1,1
+918510839232,980,,Your appointment is confirmed for next Monday.,False,False,0,0
+917948864904,158,digital arrest,Transfer all funds immediately to the verification account. A digital arrest warrant has been issued and police will arrive. Do not disconnect the call or tell anyone about this investigation.,False,True,11,1
+917074514017,1608,cbi|aadhaar,Do not disconnect the call or tell anyone about this investigation. I am calling from CBI and your Aadhaar has been linked to money laundering.,True,True,4,1
+917608687733,1763,,The bank branch is closed today due to a public holiday.,False,False,1,0
+919792328066,445,,Please call me when you reach home safely.,False,False,1,0
+916060626059,272,cbi|aadhaar|digital arrest,Transfer all funds immediately to the verification account. I am calling from CBI and your Aadhaar has been linked to money laundering. A digital arrest warrant has been issued and police will arrive.,True,True,1,1
+918567157311,1406,cbi|aadhaar,A customs parcel in your name contains illegal items. Do not disconnect the call or tell anyone about this investigation. I am calling from CBI and your Aadhaar has been linked to money laundering.,False,False,0,1
+918643746843,2241,cbi|aadhaar,I am calling from CBI and your Aadhaar has been linked to money laundering. Transfer all funds immediately to the verification account.,True,True,12,1
+916744074683,911,,Please call me when you reach home safely. Can we move tomorrow's project meeting to the afternoon?,False,False,0,0
+918792643135,653,cbi|aadhaar|digital arrest,A digital arrest warrant has been issued and police will arrive. I am calling from CBI and your Aadhaar has been linked to money laundering. Do not disconnect the call or tell anyone about this investigation.,True,True,2,1
+916621708270,2294,,A customs parcel in your name contains illegal items.,True,False,1,1
+916569145969,1960,,Can we move tomorrow's project meeting to the afternoon?,False,False,1,0
+917422645297,1229,,A customs parcel in your name contains illegal items. Do not disconnect the call or tell anyone about this investigation.,False,True,0,1
+918778400386,1255,,Can we move tomorrow's project meeting to the afternoon? Your grocery delivery will arrive between four and five.,False,False,0,0
+918944955929,672,,Can we move tomorrow's project meeting to the afternoon? Your grocery delivery will arrive between four and five.,False,False,0,0
+916067858994,1701,,Your grocery delivery will arrive between four and five. Your appointment is confirmed for next Monday.,False,False,1,0
+919879429107,1421,,Your appointment is confirmed for next Monday. Can we move tomorrow's project meeting to the afternoon?,False,False,1,0
+919615730701,1780,,Can we move tomorrow's project meeting to the afternoon?,False,False,0,0
+916981778038,667,,Your appointment is confirmed for next Monday.,False,False,1,0
+919379478857,1349,,Please call me when you reach home safely.,False,False,0,0
+917541828254,590,,Please call me when you reach home safely. Your grocery delivery will arrive between four and five.,False,False,0,0
+917487162883,361,,Your grocery delivery will arrive between four and five. Please call me when you reach home safely.,False,False,1,0
+919333383080,1575,digital arrest,Transfer all funds immediately to the verification account. A digital arrest warrant has been issued and police will arrive.,False,True,3,1
+919198788966,1298,,Your appointment is confirmed for next Monday. Your grocery delivery will arrive between four and five.,False,False,0,0
+918160363913,1667,,Your appointment is confirmed for next Monday.,False,False,1,0
+919387350722,872,cbi|aadhaar,I am calling from CBI and your Aadhaar has been linked to money laundering.,True,False,10,1
+918304118785,628,,The bank branch is closed today due to a public holiday. Your appointment is confirmed for next Monday.,False,False,0,0
+916307824437,228,cbi|aadhaar|digital arrest,I am calling from CBI and your Aadhaar has been linked to money laundering. A digital arrest warrant has been issued and police will arrive. A customs parcel in your name contains illegal items.,False,True,0,1
+917333606165,684,,Do not disconnect the call or tell anyone about this investigation.,True,True,1,1
+918362976123,836,digital arrest,A digital arrest warrant has been issued and police will arrive. Do not disconnect the call or tell anyone about this investigation. A customs parcel in your name contains illegal items.,False,True,0,1
+919612480316,67,cbi|aadhaar,A customs parcel in your name contains illegal items. I am calling from CBI and your Aadhaar has been linked to money laundering. Transfer all funds immediately to the verification account.,True,True,1,1
+919170885695,1588,,Please call me when you reach home safely.,False,False,0,0
+916183574430,124,digital arrest,A digital arrest warrant has been issued and police will arrive. Transfer all funds immediately to the verification account. A customs parcel in your name contains illegal items.,True,True,8,1
+917036994892,1131,cbi|aadhaar|digital arrest,I am calling from CBI and your Aadhaar has been linked to money laundering. A digital arrest warrant has been issued and police will arrive. Do not disconnect the call or tell anyone about this investigation.,True,True,1,1
+916447533710,768,,Your appointment is confirmed for next Monday.,False,False,1,0
+919429735537,1274,cbi|aadhaar|digital arrest,I am calling from CBI and your Aadhaar has been linked to money laundering. A digital arrest warrant has been issued and police will arrive.,True,True,0,1
+918649287344,1649,,Your appointment is confirmed for next Monday. Please call me when you reach home safely.,False,False,0,0
+917015018365,1828,digital arrest,A digital arrest warrant has been issued and police will arrive.,True,True,7,1
+919221584347,609,,Your appointment is confirmed for next Monday.,False,False,1,0
+917639315031,1834,cbi|aadhaar,A customs parcel in your name contains illegal items. I am calling from CBI and your Aadhaar has been linked to money laundering.,True,False,7,1
+917970386647,433,,The bank branch is closed today due to a public holiday. Please call me when you reach home safely.,False,False,0,0
+919132915019,602,,The bank branch is closed today due to a public holiday. Your grocery delivery will arrive between four and five.,False,False,0,0
+917276117983,1631,,Please call me when you reach home safely. Your grocery delivery will arrive between four and five.,False,False,1,0
+919459750843,1902,digital arrest,Do not disconnect the call or tell anyone about this investigation. A digital arrest warrant has been issued and police will arrive.,True,True,11,1
+916484019819,1655,cbi|aadhaar,Do not disconnect the call or tell anyone about this investigation. I am calling from CBI and your Aadhaar has been linked to money laundering.,False,True,5,1
+918058138929,141,,Please call me when you reach home safely.,False,False,1,0
+916929648310,1575,digital arrest,A digital arrest warrant has been issued and police will arrive. A customs parcel in your name contains illegal items.,True,False,8,1
+917195306338,2247,,Your grocery delivery will arrive between four and five.,False,False,0,0
+918963936515,352,,Please call me when you reach home safely.,False,False,0,0
+918840350511,716,,Can we move tomorrow's project meeting to the afternoon?,False,False,0,0
+916214231141,1574,digital arrest,A digital arrest warrant has been issued and police will arrive. Do not disconnect the call or tell anyone about this investigation.,False,False,1,1
+916731599900,555,,Your grocery delivery will arrive between four and five.,False,False,1,0
+917917058773,1670,digital arrest,A digital arrest warrant has been issued and police will arrive.,False,True,2,1
+919576121857,2391,,The bank branch is closed today due to a public holiday. Please call me when you reach home safely.,False,False,1,0
+916533601670,482,cbi|aadhaar,A customs parcel in your name contains illegal items. I am calling from CBI and your Aadhaar has been linked to money laundering. Do not disconnect the call or tell anyone about this investigation.,True,True,3,1
+918374652825,2219,,Please call me when you reach home safely. The bank branch is closed today due to a public holiday.,False,False,0,0
+918115340169,895,,Please call me when you reach home safely.,False,False,0,0
+917752065915,849,,Please call me when you reach home safely. Can we move tomorrow's project meeting to the afternoon?,False,False,0,0
+919235375108,1727,digital arrest,Transfer all funds immediately to the verification account. A digital arrest warrant has been issued and police will arrive.,True,False,3,1
+916380877530,2380,,Can we move tomorrow's project meeting to the afternoon? Please call me when you reach home safely.,False,False,0,0
+916488890318,878,cbi|aadhaar|digital arrest,A digital arrest warrant has been issued and police will arrive. I am calling from CBI and your Aadhaar has been linked to money laundering. Do not disconnect the call or tell anyone about this investigation.,False,False,3,1
+918934612805,733,,A customs parcel in your name contains illegal items.,True,True,1,1
+918636767312,2188,cbi|aadhaar,Do not disconnect the call or tell anyone about this investigation. A customs parcel in your name contains illegal items. I am calling from CBI and your Aadhaar has been linked to money laundering.,True,True,0,1
+917042270929,1980,,The bank branch is closed today due to a public holiday.,False,False,0,0
+917467789484,1754,,The bank branch is closed today due to a public holiday. Your appointment is confirmed for next Monday.,False,False,0,0
+916657768209,2003,,Your appointment is confirmed for next Monday.,False,False,0,0
+916624917430,1349,,Your appointment is confirmed for next Monday.,False,False,0,0
+916299530366,784,,Please call me when you reach home safely.,False,False,1,0
+919726512539,1754,,The bank branch is closed today due to a public holiday.,False,False,1,0
+917742966733,182,,Can we move tomorrow's project meeting to the afternoon?,False,False,0,0
+917537630507,1087,,Your appointment is confirmed for next Monday.,False,False,1,0
+916226436126,1022,cbi|aadhaar|digital arrest,Transfer all funds immediately to the verification account. A digital arrest warrant has been issued and police will arrive. I am calling from CBI and your Aadhaar has been linked to money laundering.,True,True,7,1
+919329330083,218,,Your appointment is confirmed for next Monday. Please call me when you reach home safely.,False,False,1,0
+919928462471,161,digital arrest,Transfer all funds immediately to the verification account. A digital arrest warrant has been issued and police will arrive. A customs parcel in your name contains illegal items.,True,True,3,1
+918076424113,800,,Your grocery delivery will arrive between four and five.,False,False,1,0
+918182798052,293,,Please call me when you reach home safely.,False,False,1,0
+916519793605,1991,digital arrest,A customs parcel in your name contains illegal items. Do not disconnect the call or tell anyone about this investigation. A digital arrest warrant has been issued and police will arrive.,False,False,8,1
+916569530354,733,,Can we move tomorrow's project meeting to the afternoon?,False,False,1,0
+917768644755,1036,,Your grocery delivery will arrive between four and five. Can we move tomorrow's project meeting to the afternoon?,False,False,0,0
+919396901094,1299,cbi|aadhaar,Transfer all funds immediately to the verification account. I am calling from CBI and your Aadhaar has been linked to money laundering.,True,True,9,1
+917200488846,1032,digital arrest,Transfer all funds immediately to the verification account. Do not disconnect the call or tell anyone about this investigation. A digital arrest warrant has been issued and police will arrive.,False,True,0,1
+917886428005,1714,,Your appointment is confirmed for next Monday.,False,False,1,0
+918823382703,296,,Your grocery delivery will arrive between four and five.,False,False,1,0
+918667162522,2238,cbi|aadhaar,I am calling from CBI and your Aadhaar has been linked to money laundering. Transfer all funds immediately to the verification account.,False,True,8,1
+916576535496,1259,,A customs parcel in your name contains illegal items.,False,False,5,1
+917655896711,341,,Your appointment is confirmed for next Monday.,False,False,0,0
+917367114085,1600,,Your grocery delivery will arrive between four and five.,False,False,0,0
+917641669886,1593,cbi|aadhaar|digital arrest,A digital arrest warrant has been issued and police will arrive. Do not disconnect the call or tell anyone about this investigation. I am calling from CBI and your Aadhaar has been linked to money laundering.,True,True,0,1
+918447475938,1451,,Your appointment is confirmed for next Monday. Can we move tomorrow's project meeting to the afternoon?,False,False,0,0
+916398852815,297,,Your appointment is confirmed for next Monday.,False,False,1,0
+919589624792,974,,Your appointment is confirmed for next Monday.,False,False,0,0
+918200686658,799,,Do not disconnect the call or tell anyone about this investigation. Transfer all funds immediately to the verification account.,True,True,7,1
+917593119419,449,digital arrest,A digital arrest warrant has been issued and police will arrive. Do not disconnect the call or tell anyone about this investigation.,False,True,1,1
+918180685222,1810,,Please call me when you reach home safely. The bank branch is closed today due to a public holiday.,False,False,0,0
+918663833911,577,,Do not disconnect the call or tell anyone about this investigation. Transfer all funds immediately to the verification account.,True,True,9,1
+917492054991,698,,Transfer all funds immediately to the verification account. Do not disconnect the call or tell anyone about this investigation.,False,True,1,1
+919622925167,63,,Your appointment is confirmed for next Monday. The bank branch is closed today due to a public holiday.,False,False,1,0
+919701776841,1956,,A customs parcel in your name contains illegal items. Transfer all funds immediately to the verification account. Do not disconnect the call or tell anyone about this investigation.,True,True,10,1
+917461246474,1152,cbi|aadhaar,I am calling from CBI and your Aadhaar has been linked to money laundering. Do not disconnect the call or tell anyone about this investigation.,True,False,10,1
+918217684043,1806,,Do not disconnect the call or tell anyone about this investigation. Transfer all funds immediately to the verification account.,True,True,1,1
+919009896847,466,,Please call me when you reach home safely. Your grocery delivery will arrive between four and five.,False,False,1,0
+916365087372,1098,,Please call me when you reach home safely.,False,False,0,0
+919429191263,2174,,Your grocery delivery will arrive between four and five.,False,False,0,0
+918063450241,1498,,Your grocery delivery will arrive between four and five. The bank branch is closed today due to a public holiday.,False,False,1,0
+918331392163,2099,,The bank branch is closed today due to a public holiday.,False,False,0,0
+919808856098,770,,A customs parcel in your name contains illegal items.,True,True,5,1
+916080086281,1169,,Your appointment is confirmed for next Monday. Please call me when you reach home safely.,False,False,1,0
+918080793770,1435,,Please call me when you reach home safely. Your appointment is confirmed for next Monday.,False,False,0,0
+918306652517,717,digital arrest,Transfer all funds immediately to the verification account. Do not disconnect the call or tell anyone about this investigation. A digital arrest warrant has been issued and police will arrive.,False,False,8,1
+919627033125,562,,The bank branch is closed today due to a public holiday.,False,False,0,0
+919742176172,2039,,Your appointment is confirmed for next Monday.,False,False,1,0
+917234898023,2376,cbi|aadhaar,Transfer all funds immediately to the verification account. I am calling from CBI and your Aadhaar has been linked to money laundering.,True,True,0,1
+917387602025,2127,,Please call me when you reach home safely.,False,False,0,0
+918482944648,1575,cbi|aadhaar,I am calling from CBI and your Aadhaar has been linked to money laundering.,False,True,0,1
+919729005632,2035,cbi|aadhaar|digital arrest,Do not disconnect the call or tell anyone about this investigation. I am calling from CBI and your Aadhaar has been linked to money laundering. A digital arrest warrant has been issued and police will arrive.,True,True,1,1
+917406807528,1729,,Your grocery delivery will arrive between four and five. Can we move tomorrow's project meeting to the afternoon?,False,False,1,0
+918920589888,1182,,Can we move tomorrow's project meeting to the afternoon? The bank branch is closed today due to a public holiday.,False,False,1,0
+916999134603,459,,Your appointment is confirmed for next Monday. Please call me when you reach home safely.,False,False,0,0
+917592504237,1831,,Can we move tomorrow's project meeting to the afternoon?,False,False,0,0
+919721103683,1493,cbi|aadhaar|digital arrest,I am calling from CBI and your Aadhaar has been linked to money laundering. A customs parcel in your name contains illegal items. A digital arrest warrant has been issued and police will arrive.,True,True,1,1
+917666980658,1033,,Please call me when you reach home safely.,False,False,0,0
+919321655766,1563,cbi|aadhaar,I am calling from CBI and your Aadhaar has been linked to money laundering. A customs parcel in your name contains illegal items.,False,False,1,1
+916594154291,1480,,The bank branch is closed today due to a public holiday.,False,False,1,0
+918000299190,1749,cbi|aadhaar,Transfer all funds immediately to the verification account. I am calling from CBI and your Aadhaar has been linked to money laundering.,True,True,0,1
+917523388341,359,cbi|aadhaar,Do not disconnect the call or tell anyone about this investigation. I am calling from CBI and your Aadhaar has been linked to money laundering.,True,True,1,1
+919292224423,880,,Transfer all funds immediately to the verification account.,False,False,6,1
+917192983924,167,cbi|aadhaar|digital arrest,A digital arrest warrant has been issued and police will arrive. I am calling from CBI and your Aadhaar has been linked to money laundering. A customs parcel in your name contains illegal items.,False,True,0,1
+917474914428,1030,digital arrest,A digital arrest warrant has been issued and police will arrive. Do not disconnect the call or tell anyone about this investigation.,True,False,5,1
+917468691816,768,,Please call me when you reach home safely. The bank branch is closed today due to a public holiday.,False,False,0,0
+916136973686,85,,Please call me when you reach home safely.,False,False,1,0
+917321410807,1511,cbi|aadhaar|digital arrest,I am calling from CBI and your Aadhaar has been linked to money laundering. A digital arrest warrant has been issued and police will arrive.,False,True,12,1
+918932806725,1333,digital arrest,A digital arrest warrant has been issued and police will arrive. A customs parcel in your name contains illegal items. Do not disconnect the call or tell anyone about this investigation.,True,True,0,1
+916328568367,1307,,The bank branch is closed today due to a public holiday. Please call me when you reach home safely.,False,False,1,0
+919094726687,1920,cbi|aadhaar,I am calling from CBI and your Aadhaar has been linked to money laundering. A customs parcel in your name contains illegal items.,False,True,11,1
+917584242099,1685,,A customs parcel in your name contains illegal items. Do not disconnect the call or tell anyone about this investigation. Transfer all funds immediately to the verification account.,True,False,1,1
+919085199851,702,,Your grocery delivery will arrive between four and five. Your appointment is confirmed for next Monday.,False,False,1,0
+918131934116,1761,,Can we move tomorrow's project meeting to the afternoon?,False,False,0,0
+918676373346,2221,,The bank branch is closed today due to a public holiday. Please call me when you reach home safely.,False,False,0,0
+917522794974,305,,The bank branch is closed today due to a public holiday.,False,False,0,0
+917046408607,903,cbi|aadhaar,A customs parcel in your name contains illegal items. I am calling from CBI and your Aadhaar has been linked to money laundering.,True,True,5,1
+917121631372,1894,,Please call me when you reach home safely. The bank branch is closed today due to a public holiday.,False,False,0,0
+916442860971,98,cbi|aadhaar,I am calling from CBI and your Aadhaar has been linked to money laundering.,False,True,10,1
+918770853935,954,,Can we move tomorrow's project meeting to the afternoon?,False,False,1,0
+918057572744,1268,,Please call me when you reach home safely. The bank branch is closed today due to a public holiday.,False,False,1,0
+916607111844,1485,,Transfer all funds immediately to the verification account.,True,True,11,1
+919332122383,2233,cbi|aadhaar,Transfer all funds immediately to the verification account. I am calling from CBI and your Aadhaar has been linked to money laundering.,True,False,10,1
+918674123125,267,,A customs parcel in your name contains illegal items.,False,True,6,1
+917418593664,1508,,Can we move tomorrow's project meeting to the afternoon?,False,False,1,0
+917482458784,758,,Please call me when you reach home safely.,False,False,1,0
+918456462224,405,digital arrest,A digital arrest warrant has been issued and police will arrive.,True,False,9,1
+918288657098,296,,Your grocery delivery will arrive between four and five.,False,False,0,0
+919021842019,738,,The bank branch is closed today due to a public holiday.,False,False,0,0
+919637801564,243,digital arrest,A digital arrest warrant has been issued and police will arrive. Transfer all funds immediately to the verification account. A customs parcel in your name contains illegal items.,False,False,4,1
+918211952904,1317,,Can we move tomorrow's project meeting to the afternoon?,False,False,0,0
+919108392721,1674,,Your grocery delivery will arrive between four and five. Your appointment is confirmed for next Monday.,False,False,1,0
+917377515312,945,digital arrest,Transfer all funds immediately to the verification account. A digital arrest warrant has been issued and police will arrive.,True,False,1,1
+919058918847,438,cbi|aadhaar,Transfer all funds immediately to the verification account. I am calling from CBI and your Aadhaar has been linked to money laundering.,False,True,9,1
+917373387406,1900,,The bank branch is closed today due to a public holiday. Your appointment is confirmed for next Monday.,False,False,1,0
+919806823775,1273,,Can we move tomorrow's project meeting to the afternoon? The bank branch is closed today due to a public holiday.,False,False,1,0
+916607132588,1695,,Your appointment is confirmed for next Monday.,False,False,0,0
+917790898480,1286,,The bank branch is closed today due to a public holiday. Can we move tomorrow's project meeting to the afternoon?,False,False,0,0
+916449432019,1596,,Your grocery delivery will arrive between four and five.,False,False,1,0
+917073994016,578,cbi|aadhaar|digital arrest,I am calling from CBI and your Aadhaar has been linked to money laundering. A digital arrest warrant has been issued and police will arrive. A customs parcel in your name contains illegal items.,False,True,0,1
+918717939765,2074,,Do not disconnect the call or tell anyone about this investigation. A customs parcel in your name contains illegal items. Transfer all funds immediately to the verification account.,True,False,0,1
+916627110756,154,,Please call me when you reach home safely.,False,False,1,0
+916047770467,1444,,Your appointment is confirmed for next Monday. Your grocery delivery will arrive between four and five.,False,False,0,0
+916864305237,676,cbi|aadhaar,Transfer all funds immediately to the verification account. A customs parcel in your name contains illegal items. I am calling from CBI and your Aadhaar has been linked to money laundering.,True,True,1,1
+917091302353,813,digital arrest,A customs parcel in your name contains illegal items. Transfer all funds immediately to the verification account. A digital arrest warrant has been issued and police will arrive.,True,False,8,1
+916379556190,1239,,Your appointment is confirmed for next Monday.,False,False,1,0
+919034381681,633,,The bank branch is closed today due to a public holiday.,False,False,0,0
+917237105752,2292,,Your grocery delivery will arrive between four and five. Please call me when you reach home safely.,True,False,0,0
+917797482603,1498,,The bank branch is closed today due to a public holiday.,False,False,0,0
+916178919960,125,,Please call me when you reach home safely. Your appointment is confirmed for next Monday.,False,False,1,0
+916151514270,414,digital arrest,A digital arrest warrant has been issued and police will arrive. Transfer all funds immediately to the verification account. Do not disconnect the call or tell anyone about this investigation.,False,True,12,1
+918184674256,2120,,A customs parcel in your name contains illegal items. Do not disconnect the call or tell anyone about this investigation.,True,True,9,1
+916884778676,1624,,Please call me when you reach home safely. Can we move tomorrow's project meeting to the afternoon?,False,False,0,0
+919433243846,822,digital arrest,Do not disconnect the call or tell anyone about this investigation. A digital arrest warrant has been issued and police will arrive. Transfer all funds immediately to the verification account.,True,False,2,1
+916342057624,2395,,A customs parcel in your name contains illegal items. Transfer all funds immediately to the verification account.,False,False,1,1
+919680090691,2164,,Do not disconnect the call or tell anyone about this investigation.,False,False,12,1
+917323020491,330,,Can we move tomorrow's project meeting to the afternoon? Your appointment is confirmed for next Monday.,False,False,1,0
+917002266858,1290,,Please call me when you reach home safely. Your grocery delivery will arrive between four and five.,False,False,1,0
+916923645022,260,,Your grocery delivery will arrive between four and five. Please call me when you reach home safely.,False,False,1,0
+919469596523,2309,,Do not disconnect the call or tell anyone about this investigation.,True,True,1,1
+919826467564,713,digital arrest,A customs parcel in your name contains illegal items. A digital arrest warrant has been issued and police will arrive. Do not disconnect the call or tell anyone about this investigation.,True,True,11,1
+919079079869,2227,,Can we move tomorrow's project meeting to the afternoon?,False,False,0,0
+916662552006,1035,,Your appointment is confirmed for next Monday.,False,False,0,0
+919572567289,1760,digital arrest,A digital arrest warrant has been issued and police will arrive. Transfer all funds immediately to the verification account. Do not disconnect the call or tell anyone about this investigation.,True,False,5,1
+919443318928,2289,cbi|aadhaar|digital arrest,A digital arrest warrant has been issued and police will arrive. I am calling from CBI and your Aadhaar has been linked to money laundering.,True,True,1,1
+917437624147,630,,Your appointment is confirmed for next Monday. The bank branch is closed today due to a public holiday.,False,False,1,0
+918936379258,1380,cbi|aadhaar,I am calling from CBI and your Aadhaar has been linked to money laundering.,False,False,1,1
+916373600267,293,digital arrest,A digital arrest warrant has been issued and police will arrive. A customs parcel in your name contains illegal items. Do not disconnect the call or tell anyone about this investigation.,False,False,8,1
+918799948106,512,digital arrest,A customs parcel in your name contains illegal items. Do not disconnect the call or tell anyone about this investigation. A digital arrest warrant has been issued and police will arrive.,False,False,2,1
+917151999655,1694,,The bank branch is closed today due to a public holiday. Your appointment is confirmed for next Monday.,False,False,0,0
+918572048718,1778,,A customs parcel in your name contains illegal items. Transfer all funds immediately to the verification account.,True,True,1,1
+917507372079,2095,,Your appointment is confirmed for next Monday.,False,False,0,0
+919162848898,1370,,A customs parcel in your name contains illegal items.,False,True,0,1
+916620981459,547,,Can we move tomorrow's project meeting to the afternoon?,False,False,1,0
+918059854960,1592,,The bank branch is closed today due to a public holiday.,False,False,0,0
+919455148193,2103,digital arrest,A digital arrest warrant has been issued and police will arrive. Transfer all funds immediately to the verification account. Do not disconnect the call or tell anyone about this investigation.,False,False,0,1
+919669329083,1396,,Do not disconnect the call or tell anyone about this investigation.,False,True,0,1
+919207785741,2020,,Transfer all funds immediately to the verification account.,True,True,1,1
+916662460306,1639,,Transfer all funds immediately to the verification account. A customs parcel in your name contains illegal items.,True,True,1,1
+918129327149,587,,The bank branch is closed today due to a public holiday. Please call me when you reach home safely.,False,False,0,0
+916270439110,468,,A customs parcel in your name contains illegal items.,False,True,1,1
+917565218195,204,,Transfer all funds immediately to the verification account. A customs parcel in your name contains illegal items. Do not disconnect the call or tell anyone about this investigation.,True,False,0,1
+917949866808,1423,,Transfer all funds immediately to the verification account. Do not disconnect the call or tell anyone about this investigation.,False,True,1,1
+916783371972,1737,,Can we move tomorrow's project meeting to the afternoon?,False,False,1,0
+917239404568,1649,,Please call me when you reach home safely. Your appointment is confirmed for next Monday.,True,False,1,0
+916352986513,2334,,Please call me when you reach home safely.,False,False,1,0
+917609084997,1546,,Please call me when you reach home safely.,False,False,1,0
+918594226036,706,,The bank branch is closed today due to a public holiday. Your grocery delivery will arrive between four and five.,False,False,1,0
+918221998093,1407,,The bank branch is closed today due to a public holiday. Can we move tomorrow's project meeting to the afternoon?,False,False,0,0
+916157627068,2001,digital arrest,A customs parcel in your name contains illegal items. A digital arrest warrant has been issued and police will arrive.,True,True,6,1
+917313906126,941,digital arrest,A digital arrest warrant has been issued and police will arrive. Transfer all funds immediately to the verification account. A customs parcel in your name contains illegal items.,False,True,0,1
+916750422412,606,cbi|aadhaar,A customs parcel in your name contains illegal items. I am calling from CBI and your Aadhaar has been linked to money laundering.,False,False,7,1
+917739098095,1017,,Your appointment is confirmed for next Monday. Your grocery delivery will arrive between four and five.,False,False,1,0
+916218842345,225,,Transfer all funds immediately to the verification account.,True,True,8,1
+919292091373,1208,,Please call me when you reach home safely. Your appointment is confirmed for next Monday.,False,False,0,0
+917568876031,1948,cbi|aadhaar,I am calling from CBI and your Aadhaar has been linked to money laundering. Transfer all funds immediately to the verification account. A customs parcel in your name contains illegal items.,False,True,3,1
+918722493888,2028,cbi|aadhaar,I am calling from CBI and your Aadhaar has been linked to money laundering. Do not disconnect the call or tell anyone about this investigation.,True,False,11,1
+917021288530,622,,Transfer all funds immediately to the verification account. A customs parcel in your name contains illegal items.,True,True,11,1
+918087287164,1264,,Your appointment is confirmed for next Monday. Your grocery delivery will arrive between four and five.,False,False,1,0
+917127392036,511,cbi|aadhaar,I am calling from CBI and your Aadhaar has been linked to money laundering. A customs parcel in your name contains illegal items. Do not disconnect the call or tell anyone about this investigation.,False,False,9,1
+917290994227,104,,Do not disconnect the call or tell anyone about this investigation.,True,True,1,1
+918100839360,1035,cbi|aadhaar,A customs parcel in your name contains illegal items. I am calling from CBI and your Aadhaar has been linked to money laundering. Do not disconnect the call or tell anyone about this investigation.,False,True,1,1
+917217198607,1557,digital arrest,Transfer all funds immediately to the verification account. A digital arrest warrant has been issued and police will arrive.,False,True,0,1
+916432816515,109,,A customs parcel in your name contains illegal items.,True,False,10,1
+917975736148,2376,cbi|aadhaar|digital arrest,I am calling from CBI and your Aadhaar has been linked to money laundering. A digital arrest warrant has been issued and police will arrive. A customs parcel in your name contains illegal items.,False,False,1,1
+918272046620,1310,,A customs parcel in your name contains illegal items.,True,True,12,1
+919309918423,1767,cbi|aadhaar,Do not disconnect the call or tell anyone about this investigation. I am calling from CBI and your Aadhaar has been linked to money laundering. Transfer all funds immediately to the verification account.,True,True,0,1
+917031448229,1537,,Can we move tomorrow's project meeting to the afternoon? Please call me when you reach home safely.,False,False,1,0
+917951867520,554,,Your grocery delivery will arrive between four and five. Please call me when you reach home safely.,False,False,0,0
+919439605047,1444,,Your grocery delivery will arrive between four and five. Can we move tomorrow's project meeting to the afternoon?,False,False,0,0
+916814160553,223,,Your grocery delivery will arrive between four and five.,False,False,1,0
+918639199444,958,,Can we move tomorrow's project meeting to the afternoon? Please call me when you reach home safely.,False,False,1,0
+919059165519,2355,,The bank branch is closed today due to a public holiday.,False,False,1,0
+916841887502,75,,The bank branch is closed today due to a public holiday.,False,False,0,0
+919622722895,1524,,The bank branch is closed today due to a public holiday.,False,False,1,0
+918875001517,1730,digital arrest,A digital arrest warrant has been issued and police will arrive.,True,True,6,1
+917843246317,454,,Your grocery delivery will arrive between four and five. Can we move tomorrow's project meeting to the afternoon?,False,False,1,0
+918691325242,711,,Do not disconnect the call or tell anyone about this investigation.,True,True,0,1
+919461867126,631,cbi|aadhaar|digital arrest,I am calling from CBI and your Aadhaar has been linked to money laundering. A digital arrest warrant has been issued and police will arrive.,False,True,11,1
+917134326365,1147,,Please call me when you reach home safely. The bank branch is closed today due to a public holiday.,False,False,1,0
+919970844722,342,,Do not disconnect the call or tell anyone about this investigation.,True,True,6,1
+916078556237,1414,cbi|aadhaar|digital arrest,A digital arrest warrant has been issued and police will arrive. Transfer all funds immediately to the verification account. I am calling from CBI and your Aadhaar has been linked to money laundering.,True,True,8,1
+919102156267,1786,cbi|aadhaar|digital arrest,A digital arrest warrant has been issued and police will arrive. I am calling from CBI and your Aadhaar has been linked to money laundering. Transfer all funds immediately to the verification account.,True,False,8,1
+917640685419,581,,Please call me when you reach home safely. Your grocery delivery will arrive between four and five.,False,False,1,0
+917043393886,1355,,Your appointment is confirmed for next Monday. Can we move tomorrow's project meeting to the afternoon?,False,False,0,0
+919914511687,1624,cbi|aadhaar,I am calling from CBI and your Aadhaar has been linked to money laundering.,True,True,3,1
+918461059021,73,,A customs parcel in your name contains illegal items. Transfer all funds immediately to the verification account.,False,True,8,1
+919330659564,1934,,Please call me when you reach home safely. Your grocery delivery will arrive between four and five.,False,False,0,0
+918809792055,2007,,Your grocery delivery will arrive between four and five. Please call me when you reach home safely.,False,False,1,0
+918248641296,2144,cbi|aadhaar,Do not disconnect the call or tell anyone about this investigation. I am calling from CBI and your Aadhaar has been linked to money laundering.,True,True,1,1
+919805548074,692,cbi|aadhaar,I am calling from CBI and your Aadhaar has been linked to money laundering. A customs parcel in your name contains illegal items.,True,True,0,1
+918528972643,371,,A customs parcel in your name contains illegal items. Transfer all funds immediately to the verification account.,True,True,1,1
+918444385588,165,cbi|aadhaar|digital arrest,Do not disconnect the call or tell anyone about this investigation. I am calling from CBI and your Aadhaar has been linked to money laundering. A digital arrest warrant has been issued and police will arrive.,False,False,1,1
+916561302355,1407,,Your grocery delivery will arrive between four and five. Can we move tomorrow's project meeting to the afternoon?,False,False,1,0
+919167078534,1560,,Your grocery delivery will arrive between four and five. Your appointment is confirmed for next Monday.,False,False,0,0
+917985870640,1165,digital arrest,A digital arrest warrant has been issued and police will arrive. Do not disconnect the call or tell anyone about this investigation.,True,False,8,1
+918738541190,1660,,Your grocery delivery will arrive between four and five.,False,False,0,0
+916603853873,743,,Can we move tomorrow's project meeting to the afternoon? Please call me when you reach home safely.,False,False,0,0
+917575558927,1161,,Your appointment is confirmed for next Monday.,False,False,1,0
+916825166866,368,digital arrest,Do not disconnect the call or tell anyone about this investigation. A digital arrest warrant has been issued and police will arrive. A customs parcel in your name contains illegal items.,True,False,9,1
+919943966567,1069,,Transfer all funds immediately to the verification account.,True,True,1,1
+919897022135,392,cbi|aadhaar,Transfer all funds immediately to the verification account. I am calling from CBI and your Aadhaar has been linked to money laundering. A customs parcel in your name contains illegal items.,True,True,0,1
+917579016120,2132,,Your grocery delivery will arrive between four and five.,False,False,1,0
+917455456043,1888,,Your appointment is confirmed for next Monday. Your grocery delivery will arrive between four and five.,False,False,0,0
+916825688500,163,,Please call me when you reach home safely.,False,False,0,0
+919000666222,1594,digital arrest,A digital arrest warrant has been issued and police will arrive.,True,True,3,1
+917925081800,1607,,Transfer all funds immediately to the verification account. Do not disconnect the call or tell anyone about this investigation.,True,True,1,1
+916260451177,68,digital arrest,A customs parcel in your name contains illegal items. A digital arrest warrant has been issued and police will arrive. Do not disconnect the call or tell anyone about this investigation.,True,True,11,1
+918744710669,1965,digital arrest,A digital arrest warrant has been issued and police will arrive. A customs parcel in your name contains illegal items.,False,False,0,1
+919103381586,1878,,Do not disconnect the call or tell anyone about this investigation.,True,False,7,1
+919347848051,31,,The bank branch is closed today due to a public holiday. Your appointment is confirmed for next Monday.,False,False,0,0
+916932938009,509,cbi|aadhaar,I am calling from CBI and your Aadhaar has been linked to money laundering. Transfer all funds immediately to the verification account. A customs parcel in your name contains illegal items.,True,False,1,1
+916696634835,2011,,Your grocery delivery will arrive between four and five. The bank branch is closed today due to a public holiday.,False,False,1,0
+917776211862,510,,Your appointment is confirmed for next Monday. The bank branch is closed today due to a public holiday.,False,False,1,0
+919191932624,1468,digital arrest,A customs parcel in your name contains illegal items. A digital arrest warrant has been issued and police will arrive. Do not disconnect the call or tell anyone about this investigation.,True,True,1,1
+917271496246,2106,cbi|aadhaar|digital arrest,A digital arrest warrant has been issued and police will arrive. A customs parcel in your name contains illegal items. I am calling from CBI and your Aadhaar has been linked to money laundering.,True,True,11,1
+918615012623,2108,,Can we move tomorrow's project meeting to the afternoon?,False,False,0,0
+917627604038,775,,Please call me when you reach home safely. Your grocery delivery will arrive between four and five.,False,False,1,0
+917759936199,2274,,Your grocery delivery will arrive between four and five. Can we move tomorrow's project meeting to the afternoon?,False,False,0,0
+918560416368,1564,,Please call me when you reach home safely. Your appointment is confirmed for next Monday.,False,False,1,0
+916619828590,1571,,Your appointment is confirmed for next Monday.,False,False,1,0
+917880357479,1006,,A customs parcel in your name contains illegal items.,False,True,2,1
+919869792209,717,cbi|aadhaar|digital arrest,A digital arrest warrant has been issued and police will arrive. A customs parcel in your name contains illegal items. I am calling from CBI and your Aadhaar has been linked to money laundering.,True,True,1,1
+918531396287,971,,Do not disconnect the call or tell anyone about this investigation.,True,True,3,1
+918920796569,39,cbi|aadhaar,I am calling from CBI and your Aadhaar has been linked to money laundering. A customs parcel in your name contains illegal items.,True,False,5,1
+917387784226,605,,Do not disconnect the call or tell anyone about this investigation.,False,False,9,1
+917642997519,1115,,Transfer all funds immediately to the verification account. Do not disconnect the call or tell anyone about this investigation. A customs parcel in your name contains illegal items.,True,True,0,1
+917054023347,466,,The bank branch is closed today due to a public holiday. Please call me when you reach home safely.,False,False,1,0
+917555250603,1463,,The bank branch is closed today due to a public holiday.,False,False,0,0
+917907250609,1710,,The bank branch is closed today due to a public holiday.,False,False,0,0
+919692124978,1767,,Transfer all funds immediately to the verification account.,True,True,1,1
+918915147015,769,,Your appointment is confirmed for next Monday. Please call me when you reach home safely.,False,False,0,0
+917069903993,337,,Can we move tomorrow's project meeting to the afternoon?,False,False,0,0
+917781147386,885,digital arrest,A digital arrest warrant has been issued and police will arrive.,False,True,1,1
+918430351426,2178,,Your appointment is confirmed for next Monday.,False,False,1,0
+918436895503,1513,,A customs parcel in your name contains illegal items. Do not disconnect the call or tell anyone about this investigation. Transfer all funds immediately to the verification account.,False,False,3,1
+916493299599,1779,,A customs parcel in your name contains illegal items.,True,True,1,1
+916083262824,1357,digital arrest,A digital arrest warrant has been issued and police will arrive.,True,True,1,1
+916631959661,682,,A customs parcel in your name contains illegal items. Transfer all funds immediately to the verification account. Do not disconnect the call or tell anyone about this investigation.,False,False,0,1
+917549848880,1248,,Your grocery delivery will arrive between four and five.,False,False,1,0
+919814128360,1132,,Transfer all funds immediately to the verification account. A customs parcel in your name contains illegal items.,True,True,0,1
+918924640565,2369,cbi|aadhaar,Transfer all funds immediately to the verification account. I am calling from CBI and your Aadhaar has been linked to money laundering.,True,True,1,1
+918295891037,1429,,Do not disconnect the call or tell anyone about this investigation.,True,True,1,1
+918460435972,1555,,Can we move tomorrow's project meeting to the afternoon?,False,False,0,0
+916044949834,1775,digital arrest,A digital arrest warrant has been issued and police will arrive.,True,False,9,1
+917723724673,2018,,Transfer all funds immediately to the verification account. A customs parcel in your name contains illegal items.,True,True,0,1
+916029924437,421,,Your appointment is confirmed for next Monday. Your grocery delivery will arrive between four and five.,False,False,1,0
+916119008327,558,,Please call me when you reach home safely. Your appointment is confirmed for next Monday.,False,False,0,0
+918360980862,1475,,Your grocery delivery will arrive between four and five.,False,False,0,0
+918471105631,839,digital arrest,A digital arrest warrant has been issued and police will arrive.,False,False,1,1
+917476055723,2223,,Your appointment is confirmed for next Monday.,False,False,0,0
+917844071303,894,,The bank branch is closed today due to a public holiday. Your grocery delivery will arrive between four and five.,False,False,0,0
+916083310611,1941,,The bank branch is closed today due to a public holiday.,False,False,0,0
+917284310006,2329,,Your grocery delivery will arrive between four and five. The bank branch is closed today due to a public holiday.,False,False,0,0
+917485315801,356,,Can we move tomorrow's project meeting to the afternoon? Please call me when you reach home safely.,False,False,0,0
+918805194726,2385,,Can we move tomorrow's project meeting to the afternoon?,False,False,1,0
+919042039670,1918,,Please call me when you reach home safely. Can we move tomorrow's project meeting to the afternoon?,False,False,1,0
+916848483537,1433,,The bank branch is closed today due to a public holiday. Can we move tomorrow's project meeting to the afternoon?,False,False,1,0
+918592447783,1571,,Your appointment is confirmed for next Monday. Please call me when you reach home safely.,False,False,0,0
+918634461355,2370,,Transfer all funds immediately to the verification account. Do not disconnect the call or tell anyone about this investigation.,True,False,0,1
+916538421640,1230,,Your appointment is confirmed for next Monday. Your grocery delivery will arrive between four and five.,False,False,1,0
+918437927172,1205,,Your grocery delivery will arrive between four and five.,True,False,0,0
+916720663805,1690,cbi|aadhaar,Transfer all funds immediately to the verification account. A customs parcel in your name contains illegal items. I am calling from CBI and your Aadhaar has been linked to money laundering.,True,True,3,1
+917123988873,659,,Can we move tomorrow's project meeting to the afternoon?,False,False,1,0
+918703806699,270,cbi|aadhaar,Do not disconnect the call or tell anyone about this investigation. I am calling from CBI and your Aadhaar has been linked to money laundering. Transfer all funds immediately to the verification account.,False,False,1,1
+916467005460,495,,Please call me when you reach home safely.,False,False,0,0
+919720659270,1374,,A customs parcel in your name contains illegal items.,True,True,2,1
+918240698875,1119,,Your grocery delivery will arrive between four and five.,False,False,0,0
+918623449503,2190,,Can we move tomorrow's project meeting to the afternoon?,False,False,1,0
+919409925992,1353,digital arrest,Do not disconnect the call or tell anyone about this investigation. A digital arrest warrant has been issued and police will arrive.,False,True,11,1
+917070290012,111,,Please call me when you reach home safely. Your grocery delivery will arrive between four and five.,False,False,1,0
+916045517102,204,,Transfer all funds immediately to the verification account.,False,True,4,1
+919618195858,1886,cbi|aadhaar|digital arrest,I am calling from CBI and your Aadhaar has been linked to money laundering. A digital arrest warrant has been issued and police will arrive. Transfer all funds immediately to the verification account.,True,True,0,1
+918161391350,2032,,The bank branch is closed today due to a public holiday. Can we move tomorrow's project meeting to the afternoon?,False,False,1,0
+919068318532,1193,,The bank branch is closed today due to a public holiday. Your appointment is confirmed for next Monday.,False,False,0,0
+916262702338,1803,digital arrest,A digital arrest warrant has been issued and police will arrive. A customs parcel in your name contains illegal items.,True,False,12,1
+918937370626,2383,digital arrest,A digital arrest warrant has been issued and police will arrive. Do not disconnect the call or tell anyone about this investigation.,True,False,1,1
+918013523059,2315,digital arrest,Do not disconnect the call or tell anyone about this investigation. A digital arrest warrant has been issued and police will arrive.,False,True,1,1
+917057735835,110,,Do not disconnect the call or tell anyone about this investigation.,False,False,0,1
+916435814024,762,digital arrest,Do not disconnect the call or tell anyone about this investigation. A digital arrest warrant has been issued and police will arrive.,True,True,4,1
+919069095009,1908,,Your grocery delivery will arrive between four and five. The bank branch is closed today due to a public holiday.,False,False,0,0
+917067463042,570,cbi|aadhaar,I am calling from CBI and your Aadhaar has been linked to money laundering. Transfer all funds immediately to the verification account.,True,True,1,1
+917392712667,2218,,Your grocery delivery will arrive between four and five. The bank branch is closed today due to a public holiday.,False,False,1,0
+918899548135,1255,cbi|aadhaar,Transfer all funds immediately to the verification account. I am calling from CBI and your Aadhaar has been linked to money laundering. Do not disconnect the call or tell anyone about this investigation.,False,False,11,1
+917598851123,388,cbi|aadhaar,I am calling from CBI and your Aadhaar has been linked to money laundering.,True,True,3,1
+919627016180,1051,,A customs parcel in your name contains illegal items.,False,True,0,1
+919132001778,1300,,Your grocery delivery will arrive between four and five. The bank branch is closed today due to a public holiday.,False,False,0,0
+918972145405,2066,digital arrest,A digital arrest warrant has been issued and police will arrive.,False,True,1,1
+918211612222,568,cbi|aadhaar,I am calling from CBI and your Aadhaar has been linked to money laundering. A customs parcel in your name contains illegal items.,False,True,4,1
+919659630536,334,,A customs parcel in your name contains illegal items.,False,True,7,1
+916564458789,67,,Please call me when you reach home safely. Can we move tomorrow's project meeting to the afternoon?,False,False,1,0
+918607532221,2333,cbi|aadhaar,I am calling from CBI and your Aadhaar has been linked to money laundering. Transfer all funds immediately to the verification account.,False,True,3,1
+918945654437,913,digital arrest,A customs parcel in your name contains illegal items. A digital arrest warrant has been issued and police will arrive.,False,True,2,1
+917793568945,423,cbi|aadhaar|digital arrest,I am calling from CBI and your Aadhaar has been linked to money laundering. A digital arrest warrant has been issued and police will arrive. A customs parcel in your name contains illegal items.,False,False,5,1
+918310464717,878,,Please call me when you reach home safely.,True,False,0,0
+918383116689,2172,,Your grocery delivery will arrive between four and five. Please call me when you reach home safely.,False,False,0,0
+918265347098,1476,,Your appointment is confirmed for next Monday. The bank branch is closed today due to a public holiday.,False,False,0,0
+918838279148,1593,,The bank branch is closed today due to a public holiday.,False,False,0,0
+918058008338,669,digital arrest,A digital arrest warrant has been issued and police will arrive. Do not disconnect the call or tell anyone about this investigation. A customs parcel in your name contains illegal items.,False,True,9,1
+917247186067,1862,digital arrest,A digital arrest warrant has been issued and police will arrive.,True,False,11,1
+916958963664,147,,Transfer all funds immediately to the verification account.,False,True,1,1
+917096519085,1449,digital arrest,A digital arrest warrant has been issued and police will arrive. A customs parcel in your name contains illegal items.,False,True,1,1
+919829817009,355,,Please call me when you reach home safely.,False,False,1,0
+917600194198,310,cbi|aadhaar,I am calling from CBI and your Aadhaar has been linked to money laundering. A customs parcel in your name contains illegal items. Do not disconnect the call or tell anyone about this investigation.,False,True,12,1
+917507938469,1526,cbi|aadhaar|digital arrest,I am calling from CBI and your Aadhaar has been linked to money laundering. A digital arrest warrant has been issued and police will arrive.,False,True,6,1
+916899834615,630,cbi|aadhaar,Do not disconnect the call or tell anyone about this investigation. I am calling from CBI and your Aadhaar has been linked to money laundering.,True,True,11,1
+918017455448,1983,digital arrest,A digital arrest warrant has been issued and police will arrive. Transfer all funds immediately to the verification account.,True,True,4,1
+918542202610,688,cbi|aadhaar|digital arrest,Do not disconnect the call or tell anyone about this investigation. I am calling from CBI and your Aadhaar has been linked to money laundering. A digital arrest warrant has been issued and police will arrive.,False,True,9,1
+916616659894,1105,digital arrest,A digital arrest warrant has been issued and police will arrive. A customs parcel in your name contains illegal items.,False,False,0,1
+917469314830,1241,digital arrest,Transfer all funds immediately to the verification account. A digital arrest warrant has been issued and police will arrive.,False,True,11,1
+917017484431,2161,cbi|aadhaar,I am calling from CBI and your Aadhaar has been linked to money laundering. Do not disconnect the call or tell anyone about this investigation. Transfer all funds immediately to the verification account.,True,True,1,1
+919315453267,1185,cbi|aadhaar,I am calling from CBI and your Aadhaar has been linked to money laundering. A customs parcel in your name contains illegal items.,True,False,4,1
+916675978381,1288,cbi|aadhaar|digital arrest,I am calling from CBI and your Aadhaar has been linked to money laundering. A digital arrest warrant has been issued and police will arrive. A customs parcel in your name contains illegal items.,False,True,5,1
+918440137854,2349,,A customs parcel in your name contains illegal items.,False,True,1,1
+916836021494,1501,digital arrest,A customs parcel in your name contains illegal items. A digital arrest warrant has been issued and police will arrive.,True,True,10,1
+916666591359,1882,,Can we move tomorrow's project meeting to the afternoon? Your appointment is confirmed for next Monday.,False,False,1,0
+916547156288,1053,,Your grocery delivery will arrive between four and five.,True,False,0,0
+919642161854,448,cbi|aadhaar,I am calling from CBI and your Aadhaar has been linked to money laundering. Transfer all funds immediately to the verification account.,True,True,8,1
+919654332578,709,cbi|aadhaar|digital arrest,A digital arrest warrant has been issued and police will arrive. I am calling from CBI and your Aadhaar has been linked to money laundering.,False,False,0,1
+919047871492,2251,,Transfer all funds immediately to the verification account.,False,True,7,1
+918095070569,2189,,Your appointment is confirmed for next Monday.,False,False,0,0
+919434502287,823,,Your appointment is confirmed for next Monday. Your grocery delivery will arrive between four and five.,False,False,1,0
+916666977372,90,,A customs parcel in your name contains illegal items. Transfer all funds immediately to the verification account.,True,True,1,1
+918305070761,2259,,Your appointment is confirmed for next Monday. Can we move tomorrow's project meeting to the afternoon?,False,False,1,0
+917289363869,1533,,Do not disconnect the call or tell anyone about this investigation.,True,True,0,1
+918986935547,654,,Your appointment is confirmed for next Monday.,False,False,0,0
+917755628911,56,cbi|aadhaar|digital arrest,I am calling from CBI and your Aadhaar has been linked to money laundering. Transfer all funds immediately to the verification account. A digital arrest warrant has been issued and police will arrive.,True,True,0,1
+919637832601,1579,cbi|aadhaar|digital arrest,I am calling from CBI and your Aadhaar has been linked to money laundering. A digital arrest warrant has been issued and police will arrive.,False,False,0,1
+917757530494,2324,,The bank branch is closed today due to a public holiday.,False,False,1,0
+917124566911,351,,Your grocery delivery will arrive between four and five. Your appointment is confirmed for next Monday.,False,False,0,0
+917340246568,69,digital arrest,A digital arrest warrant has been issued and police will arrive.,False,True,9,1
+919753261459,39,,Do not disconnect the call or tell anyone about this investigation.,True,True,11,1
+919464630508,1612,cbi|aadhaar,Transfer all funds immediately to the verification account. A customs parcel in your name contains illegal items. I am calling from CBI and your Aadhaar has been linked to money laundering.,True,False,5,1
+919467069825,1478,cbi|aadhaar,A customs parcel in your name contains illegal items. Do not disconnect the call or tell anyone about this investigation. I am calling from CBI and your Aadhaar has been linked to money laundering.,False,True,2,1
+918840658555,1964,,A customs parcel in your name contains illegal items. Do not disconnect the call or tell anyone about this investigation.,False,True,0,1
+916922535615,1872,,The bank branch is closed today due to a public holiday. Your grocery delivery will arrive between four and five.,False,False,0,0
+918613309760,466,,Your grocery delivery will arrive between four and five. Can we move tomorrow's project meeting to the afternoon?,False,False,0,0
+916304119666,47,cbi|aadhaar,Transfer all funds immediately to the verification account. I am calling from CBI and your Aadhaar has been linked to money laundering. A customs parcel in your name contains illegal items.,False,False,1,1
+916280751831,2309,,A customs parcel in your name contains illegal items.,True,True,1,1
+918292719762,1693,cbi|aadhaar,Do not disconnect the call or tell anyone about this investigation. I am calling from CBI and your Aadhaar has been linked to money laundering.,False,True,0,1
+919998704588,1212,,Do not disconnect the call or tell anyone about this investigation.,True,True,7,1
+917625950172,2155,digital arrest,A digital arrest warrant has been issued and police will arrive. A customs parcel in your name contains illegal items.,False,False,5,1
+916457515727,133,cbi|aadhaar|digital arrest,I am calling from CBI and your Aadhaar has been linked to money laundering. A customs parcel in your name contains illegal items. A digital arrest warrant has been issued and police will arrive.,False,True,0,1
+917909180764,2021,,Please call me when you reach home safely. Your grocery delivery will arrive between four and five.,False,False,0,0
+918465835261,1299,,Please call me when you reach home safely.,False,False,1,0
+916475229827,332,,Please call me when you reach home safely.,False,False,0,0
+918646075263,126,,Your grocery delivery will arrive between four and five. Your appointment is confirmed for next Monday.,False,False,1,0
+918542268781,1762,cbi|aadhaar,Transfer all funds immediately to the verification account. I am calling from CBI and your Aadhaar has been linked to money laundering.,True,True,1,1
+919012188035,1432,digital arrest,A digital arrest warrant has been issued and police will arrive.,True,False,10,1
+917547017575,1028,cbi|aadhaar,I am calling from CBI and your Aadhaar has been linked to money laundering. A customs parcel in your name contains illegal items. Transfer all funds immediately to the verification account.,False,False,4,1
+917652389072,1685,,The bank branch is closed today due to a public holiday.,False,False,0,0
+917951761810,916,cbi|aadhaar,I am calling from CBI and your Aadhaar has been linked to money laundering. A customs parcel in your name contains illegal items.,False,True,1,1
+919082313062,653,,Can we move tomorrow's project meeting to the afternoon? The bank branch is closed today due to a public holiday.,False,False,1,0
+917046259735,658,digital arrest,A digital arrest warrant has been issued and police will arrive. Transfer all funds immediately to the verification account. A customs parcel in your name contains illegal items.,False,False,6,1
+917120017951,350,,Your appointment is confirmed for next Monday. Please call me when you reach home safely.,False,False,0,0
+919842046824,2002,,Your appointment is confirmed for next Monday. Can we move tomorrow's project meeting to the afternoon?,False,False,0,0
+916434943369,1986,,A customs parcel in your name contains illegal items.,False,True,6,1
+919783163191,527,,Your appointment is confirmed for next Monday. Can we move tomorrow's project meeting to the afternoon?,False,False,0,0
+917688544550,1268,digital arrest,A digital arrest warrant has been issued and police will arrive. Do not disconnect the call or tell anyone about this investigation.,True,False,1,1
+918845938308,1372,,Your grocery delivery will arrive between four and five. Your appointment is confirmed for next Monday.,False,False,1,0
+918041982465,435,digital arrest,A digital arrest warrant has been issued and police will arrive.,False,True,1,1
+917383641852,546,,Your appointment is confirmed for next Monday. Can we move tomorrow's project meeting to the afternoon?,False,False,1,0
+918667767284,741,,The bank branch is closed today due to a public holiday.,False,False,0,0
+919220563726,256,cbi|aadhaar,I am calling from CBI and your Aadhaar has been linked to money laundering.,True,True,0,1
+918413119252,1086,,A customs parcel in your name contains illegal items.,False,True,10,1
+919673982497,976,,Can we move tomorrow's project meeting to the afternoon?,True,False,0,0
+918860488646,1567,,Can we move tomorrow's project meeting to the afternoon?,False,False,1,0
+918894179995,923,,Please call me when you reach home safely. Can we move tomorrow's project meeting to the afternoon?,False,False,0,0
+917052318656,1720,cbi|aadhaar|digital arrest,A digital arrest warrant has been issued and police will arrive. I am calling from CBI and your Aadhaar has been linked to money laundering.,False,False,8,1
+916543077963,324,,Please call me when you reach home safely. Your grocery delivery will arrive between four and five.,False,False,0,0
+917763774297,903,,Can we move tomorrow's project meeting to the afternoon?,False,False,0,0
+917651013302,288,,The bank branch is closed today due to a public holiday. Your grocery delivery will arrive between four and five.,False,False,1,0
+916814254073,1723,,Your grocery delivery will arrive between four and five.,False,False,0,0
+918617736201,300,digital arrest,A customs parcel in your name contains illegal items. Do not disconnect the call or tell anyone about this investigation. A digital arrest warrant has been issued and police will arrive.,True,False,6,1
+919062384874,2371,cbi|aadhaar,I am calling from CBI and your Aadhaar has been linked to money laundering. Do not disconnect the call or tell anyone about this investigation.,False,True,10,1
+919457634510,1890,,Can we move tomorrow's project meeting to the afternoon? Your appointment is confirmed for next Monday.,False,False,1,0
+919632080359,707,,Do not disconnect the call or tell anyone about this investigation. A customs parcel in your name contains illegal items. Transfer all funds immediately to the verification account.,False,True,10,1
+917066494337,1788,,A customs parcel in your name contains illegal items. Transfer all funds immediately to the verification account. Do not disconnect the call or tell anyone about this investigation.,False,True,9,1
+916319483345,1296,,Your appointment is confirmed for next Monday. Your grocery delivery will arrive between four and five.,False,False,0,0
+916105320367,1342,,A customs parcel in your name contains illegal items.,True,False,10,1
+916239600279,1621,digital arrest,Transfer all funds immediately to the verification account. A digital arrest warrant has been issued and police will arrive.,False,False,11,1
+917530428978,2393,digital arrest,A digital arrest warrant has been issued and police will arrive. A customs parcel in your name contains illegal items.,True,True,0,1
+919806734604,1655,cbi|aadhaar,Transfer all funds immediately to the verification account. A customs parcel in your name contains illegal items. I am calling from CBI and your Aadhaar has been linked to money laundering.,True,True,2,1
+919420099830,57,,Do not disconnect the call or tell anyone about this investigation.,True,True,5,1
+919421609199,2369,digital arrest,A digital arrest warrant has been issued and police will arrive. A customs parcel in your name contains illegal items. Do not disconnect the call or tell anyone about this investigation.,True,False,1,1
+916289687080,2341,,Your appointment is confirmed for next Monday. The bank branch is closed today due to a public holiday.,False,False,1,0
+916315639103,293,,Please call me when you reach home safely. The bank branch is closed today due to a public holiday.,False,False,0,0
+917525341988,1639,cbi|aadhaar,A customs parcel in your name contains illegal items. I am calling from CBI and your Aadhaar has been linked to money laundering.,False,True,9,1
+919651419341,686,cbi|aadhaar|digital arrest,I am calling from CBI and your Aadhaar has been linked to money laundering. A digital arrest warrant has been issued and police will arrive.,True,True,9,1
+916137754100,2111,digital arrest,A digital arrest warrant has been issued and police will arrive.,False,False,7,1
+918195915248,1940,,The bank branch is closed today due to a public holiday.,False,False,0,0
+919813828046,1962,,Your grocery delivery will arrive between four and five.,False,False,0,0
+918734505622,1837,,Your grocery delivery will arrive between four and five.,False,False,0,0
+916028275916,292,digital arrest,Transfer all funds immediately to the verification account. A digital arrest warrant has been issued and police will arrive.,False,True,1,1
+919563123902,314,,Can we move tomorrow's project meeting to the afternoon? Please call me when you reach home safely.,False,False,1,0
+918702525036,1650,,Your appointment is confirmed for next Monday. Please call me when you reach home safely.,False,False,0,0
+917560929289,360,digital arrest,Transfer all funds immediately to the verification account. A digital arrest warrant has been issued and police will arrive. Do not disconnect the call or tell anyone about this investigation.,True,True,12,1
+916742678111,881,digital arrest,A digital arrest warrant has been issued and police will arrive. Transfer all funds immediately to the verification account.,False,True,0,1
+916659452420,2196,cbi|aadhaar,I am calling from CBI and your Aadhaar has been linked to money laundering. A customs parcel in your name contains illegal items.,True,True,4,1
+919767353409,1154,,The bank branch is closed today due to a public holiday.,False,False,0,0
+916607934626,2324,digital arrest,A digital arrest warrant has been issued and police will arrive.,True,False,7,1
+917812591600,1776,,Please call me when you reach home safely. Can we move tomorrow's project meeting to the afternoon?,False,False,0,0
+916886229176,35,,The bank branch is closed today due to a public holiday. Your grocery delivery will arrive between four and five.,False,False,0,0
+918492304498,1931,cbi|aadhaar|digital arrest,I am calling from CBI and your Aadhaar has been linked to money laundering. A digital arrest warrant has been issued and police will arrive.,True,True,7,1
+916428862704,1378,,The bank branch is closed today due to a public holiday. Your appointment is confirmed for next Monday.,False,False,0,0
+916729957157,2142,,Transfer all funds immediately to the verification account. Do not disconnect the call or tell anyone about this investigation.,True,False,7,1
+918809754472,1700,cbi|aadhaar,I am calling from CBI and your Aadhaar has been linked to money laundering.,False,False,6,1
+917416893377,695,,Your grocery delivery will arrive between four and five. Can we move tomorrow's project meeting to the afternoon?,False,False,0,0
+919596834465,2275,cbi|aadhaar|digital arrest,Do not disconnect the call or tell anyone about this investigation. A digital arrest warrant has been issued and police will arrive. I am calling from CBI and your Aadhaar has been linked to money laundering.,True,True,0,1
+919004057634,1283,,Transfer all funds immediately to the verification account. Do not disconnect the call or tell anyone about this investigation.,True,False,5,1
+919928329317,1380,,Do not disconnect the call or tell anyone about this investigation. Transfer all funds immediately to the verification account.,False,True,2,1
+917988599247,1854,,Your appointment is confirmed for next Monday. Please call me when you reach home safely.,False,False,0,0
+916949398551,367,,Please call me when you reach home safely.,False,False,0,0
+918291995388,2108,cbi|aadhaar|digital arrest,I am calling from CBI and your Aadhaar has been linked to money laundering. Do not disconnect the call or tell anyone about this investigation. A digital arrest warrant has been issued and police will arrive.,True,False,6,1
+919432849986,1297,,Your grocery delivery will arrive between four and five. Please call me when you reach home safely.,False,False,0,0
+918837903392,1522,,Do not disconnect the call or tell anyone about this investigation. Transfer all funds immediately to the verification account. A customs parcel in your name contains illegal items.,False,False,12,1
+918608191459,391,,Transfer all funds immediately to the verification account. A customs parcel in your name contains illegal items.,True,True,8,1
+918008910360,1716,digital arrest,A digital arrest warrant has been issued and police will arrive. Do not disconnect the call or tell anyone about this investigation.,False,False,5,1
+918448075884,1490,cbi|aadhaar,Transfer all funds immediately to the verification account. I am calling from CBI and your Aadhaar has been linked to money laundering.,False,True,7,1
+918831661413,717,,Your grocery delivery will arrive between four and five.,False,False,1,0
+916261082031,61,,Please call me when you reach home safely.,False,False,1,0
+919814455659,2144,cbi|aadhaar,A customs parcel in your name contains illegal items. I am calling from CBI and your Aadhaar has been linked to money laundering.,False,True,9,1
+917676823435,463,,Please call me when you reach home safely.,False,False,1,0
+916451540856,1374,,Your appointment is confirmed for next Monday. Can we move tomorrow's project meeting to the afternoon?,False,False,1,0
+919213358284,2245,,Can we move tomorrow's project meeting to the afternoon?,False,False,1,0
+919151992179,2327,,Your appointment is confirmed for next Monday.,False,False,1,0
+917042443262,239,cbi|aadhaar|digital arrest,I am calling from CBI and your Aadhaar has been linked to money laundering. Transfer all funds immediately to the verification account. A digital arrest warrant has been issued and police will arrive.,False,True,1,1
+917018817471,2063,,Your grocery delivery will arrive between four and five.,False,False,1,0
+918937719129,1064,,The bank branch is closed today due to a public holiday. Your appointment is confirmed for next Monday.,False,False,1,0
+916731675113,1775,cbi|aadhaar,I am calling from CBI and your Aadhaar has been linked to money laundering.,True,False,10,1
+919301078553,1881,,The bank branch is closed today due to a public holiday. Can we move tomorrow's project meeting to the afternoon?,False,False,1,0
+919437400574,1091,,Please call me when you reach home safely.,False,False,0,0
+918691547167,2355,,Your appointment is confirmed for next Monday.,False,False,1,0
+919248403569,943,digital arrest,A digital arrest warrant has been issued and police will arrive. A customs parcel in your name contains illegal items. Do not disconnect the call or tell anyone about this investigation.,False,True,6,1
+919538242462,923,cbi|aadhaar|digital arrest,A digital arrest warrant has been issued and police will arrive. I am calling from CBI and your Aadhaar has been linked to money laundering.,False,True,9,1
+918800983294,430,,Can we move tomorrow's project meeting to the afternoon? Your grocery delivery will arrive between four and five.,False,False,1,0
+917358510802,134,,Please call me when you reach home safely. Your grocery delivery will arrive between four and five.,False,False,0,0
+919073034276,2082,digital arrest,A digital arrest warrant has been issued and police will arrive. Do not disconnect the call or tell anyone about this investigation. A customs parcel in your name contains illegal items.,True,True,3,1
+918380810453,1394,,A customs parcel in your name contains illegal items.,False,True,10,1
+918935080536,1638,,Do not disconnect the call or tell anyone about this investigation.,True,False,3,1
+917222963935,1875,,Transfer all funds immediately to the verification account.,True,False,1,1
+916549579388,1036,,Can we move tomorrow's project meeting to the afternoon?,False,False,0,0
+917348462169,1537,,A customs parcel in your name contains illegal items. Transfer all funds immediately to the verification account.,True,False,0,1
+917080083140,331,,Do not disconnect the call or tell anyone about this investigation.,True,True,7,1
+919432518197,1634,,The bank branch is closed today due to a public holiday. Your appointment is confirmed for next Monday.,False,False,1,0
+918907696310,88,digital arrest,A digital arrest warrant has been issued and police will arrive. Do not disconnect the call or tell anyone about this investigation. Transfer all funds immediately to the verification account.,False,True,11,1
+919892751308,2246,cbi|aadhaar,A customs parcel in your name contains illegal items. I am calling from CBI and your Aadhaar has been linked to money laundering.,False,False,0,1
+917271480466,1190,,The bank branch is closed today due to a public holiday.,False,False,1,0
+917593340021,1544,,Your grocery delivery will arrive between four and five.,False,False,1,0
+916911589548,1393,,Your grocery delivery will arrive between four and five. Can we move tomorrow's project meeting to the afternoon?,False,False,1,0
+916587974421,2029,digital arrest,A digital arrest warrant has been issued and police will arrive. Transfer all funds immediately to the verification account.,True,True,0,1
+916151894319,149,,The bank branch is closed today due to a public holiday.,False,False,1,0
+919096124712,612,,Please call me when you reach home safely.,False,False,1,0
+917608571512,1411,cbi|aadhaar,I am calling from CBI and your Aadhaar has been linked to money laundering. Do not disconnect the call or tell anyone about this investigation. Transfer all funds immediately to the verification account.,False,True,1,1
+919097969022,304,cbi|aadhaar|digital arrest,A digital arrest warrant has been issued and police will arrive. I am calling from CBI and your Aadhaar has been linked to money laundering.,False,True,8,1
+916889944630,885,,Your grocery delivery will arrive between four and five.,False,False,0,0
+919918575662,499,,Please call me when you reach home safely. Your appointment is confirmed for next Monday.,False,False,0,0
+918526154566,327,,Can we move tomorrow's project meeting to the afternoon?,False,False,0,0
+918063233313,378,digital arrest,A digital arrest warrant has been issued and police will arrive. Do not disconnect the call or tell anyone about this investigation.,True,True,6,1
+919798729163,625,,Your grocery delivery will arrive between four and five.,False,False,0,0
+919347513884,251,,The bank branch is closed today due to a public holiday. Can we move tomorrow's project meeting to the afternoon?,False,False,1,0
+919825373279,2272,,Please call me when you reach home safely. Your appointment is confirmed for next Monday.,False,False,0,0
+918979425747,135,,Do not disconnect the call or tell anyone about this investigation.,False,True,11,1
+919872070952,1222,,Please call me when you reach home safely.,False,False,0,0
+919181074585,1138,,Your appointment is confirmed for next Monday. The bank branch is closed today due to a public holiday.,False,False,0,0
+918984033709,1082,cbi|aadhaar,A customs parcel in your name contains illegal items. I am calling from CBI and your Aadhaar has been linked to money laundering. Transfer all funds immediately to the verification account.,False,True,5,1
+916934236632,1885,,The bank branch is closed today due to a public holiday.,False,False,1,0
+917896308983,44,,Please call me when you reach home safely. The bank branch is closed today due to a public holiday.,False,False,0,0
+918010485863,1906,,Please call me when you reach home safely. The bank branch is closed today due to a public holiday.,False,False,1,0
+916657787900,2265,cbi|aadhaar,I am calling from CBI and your Aadhaar has been linked to money laundering. Do not disconnect the call or tell anyone about this investigation.,True,False,1,1
+918950717293,321,digital arrest,A digital arrest warrant has been issued and police will arrive.,False,False,3,1
+916005625577,1429,,Your grocery delivery will arrive between four and five. Please call me when you reach home safely.,False,False,0,0
+918331088102,2140,cbi|aadhaar|digital arrest,A digital arrest warrant has been issued and police will arrive. A customs parcel in your name contains illegal items. I am calling from CBI and your Aadhaar has been linked to money laundering.,True,False,12,1
+916619958071,1939,digital arrest,A customs parcel in your name contains illegal items. A digital arrest warrant has been issued and police will arrive. Do not disconnect the call or tell anyone about this investigation.,False,True,1,1
+918940816723,1508,,Do not disconnect the call or tell anyone about this investigation.,True,True,1,1
+916367648793,2308,cbi|aadhaar,Transfer all funds immediately to the verification account. I am calling from CBI and your Aadhaar has been linked to money laundering. Do not disconnect the call or tell anyone about this investigation.,False,True,0,1
+916005045205,2137,,Your grocery delivery will arrive between four and five. Your appointment is confirmed for next Monday.,False,False,1,0
+916169262881,1994,,Your grocery delivery will arrive between four and five. The bank branch is closed today due to a public holiday.,False,False,0,0
+916966090193,1769,,A customs parcel in your name contains illegal items.,False,True,0,1
+919003848265,651,,Your appointment is confirmed for next Monday. Please call me when you reach home safely.,False,False,1,0
+919978741339,2367,cbi|aadhaar,I am calling from CBI and your Aadhaar has been linked to money laundering.,False,True,2,1
+919120348548,753,cbi|aadhaar|digital arrest,I am calling from CBI and your Aadhaar has been linked to money laundering. A digital arrest warrant has been issued and police will arrive.,True,True,12,1
+918932078526,749,,Transfer all funds immediately to the verification account. A customs parcel in your name contains illegal items.,True,True,11,1
+917978744652,1397,digital arrest,Do not disconnect the call or tell anyone about this investigation. A customs parcel in your name contains illegal items. A digital arrest warrant has been issued and police will arrive.,False,True,1,1
+917092660809,714,,The bank branch is closed today due to a public holiday. Please call me when you reach home safely.,False,False,1,0
+917737157668,1194,digital arrest,A digital arrest warrant has been issued and police will arrive. Transfer all funds immediately to the verification account. A customs parcel in your name contains illegal items.,True,True,0,1
+916169004262,1530,,Please call me when you reach home safely.,False,False,1,0
+919354269323,971,,Can we move tomorrow's project meeting to the afternoon?,False,False,1,0
+918291679464,501,,Your appointment is confirmed for next Monday. Please call me when you reach home safely.,False,False,1,0
+917475342916,2063,,Your appointment is confirmed for next Monday.,False,False,1,0
+918237527611,1251,,The bank branch is closed today due to a public holiday. Your grocery delivery will arrive between four and five.,False,False,1,0
+916908123093,1412,cbi|aadhaar,I am calling from CBI and your Aadhaar has been linked to money laundering. Transfer all funds immediately to the verification account. Do not disconnect the call or tell anyone about this investigation.,True,True,1,1
+918650865297,2395,cbi|aadhaar,I am calling from CBI and your Aadhaar has been linked to money laundering. Transfer all funds immediately to the verification account. Do not disconnect the call or tell anyone about this investigation.,True,True,6,1
+916469355414,428,,Transfer all funds immediately to the verification account. Do not disconnect the call or tell anyone about this investigation.,False,False,8,1
+918294509527,1055,digital arrest,A digital arrest warrant has been issued and police will arrive.,True,False,12,1
+917533156645,2392,digital arrest,A digital arrest warrant has been issued and police will arrive. Transfer all funds immediately to the verification account. A customs parcel in your name contains illegal items.,True,True,3,1
+916852807132,1156,cbi|aadhaar,I am calling from CBI and your Aadhaar has been linked to money laundering.,False,False,1,1
+916634782016,1744,,Your grocery delivery will arrive between four and five.,False,False,0,0
+919548649570,701,cbi|aadhaar,Do not disconnect the call or tell anyone about this investigation. I am calling from CBI and your Aadhaar has been linked to money laundering.,False,True,6,1
+919667322951,1184,cbi|aadhaar|digital arrest,A digital arrest warrant has been issued and police will arrive. I am calling from CBI and your Aadhaar has been linked to money laundering.,True,False,0,1
+916021130661,1237,,Please call me when you reach home safely. The bank branch is closed today due to a public holiday.,False,False,1,0
+919411929256,768,cbi|aadhaar,I am calling from CBI and your Aadhaar has been linked to money laundering. A customs parcel in your name contains illegal items.,True,False,1,1
+917478057607,620,,Do not disconnect the call or tell anyone about this investigation. A customs parcel in your name contains illegal items.,False,False,1,1
+918532657511,2249,,Please call me when you reach home safely. Your appointment is confirmed for next Monday.,False,False,1,0
+918202120158,1086,,The bank branch is closed today due to a public holiday. Your appointment is confirmed for next Monday.,False,False,1,0
+916018345525,503,,Can we move tomorrow's project meeting to the afternoon?,False,False,1,0
+917786486712,43,,Your appointment is confirmed for next Monday.,False,False,0,0
+918849660375,292,,Can we move tomorrow's project meeting to the afternoon? Please call me when you reach home safely.,False,False,1,0
+916476225616,657,,Please call me when you reach home safely. Can we move tomorrow's project meeting to the afternoon?,False,False,0,0
+917812185521,1461,,The bank branch is closed today due to a public holiday. Please call me when you reach home safely.,False,False,0,0
+918381062911,1676,,The bank branch is closed today due to a public holiday.,False,False,1,0
+917799099862,1403,cbi|aadhaar,I am calling from CBI and your Aadhaar has been linked to money laundering.,False,True,1,1
+917930633675,1256,cbi|aadhaar,Do not disconnect the call or tell anyone about this investigation. I am calling from CBI and your Aadhaar has been linked to money laundering.,True,False,3,1
+916695574533,1194,,Do not disconnect the call or tell anyone about this investigation. A customs parcel in your name contains illegal items.,True,True,7,1
+919435118024,460,,Please call me when you reach home safely. Can we move tomorrow's project meeting to the afternoon?,False,False,0,0
+919427153264,224,cbi|aadhaar,I am calling from CBI and your Aadhaar has been linked to money laundering. A customs parcel in your name contains illegal items. Transfer all funds immediately to the verification account.,False,True,1,1
+917617952752,978,digital arrest,Transfer all funds immediately to the verification account. A digital arrest warrant has been issued and police will arrive.,True,True,1,1
+916756002682,1416,cbi|aadhaar|digital arrest,I am calling from CBI and your Aadhaar has been linked to money laundering. A digital arrest warrant has been issued and police will arrive.,True,False,9,1
+919582780551,1146,,Please call me when you reach home safely. Your grocery delivery will arrive between four and five.,False,False,1,0
+917928472617,177,,Can we move tomorrow's project meeting to the afternoon? Your appointment is confirmed for next Monday.,False,False,1,0
+918320974712,2305,,Do not disconnect the call or tell anyone about this investigation.,False,False,0,1
+917857963214,1593,digital arrest,Do not disconnect the call or tell anyone about this investigation. A digital arrest warrant has been issued and police will arrive. Transfer all funds immediately to the verification account.,True,True,1,1
+918341358726,1624,,Please call me when you reach home safely.,False,False,1,0
+918272829211,1925,,Can we move tomorrow's project meeting to the afternoon? Please call me when you reach home safely.,False,False,0,0
+918172475907,2008,,Can we move tomorrow's project meeting to the afternoon?,False,False,0,0
+918859752797,2229,cbi|aadhaar,A customs parcel in your name contains illegal items. I am calling from CBI and your Aadhaar has been linked to money laundering.,True,True,0,1
+918793335420,558,digital arrest,Transfer all funds immediately to the verification account. A digital arrest warrant has been issued and police will arrive. Do not disconnect the call or tell anyone about this investigation.,False,True,7,1
+917093883260,1384,,Please call me when you reach home safely. Your grocery delivery will arrive between four and five.,False,False,0,0
+919332676145,1923,,Can we move tomorrow's project meeting to the afternoon? Your grocery delivery will arrive between four and five.,False,False,0,0
+919503897483,1865,,Can we move tomorrow's project meeting to the afternoon?,False,False,1,0
+917450630146,1219,cbi|aadhaar,Do not disconnect the call or tell anyone about this investigation. Transfer all funds immediately to the verification account. I am calling from CBI and your Aadhaar has been linked to money laundering.,False,True,0,1
+919832713096,1906,,Your appointment is confirmed for next Monday.,False,False,1,0
+916296999187,1503,,A customs parcel in your name contains illegal items.,False,True,9,1
+919752742902,1436,digital arrest,A customs parcel in your name contains illegal items. A digital arrest warrant has been issued and police will arrive.,True,False,7,1
+916980386833,878,digital arrest,A digital arrest warrant has been issued and police will arrive. Transfer all funds immediately to the verification account.,True,True,1,1
+918296343109,1935,,Do not disconnect the call or tell anyone about this investigation.,False,True,10,1
+917124295236,1311,,A customs parcel in your name contains illegal items.,False,True,0,1
+916136467224,2029,,Can we move tomorrow's project meeting to the afternoon? Please call me when you reach home safely.,False,False,1,0
+916553078057,223,,Can we move tomorrow's project meeting to the afternoon? Your grocery delivery will arrive between four and five.,False,False,0,0
+919098134588,2096,,Your grocery delivery will arrive between four and five.,False,False,0,0
+917528380059,1767,,Can we move tomorrow's project meeting to the afternoon? Your appointment is confirmed for next Monday.,False,False,0,0
+916938277142,876,cbi|aadhaar|digital arrest,I am calling from CBI and your Aadhaar has been linked to money laundering. A digital arrest warrant has been issued and police will arrive. Transfer all funds immediately to the verification account.,True,True,0,1
+917968745166,116,,The bank branch is closed today due to a public holiday.,False,False,1,0
+917369107268,1590,,Can we move tomorrow's project meeting to the afternoon? Please call me when you reach home safely.,False,False,0,0
+918124451523,1425,digital arrest,Transfer all funds immediately to the verification account. A customs parcel in your name contains illegal items. A digital arrest warrant has been issued and police will arrive.,True,True,1,1
+917392471939,1013,,The bank branch is closed today due to a public holiday. Your grocery delivery will arrive between four and five.,False,False,1,0
+919607089730,1202,cbi|aadhaar|digital arrest,I am calling from CBI and your Aadhaar has been linked to money laundering. A customs parcel in your name contains illegal items. A digital arrest warrant has been issued and police will arrive.,False,False,6,1
+919174275223,1533,,Can we move tomorrow's project meeting to the afternoon? The bank branch is closed today due to a public holiday.,False,False,0,0
+917693752954,1313,,Your appointment is confirmed for next Monday. Can we move tomorrow's project meeting to the afternoon?,False,False,0,0
+919051714037,1241,cbi|aadhaar|digital arrest,Do not disconnect the call or tell anyone about this investigation. I am calling from CBI and your Aadhaar has been linked to money laundering. A digital arrest warrant has been issued and police will arrive.,True,True,1,1
+917656643164,1103,cbi|aadhaar,I am calling from CBI and your Aadhaar has been linked to money laundering.,True,True,0,1
+917556393419,1021,digital arrest,A digital arrest warrant has been issued and police will arrive. Do not disconnect the call or tell anyone about this investigation. A customs parcel in your name contains illegal items.,True,False,0,1
+916041261412,738,,The bank branch is closed today due to a public holiday.,False,False,1,0
+918473362228,1056,,Can we move tomorrow's project meeting to the afternoon? The bank branch is closed today due to a public holiday.,False,False,0,0
+917553478533,704,,Your appointment is confirmed for next Monday.,False,False,0,0
+919973158140,1989,,Your grocery delivery will arrive between four and five.,False,False,1,0
+916035051552,383,,Do not disconnect the call or tell anyone about this investigation.,True,True,1,1
+919182632949,985,,Can we move tomorrow's project meeting to the afternoon?,False,False,1,0
+918677537371,1801,cbi|aadhaar,A customs parcel in your name contains illegal items. I am calling from CBI and your Aadhaar has been linked to money laundering.,False,False,10,1
+916797315541,2051,,Your appointment is confirmed for next Monday. Please call me when you reach home safely.,False,False,0,0
+916111325163,707,,Your grocery delivery will arrive between four and five.,False,False,0,0
+916961163542,191,,Your appointment is confirmed for next Monday.,False,False,0,0
+918654586415,2183,,Your appointment is confirmed for next Monday. Your grocery delivery will arrive between four and five.,False,False,0,0
+917548179486,676,cbi|aadhaar|digital arrest,A digital arrest warrant has been issued and police will arrive. I am calling from CBI and your Aadhaar has been linked to money laundering. Transfer all funds immediately to the verification account.,True,True,7,1
+918203906411,661,,Your appointment is confirmed for next Monday.,False,False,0,0
+917851294667,1663,,A customs parcel in your name contains illegal items. Do not disconnect the call or tell anyone about this investigation.,True,True,3,1
+916048727172,921,,Please call me when you reach home safely.,False,False,0,0
+919813314740,2103,,Your appointment is confirmed for next Monday.,False,False,0,0
+919101726447,873,,Transfer all funds immediately to the verification account.,False,True,0,1
+917846223183,143,,Transfer all funds immediately to the verification account.,False,True,1,1
+917489290369,658,digital arrest,A customs parcel in your name contains illegal items. A digital arrest warrant has been issued and police will arrive. Do not disconnect the call or tell anyone about this investigation.,True,True,12,1
+919545536654,1575,,Can we move tomorrow's project meeting to the afternoon? Your appointment is confirmed for next Monday.,False,False,0,0
+919662646849,254,cbi|aadhaar,I am calling from CBI and your Aadhaar has been linked to money laundering. Do not disconnect the call or tell anyone about this investigation.,True,True,0,1
+919692442043,872,,Your grocery delivery will arrive between four and five. Can we move tomorrow's project meeting to the afternoon?,False,False,1,0
+919925588816,1655,cbi|aadhaar|digital arrest,I am calling from CBI and your Aadhaar has been linked to money laundering. A digital arrest warrant has been issued and police will arrive.,True,True,10,1
+918963621000,1919,,Can we move tomorrow's project meeting to the afternoon?,False,False,0,0
+916208547143,2321,cbi|aadhaar,Transfer all funds immediately to the verification account. I am calling from CBI and your Aadhaar has been linked to money laundering. A customs parcel in your name contains illegal items.,True,True,2,1
+917744705112,1412,,Transfer all funds immediately to the verification account.,False,False,1,1
+917045420091,1947,,The bank branch is closed today due to a public holiday. Can we move tomorrow's project meeting to the afternoon?,False,False,0,0
+919922740554,2248,,Can we move tomorrow's project meeting to the afternoon? Your appointment is confirmed for next Monday.,False,False,1,0
+919737767336,491,digital arrest,A digital arrest warrant has been issued and police will arrive. Transfer all funds immediately to the verification account.,True,True,1,1
+918230721134,706,,Your grocery delivery will arrive between four and five. Can we move tomorrow's project meeting to the afternoon?,False,False,1,0
+919771129187,2334,digital arrest,A digital arrest warrant has been issued and police will arrive. Do not disconnect the call or tell anyone about this investigation.,False,True,8,1
+917766067100,1075,digital arrest,A digital arrest warrant has been issued and police will arrive.,True,False,5,1
+919056776522,1118,,A customs parcel in your name contains illegal items. Transfer all funds immediately to the verification account.,True,True,12,1
+917429864863,1443,,Do not disconnect the call or tell anyone about this investigation.,False,True,4,1
+917117327584,1497,,Please call me when you reach home safely. Your grocery delivery will arrive between four and five.,False,False,0,0
+916341326064,1544,cbi|aadhaar,I am calling from CBI and your Aadhaar has been linked to money laundering.,True,True,1,1
+916312208298,1726,,Can we move tomorrow's project meeting to the afternoon? Please call me when you reach home safely.,False,False,0,0
+918217908330,711,cbi|aadhaar,A customs parcel in your name contains illegal items. I am calling from CBI and your Aadhaar has been linked to money laundering.,True,True,1,1
+917628152675,1466,,The bank branch is closed today due to a public holiday. Your appointment is confirmed for next Monday.,False,False,1,0
+919345125889,978,digital arrest,A digital arrest warrant has been issued and police will arrive. Do not disconnect the call or tell anyone about this investigation.,True,False,5,1
+918946285776,1319,cbi|aadhaar,I am calling from CBI and your Aadhaar has been linked to money laundering. Do not disconnect the call or tell anyone about this investigation.,True,True,11,1
+919655991381,383,,Transfer all funds immediately to the verification account. A customs parcel in your name contains illegal items. Do not disconnect the call or tell anyone about this investigation.,True,False,4,1
+919330473622,643,,Can we move tomorrow's project meeting to the afternoon?,False,False,1,0
+918950595360,544,,Your appointment is confirmed for next Monday. Please call me when you reach home safely.,False,False,1,0
+918298148101,1535,,Can we move tomorrow's project meeting to the afternoon? Please call me when you reach home safely.,False,False,0,0
+917110840715,150,,Please call me when you reach home safely. Your grocery delivery will arrive between four and five.,False,False,0,0
+916142362361,2256,,Please call me when you reach home safely.,False,False,1,0
+918413655316,1144,cbi|aadhaar,Transfer all funds immediately to the verification account. I am calling from CBI and your Aadhaar has been linked to money laundering. A customs parcel in your name contains illegal items.,True,True,9,1
+918967939897,1750,,Please call me when you reach home safely. Your grocery delivery will arrive between four and five.,False,False,0,0
+917526429060,1074,digital arrest,Transfer all funds immediately to the verification account. A digital arrest warrant has been issued and police will arrive. A customs parcel in your name contains illegal items.,True,True,3,1
+916593513679,376,,Your appointment is confirmed for next Monday. The bank branch is closed today due to a public holiday.,False,False,1,0
+918038609060,1434,,The bank branch is closed today due to a public holiday. Please call me when you reach home safely.,False,False,0,0
+919813641442,303,cbi|aadhaar,I am calling from CBI and your Aadhaar has been linked to money laundering.,False,False,12,1
+917369769155,784,,Transfer all funds immediately to the verification account. A customs parcel in your name contains illegal items.,True,False,5,1
+917814892544,1170,,Can we move tomorrow's project meeting to the afternoon? Your appointment is confirmed for next Monday.,False,False,0,0
+918388799329,453,cbi|aadhaar|digital arrest,I am calling from CBI and your Aadhaar has been linked to money laundering. A digital arrest warrant has been issued and police will arrive.,True,True,8,1
+916321659610,1010,,The bank branch is closed today due to a public holiday. Please call me when you reach home safely.,False,False,1,0
+919030588778,1034,cbi|aadhaar|digital arrest,Transfer all funds immediately to the verification account. A digital arrest warrant has been issued and police will arrive. I am calling from CBI and your Aadhaar has been linked to money laundering.,True,True,1,1
+918896968058,2220,digital arrest,A digital arrest warrant has been issued and police will arrive.,False,True,4,1
+916207351620,597,,Please call me when you reach home safely. Your grocery delivery will arrive between four and five.,False,False,0,0
+918406760661,562,digital arrest,A customs parcel in your name contains illegal items. A digital arrest warrant has been issued and police will arrive.,False,True,2,1
+916161143660,2167,,Your appointment is confirmed for next Monday.,False,False,1,0
+916512218966,341,cbi|aadhaar,I am calling from CBI and your Aadhaar has been linked to money laundering. A customs parcel in your name contains illegal items. Transfer all funds immediately to the verification account.,True,False,2,1
+918476316483,1903,cbi|aadhaar,A customs parcel in your name contains illegal items. I am calling from CBI and your Aadhaar has been linked to money laundering.,True,True,0,1
+916793386411,1017,cbi|aadhaar,Transfer all funds immediately to the verification account. A customs parcel in your name contains illegal items. I am calling from CBI and your Aadhaar has been linked to money laundering.,True,False,1,1
+916020323211,261,,The bank branch is closed today due to a public holiday. Please call me when you reach home safely.,False,False,1,0
+917040457766,736,,Can we move tomorrow's project meeting to the afternoon?,False,False,1,0
+917744525222,2008,digital arrest,A digital arrest warrant has been issued and police will arrive.,False,False,0,1
+916637384082,2246,,Please call me when you reach home safely. Your appointment is confirmed for next Monday.,False,False,0,0
+919560290580,2369,,Your appointment is confirmed for next Monday.,False,False,0,0
+916465648990,34,,A customs parcel in your name contains illegal items.,False,True,11,1
+919482113012,1037,cbi|aadhaar,A customs parcel in your name contains illegal items. I am calling from CBI and your Aadhaar has been linked to money laundering. Transfer all funds immediately to the verification account.,True,True,1,1
+916157129039,2072,,Please call me when you reach home safely. Can we move tomorrow's project meeting to the afternoon?,False,False,0,0
+917172364686,2096,,Your appointment is confirmed for next Monday.,False,False,0,0
+918938250312,750,digital arrest,A customs parcel in your name contains illegal items. A digital arrest warrant has been issued and police will arrive. Transfer all funds immediately to the verification account.,False,False,8,1
+916572225694,1779,digital arrest,Transfer all funds immediately to the verification account. A digital arrest warrant has been issued and police will arrive.,True,True,1,1
+917165852841,2071,cbi|aadhaar,I am calling from CBI and your Aadhaar has been linked to money laundering. Do not disconnect the call or tell anyone about this investigation.,True,False,8,1
+916262036500,791,,Do not disconnect the call or tell anyone about this investigation.,True,False,3,1
+919882773164,1077,cbi|aadhaar,Do not disconnect the call or tell anyone about this investigation. I am calling from CBI and your Aadhaar has been linked to money laundering. A customs parcel in your name contains illegal items.,True,True,12,1
+916043418245,165,,Please call me when you reach home safely. Can we move tomorrow's project meeting to the afternoon?,False,False,0,0
+917472441814,630,cbi|aadhaar,I am calling from CBI and your Aadhaar has been linked to money laundering. A customs parcel in your name contains illegal items.,False,True,2,1
+916859447305,2005,,A customs parcel in your name contains illegal items. Transfer all funds immediately to the verification account.,False,False,6,1
+919610187813,889,,Your grocery delivery will arrive between four and five.,False,False,1,0
+916584128476,2047,,Your appointment is confirmed for next Monday. Can we move tomorrow's project meeting to the afternoon?,False,False,0,0
+916684363811,2158,digital arrest,Do not disconnect the call or tell anyone about this investigation. A digital arrest warrant has been issued and police will arrive.,True,False,6,1
+918489921710,881,,A customs parcel in your name contains illegal items.,True,True,0,1
+918976096020,1308,,A customs parcel in your name contains illegal items.,True,True,0,1
+916820714100,985,,Do not disconnect the call or tell anyone about this investigation.,False,True,0,1
+917576830014,1662,digital arrest,A digital arrest warrant has been issued and police will arrive.,False,True,0,1
+919826180117,2272,,The bank branch is closed today due to a public holiday.,False,False,1,0
+918756156130,1552,,Do not disconnect the call or tell anyone about this investigation. A customs parcel in your name contains illegal items.,False,False,9,1
+918454001859,1609,,Please call me when you reach home safely.,False,False,1,0
+917319255857,1268,,The bank branch is closed today due to a public holiday. Your appointment is confirmed for next Monday.,False,False,1,0
+918859107327,2239,,The bank branch is closed today due to a public holiday.,False,False,1,0
+918702560857,1874,digital arrest,Do not disconnect the call or tell anyone about this investigation. A customs parcel in your name contains illegal items. A digital arrest warrant has been issued and police will arrive.,True,False,4,1
+917129894017,573,,Your appointment is confirmed for next Monday. The bank branch is closed today due to a public holiday.,False,False,0,0
+918635431194,1949,,Can we move tomorrow's project meeting to the afternoon?,False,False,1,0
+918978069123,1554,,Can we move tomorrow's project meeting to the afternoon?,True,False,0,0
+919426816164,1516,digital arrest,A digital arrest warrant has been issued and police will arrive. Transfer all funds immediately to the verification account. A customs parcel in your name contains illegal items.,False,False,1,1
+916050179540,1652,,Can we move tomorrow's project meeting to the afternoon?,False,False,1,0
+916958439126,1249,,Your grocery delivery will arrive between four and five. Please call me when you reach home safely.,False,False,1,0
+919110239352,394,digital arrest,A digital arrest warrant has been issued and police will arrive. A customs parcel in your name contains illegal items.,False,True,9,1
+916655858482,452,,Transfer all funds immediately to the verification account. Do not disconnect the call or tell anyone about this investigation. A customs parcel in your name contains illegal items.,True,True,8,1
+916884326151,2376,,Can we move tomorrow's project meeting to the afternoon? Please call me when you reach home safely.,False,False,1,0
+916863557316,2308,digital arrest,A digital arrest warrant has been issued and police will arrive. Transfer all funds immediately to the verification account. A customs parcel in your name contains illegal items.,True,True,10,1
+916852063001,335,,Transfer all funds immediately to the verification account. A customs parcel in your name contains illegal items. Do not disconnect the call or tell anyone about this investigation.,True,True,11,1
+916067431774,629,cbi|aadhaar,I am calling from CBI and your Aadhaar has been linked to money laundering.,False,False,12,1
+916951109039,717,,Please call me when you reach home safely.,False,False,1,0
+919943313333,2098,digital arrest,Do not disconnect the call or tell anyone about this investigation. A digital arrest warrant has been issued and police will arrive.,True,True,12,1
+916021854520,423,,Please call me when you reach home safely.,False,False,1,0
+919123544927,123,,Transfer all funds immediately to the verification account.,False,True,7,1
+918394961745,2368,digital arrest,Do not disconnect the call or tell anyone about this investigation. A customs parcel in your name contains illegal items. A digital arrest warrant has been issued and police will arrive.,False,False,8,1
+917850037768,268,digital arrest,A digital arrest warrant has been issued and police will arrive. Transfer all funds immediately to the verification account.,False,True,1,1
+918128795562,426,,Your appointment is confirmed for next Monday.,False,False,0,0
+919074219188,1143,cbi|aadhaar,Transfer all funds immediately to the verification account. I am calling from CBI and your Aadhaar has been linked to money laundering. A customs parcel in your name contains illegal items.,True,False,8,1
+918957798618,987,,The bank branch is closed today due to a public holiday. Please call me when you reach home safely.,False,False,0,0
+918152523554,2375,,The bank branch is closed today due to a public holiday.,True,False,0,0
+919839395824,1270,cbi|aadhaar,Transfer all funds immediately to the verification account. I am calling from CBI and your Aadhaar has been linked to money laundering.,False,True,8,1
+918603738763,1681,digital arrest,A digital arrest warrant has been issued and police will arrive. Do not disconnect the call or tell anyone about this investigation. A customs parcel in your name contains illegal items.,True,True,5,1
+919207938772,1354,,Please call me when you reach home safely.,False,False,0,0
+916710385701,1116,digital arrest,A digital arrest warrant has been issued and police will arrive. A customs parcel in your name contains illegal items. Do not disconnect the call or tell anyone about this investigation.,False,False,10,1
+916759367856,489,,Transfer all funds immediately to the verification account.,True,True,7,1
+918238163307,2266,cbi|aadhaar,A customs parcel in your name contains illegal items. I am calling from CBI and your Aadhaar has been linked to money laundering.,True,True,1,1
+918522887301,270,,A customs parcel in your name contains illegal items. Transfer all funds immediately to the verification account.,True,False,1,1
+919185480862,365,,Transfer all funds immediately to the verification account. A customs parcel in your name contains illegal items.,True,True,10,1
+919505328525,1689,,Transfer all funds immediately to the verification account.,False,False,4,1
+916182128755,1269,,Your appointment is confirmed for next Monday. Your grocery delivery will arrive between four and five.,False,False,0,0
+917601193256,566,,Can we move tomorrow's project meeting to the afternoon?,False,False,0,0
+916001390320,136,cbi|aadhaar|digital arrest,A customs parcel in your name contains illegal items. I am calling from CBI and your Aadhaar has been linked to money laundering. A digital arrest warrant has been issued and police will arrive.,True,True,1,1
+919674633006,1235,cbi|aadhaar,Do not disconnect the call or tell anyone about this investigation. I am calling from CBI and your Aadhaar has been linked to money laundering.,False,True,1,1
+919913662885,1565,,Your appointment is confirmed for next Monday.,False,False,0,0
+919922796759,1673,cbi|aadhaar,I am calling from CBI and your Aadhaar has been linked to money laundering. Transfer all funds immediately to the verification account. A customs parcel in your name contains illegal items.,False,True,10,1
+916518892784,2387,,The bank branch is closed today due to a public holiday.,False,False,1,0
+918286016907,1824,,Your appointment is confirmed for next Monday.,False,False,1,0
+918621303138,634,cbi|aadhaar,A customs parcel in your name contains illegal items. I am calling from CBI and your Aadhaar has been linked to money laundering. Do not disconnect the call or tell anyone about this investigation.,False,True,1,1
+919944536887,445,digital arrest,A digital arrest warrant has been issued and police will arrive.,False,True,1,1
+917516185223,698,cbi|aadhaar|digital arrest,Do not disconnect the call or tell anyone about this investigation. A digital arrest warrant has been issued and police will arrive. I am calling from CBI and your Aadhaar has been linked to money laundering.,False,True,4,1
+918904353432,329,cbi|aadhaar|digital arrest,I am calling from CBI and your Aadhaar has been linked to money laundering. A digital arrest warrant has been issued and police will arrive.,False,True,0,1
+918323153406,58,digital arrest,A digital arrest warrant has been issued and police will arrive. Transfer all funds immediately to the verification account.,True,True,12,1
+919937840916,273,,Do not disconnect the call or tell anyone about this investigation. A customs parcel in your name contains illegal items. Transfer all funds immediately to the verification account.,False,True,1,1
+918106194537,412,,Your grocery delivery will arrive between four and five. Please call me when you reach home safely.,False,False,1,0
+916565903503,972,cbi|aadhaar|digital arrest,I am calling from CBI and your Aadhaar has been linked to money laundering. A digital arrest warrant has been issued and police will arrive.,False,True,2,1
+916782154970,1359,,Can we move tomorrow's project meeting to the afternoon?,False,False,0,0
+917843361454,647,,Your appointment is confirmed for next Monday. Can we move tomorrow's project meeting to the afternoon?,False,False,0,0
+919632762653,112,,Your appointment is confirmed for next Monday. Please call me when you reach home safely.,False,False,0,0
+919694436173,2272,,Your appointment is confirmed for next Monday.,False,False,1,0
+916210252343,919,,Transfer all funds immediately to the verification account.,False,True,2,1
+919822335337,2310,,A customs parcel in your name contains illegal items.,False,False,0,1
+917102322122,186,cbi|aadhaar,A customs parcel in your name contains illegal items. I am calling from CBI and your Aadhaar has been linked to money laundering. Transfer all funds immediately to the verification account.,False,False,1,1
+918422030808,1363,,The bank branch is closed today due to a public holiday.,False,False,1,0
+918536704581,1391,,Your grocery delivery will arrive between four and five. Please call me when you reach home safely.,False,False,0,0
+918973452332,1900,,Please call me when you reach home safely.,False,False,0,0
+916174468393,2025,digital arrest,A digital arrest warrant has been issued and police will arrive. Do not disconnect the call or tell anyone about this investigation. Transfer all funds immediately to the verification account.,True,True,1,1
+918856821503,95,,Your grocery delivery will arrive between four and five. The bank branch is closed today due to a public holiday.,False,False,0,0
+918693377242,2215,cbi|aadhaar|digital arrest,A customs parcel in your name contains illegal items. A digital arrest warrant has been issued and police will arrive. I am calling from CBI and your Aadhaar has been linked to money laundering.,True,True,4,1
+916411140974,1630,cbi|aadhaar|digital arrest,A digital arrest warrant has been issued and police will arrive. I am calling from CBI and your Aadhaar has been linked to money laundering.,False,True,1,1
+918016114420,1232,,Can we move tomorrow's project meeting to the afternoon? Please call me when you reach home safely.,False,False,0,0
+919464484176,1856,cbi|aadhaar,Transfer all funds immediately to the verification account. I am calling from CBI and your Aadhaar has been linked to money laundering. A customs parcel in your name contains illegal items.,False,True,1,1
+919298507734,806,,A customs parcel in your name contains illegal items. Do not disconnect the call or tell anyone about this investigation.,True,True,1,1
+918793734125,218,,Please call me when you reach home safely. Your appointment is confirmed for next Monday.,False,False,1,0
+916270177015,1520,,A customs parcel in your name contains illegal items.,False,True,1,1
+917174744048,764,,Do not disconnect the call or tell anyone about this investigation.,False,True,3,1
+918244036622,1295,cbi|aadhaar,A customs parcel in your name contains illegal items. I am calling from CBI and your Aadhaar has been linked to money laundering.,False,False,6,1
+919647393102,261,,Can we move tomorrow's project meeting to the afternoon? Your grocery delivery will arrive between four and five.,False,False,1,0
+916511217153,2139,,Transfer all funds immediately to the verification account. Do not disconnect the call or tell anyone about this investigation. A customs parcel in your name contains illegal items.,True,True,2,1
+917237616282,641,,The bank branch is closed today due to a public holiday.,False,False,0,0
+918485292405,1139,cbi|aadhaar|digital arrest,I am calling from CBI and your Aadhaar has been linked to money laundering. A digital arrest warrant has been issued and police will arrive. Transfer all funds immediately to the verification account.,False,False,3,1
+919903152061,337,,Your grocery delivery will arrive between four and five.,False,False,1,0
+918728056426,1937,digital arrest,A customs parcel in your name contains illegal items. Do not disconnect the call or tell anyone about this investigation. A digital arrest warrant has been issued and police will arrive.,False,False,0,1
+917834312219,2204,cbi|aadhaar,Do not disconnect the call or tell anyone about this investigation. Transfer all funds immediately to the verification account. I am calling from CBI and your Aadhaar has been linked to money laundering.,True,False,0,1
+916183114466,2351,cbi|aadhaar|digital arrest,A digital arrest warrant has been issued and police will arrive. I am calling from CBI and your Aadhaar has been linked to money laundering.,True,True,11,1
+917989274689,2157,,Please call me when you reach home safely.,False,False,1,0
+918164383431,1969,,Can we move tomorrow's project meeting to the afternoon? The bank branch is closed today due to a public holiday.,False,False,1,0
+918244886856,2213,,Do not disconnect the call or tell anyone about this investigation. A customs parcel in your name contains illegal items.,True,True,12,1
+917268852082,790,,Can we move tomorrow's project meeting to the afternoon? The bank branch is closed today due to a public holiday.,False,False,1,0
+917422144028,218,cbi|aadhaar|digital arrest,I am calling from CBI and your Aadhaar has been linked to money laundering. A digital arrest warrant has been issued and police will arrive.,False,True,0,1
+917125263340,1837,digital arrest,Do not disconnect the call or tell anyone about this investigation. A digital arrest warrant has been issued and police will arrive.,True,True,8,1
+919035550787,2080,cbi|aadhaar,I am calling from CBI and your Aadhaar has been linked to money laundering. Do not disconnect the call or tell anyone about this investigation.,True,True,8,1
+917346068287,880,,Your grocery delivery will arrive between four and five.,False,False,1,0
+918594921532,806,,Please call me when you reach home safely.,False,False,1,0
+916409232142,171,,Please call me when you reach home safely.,False,False,0,0
+918729753825,528,,Transfer all funds immediately to the verification account.,True,True,1,1
+917313792317,1473,digital arrest,Transfer all funds immediately to the verification account. A digital arrest warrant has been issued and police will arrive.,False,True,10,1
+916415257565,531,,Do not disconnect the call or tell anyone about this investigation.,False,False,10,1
+917856010151,1944,,Do not disconnect the call or tell anyone about this investigation.,True,True,1,1
+917295052588,2062,,Do not disconnect the call or tell anyone about this investigation.,True,True,1,1
+919151053131,2203,,Your appointment is confirmed for next Monday. Please call me when you reach home safely.,False,False,0,0
+919474619670,565,digital arrest,A digital arrest warrant has been issued and police will arrive. A customs parcel in your name contains illegal items.,True,False,12,1
+916933512785,1899,,Please call me when you reach home safely.,False,False,1,0
+918505561489,214,,Please call me when you reach home safely.,False,False,1,0
+917380801959,1111,,Do not disconnect the call or tell anyone about this investigation.,True,False,4,1
+916887939401,511,,Your grocery delivery will arrive between four and five. The bank branch is closed today due to a public holiday.,False,False,1,0
+917329953617,1913,,Please call me when you reach home safely.,False,False,1,0
+916949961156,1679,,Your grocery delivery will arrive between four and five. Please call me when you reach home safely.,False,False,0,0
+918887120867,1870,,Please call me when you reach home safely. Your grocery delivery will arrive between four and five.,False,False,0,0
+916516024048,771,,Your appointment is confirmed for next Monday.,False,False,0,0
+919688163051,2092,,Your grocery delivery will arrive between four and five.,False,False,0,0
+919275159795,1833,,Please call me when you reach home safely.,False,False,1,0
+919100633678,1505,digital arrest,A digital arrest warrant has been issued and police will arrive.,False,False,1,1
+919866045884,1677,,Your appointment is confirmed for next Monday. Can we move tomorrow's project meeting to the afternoon?,False,False,0,0
+916994770655,417,,The bank branch is closed today due to a public holiday.,False,False,1,0
+919772190098,2333,,Do not disconnect the call or tell anyone about this investigation. Transfer all funds immediately to the verification account.,True,True,12,1
+916661511887,1100,,Please call me when you reach home safely. The bank branch is closed today due to a public holiday.,False,False,0,0
+919038777992,107,,Do not disconnect the call or tell anyone about this investigation. A customs parcel in your name contains illegal items.,True,True,2,1
+918688301925,2196,,Please call me when you reach home safely.,False,False,1,0
+919170171453,2292,,Your appointment is confirmed for next Monday. The bank branch is closed today due to a public holiday.,False,False,1,0
+918145940238,2380,,Can we move tomorrow's project meeting to the afternoon? Your grocery delivery will arrive between four and five.,False,False,0,0
+919906659098,1643,,Please call me when you reach home safely.,False,False,0,0
+917572418611,2356,digital arrest,A customs parcel in your name contains illegal items. A digital arrest warrant has been issued and police will arrive.,True,True,8,1
+916383535595,2018,,Your grocery delivery will arrive between four and five. Can we move tomorrow's project meeting to the afternoon?,False,False,1,0
+916769470003,1800,,Can we move tomorrow's project meeting to the afternoon? Your grocery delivery will arrive between four and five.,False,False,1,0
+918918760341,2037,,Can we move tomorrow's project meeting to the afternoon?,False,False,0,0
+916456392870,1399,cbi|aadhaar,I am calling from CBI and your Aadhaar has been linked to money laundering.,True,True,2,1
+917772525046,1058,,The bank branch is closed today due to a public holiday. Can we move tomorrow's project meeting to the afternoon?,False,False,0,0
+919710880777,2178,,Transfer all funds immediately to the verification account.,False,True,0,1
+918700849633,2367,,Transfer all funds immediately to the verification account. A customs parcel in your name contains illegal items.,False,True,0,1
+917635910350,1921,cbi|aadhaar,Do not disconnect the call or tell anyone about this investigation. I am calling from CBI and your Aadhaar has been linked to money laundering.,False,False,10,1
+919440112013,772,cbi|aadhaar,I am calling from CBI and your Aadhaar has been linked to money laundering.,False,True,7,1
+919429267857,1614,,Transfer all funds immediately to the verification account. Do not disconnect the call or tell anyone about this investigation.,True,True,0,1
+919626026808,1521,,Transfer all funds immediately to the verification account.,True,True,1,1
+918005342163,59,,Can we move tomorrow's project meeting to the afternoon?,False,False,1,0
+918903085921,2074,,Your appointment is confirmed for next Monday. Your grocery delivery will arrive between four and five.,False,False,1,0
+917745049111,2112,,Your grocery delivery will arrive between four and five. Please call me when you reach home safely.,False,False,1,0
+918892876370,1972,,Your grocery delivery will arrive between four and five. Your appointment is confirmed for next Monday.,False,False,1,0
+917764037686,1151,,A customs parcel in your name contains illegal items. Transfer all funds immediately to the verification account.,True,False,0,1
+918116536876,1767,,A customs parcel in your name contains illegal items.,False,True,8,1
+919158312302,1401,,Your appointment is confirmed for next Monday. Please call me when you reach home safely.,False,False,1,0
+917901032900,350,,Please call me when you reach home safely. The bank branch is closed today due to a public holiday.,False,False,1,0
+919896069635,1065,,The bank branch is closed today due to a public holiday.,False,False,1,0
+919327108443,1523,,The bank branch is closed today due to a public holiday.,False,False,0,0
+916974917495,1089,cbi|aadhaar,I am calling from CBI and your Aadhaar has been linked to money laundering. Transfer all funds immediately to the verification account. A customs parcel in your name contains illegal items.,True,True,1,1
+918070343586,2180,digital arrest,Transfer all funds immediately to the verification account. A digital arrest warrant has been issued and police will arrive.,True,False,1,1
+918492566629,802,,Do not disconnect the call or tell anyone about this investigation.,True,False,1,1
+917301133965,2179,,Please call me when you reach home safely.,False,False,1,0
+917969663672,886,,Please call me when you reach home safely.,False,False,0,0
+919099723913,1612,,Your grocery delivery will arrive between four and five. The bank branch is closed today due to a public holiday.,False,False,0,0
+916197094169,608,,Your grocery delivery will arrive between four and five. The bank branch is closed today due to a public holiday.,False,False,0,0
+918006948475,1181,cbi|aadhaar|digital arrest,A customs parcel in your name contains illegal items. A digital arrest warrant has been issued and police will arrive. I am calling from CBI and your Aadhaar has been linked to money laundering.,False,False,5,1
+916844244597,2366,cbi|aadhaar,A customs parcel in your name contains illegal items. I am calling from CBI and your Aadhaar has been linked to money laundering.,False,False,3,1
+916299856594,248,digital arrest,A digital arrest warrant has been issued and police will arrive. Do not disconnect the call or tell anyone about this investigation.,False,False,1,1
+919753167552,1373,cbi|aadhaar|digital arrest,A customs parcel in your name contains illegal items. A digital arrest warrant has been issued and police will arrive. I am calling from CBI and your Aadhaar has been linked to money laundering.,True,True,9,1
+916843154856,996,,Transfer all funds immediately to the verification account. A customs parcel in your name contains illegal items. Do not disconnect the call or tell anyone about this investigation.,False,True,8,1
+918814495315,1550,,Transfer all funds immediately to the verification account.,True,True,6,1
+919472747071,1438,,The bank branch is closed today due to a public holiday.,False,False,0,0
+916797702070,1944,,Please call me when you reach home safely.,True,False,0,0
+918733785018,2249,,A customs parcel in your name contains illegal items. Transfer all funds immediately to the verification account. Do not disconnect the call or tell anyone about this investigation.,False,True,0,1
+916407389776,924,digital arrest,A digital arrest warrant has been issued and police will arrive.,True,True,12,1
+917278164460,449,,A customs parcel in your name contains illegal items. Transfer all funds immediately to the verification account.,False,True,11,1
+918149840185,1856,,Please call me when you reach home safely.,True,False,1,0
+919257709672,213,,Please call me when you reach home safely.,False,False,0,0
+917148165588,197,,Your grocery delivery will arrive between four and five. Your appointment is confirmed for next Monday.,False,False,1,0
+917895658806,2204,,Your appointment is confirmed for next Monday.,False,False,1,0
+917508689702,1924,cbi|aadhaar,I am calling from CBI and your Aadhaar has been linked to money laundering.,True,False,9,1
+919769439037,1104,,The bank branch is closed today due to a public holiday. Your grocery delivery will arrive between four and five.,False,False,1,0
+919518298189,2102,cbi|aadhaar|digital arrest,I am calling from CBI and your Aadhaar has been linked to money laundering. A digital arrest warrant has been issued and police will arrive. A customs parcel in your name contains illegal items.,True,True,8,1
+917838343258,2047,,The bank branch is closed today due to a public holiday. Can we move tomorrow's project meeting to the afternoon?,False,False,0,0
+918830336349,2375,digital arrest,A digital arrest warrant has been issued and police will arrive. Transfer all funds immediately to the verification account. Do not disconnect the call or tell anyone about this investigation.,False,True,0,1
+916799681475,167,,Your grocery delivery will arrive between four and five.,False,False,0,0
+917818169319,251,,Your grocery delivery will arrive between four and five. The bank branch is closed today due to a public holiday.,False,False,0,0
+916940361048,117,cbi|aadhaar,I am calling from CBI and your Aadhaar has been linked to money laundering.,False,True,1,1
+919649374282,1666,,Can we move tomorrow's project meeting to the afternoon?,False,False,1,0
+918565135381,510,,Your grocery delivery will arrive between four and five.,False,False,1,0
+916110621246,511,,Do not disconnect the call or tell anyone about this investigation.,True,False,0,1
+916018808350,120,,Can we move tomorrow's project meeting to the afternoon? Your grocery delivery will arrive between four and five.,False,False,1,0
+918221266294,547,digital arrest,A digital arrest warrant has been issued and police will arrive. Do not disconnect the call or tell anyone about this investigation. Transfer all funds immediately to the verification account.,False,False,12,1
+917488593366,1247,cbi|aadhaar|digital arrest,I am calling from CBI and your Aadhaar has been linked to money laundering. A digital arrest warrant has been issued and police will arrive. Transfer all funds immediately to the verification account.,True,False,1,1
+917904667735,2018,,Your appointment is confirmed for next Monday.,False,False,1,0
+918740553120,1371,,The bank branch is closed today due to a public holiday.,False,False,1,0
+916624229034,799,,Your grocery delivery will arrive between four and five. Can we move tomorrow's project meeting to the afternoon?,False,False,1,0
+919728346859,433,,The bank branch is closed today due to a public holiday. Can we move tomorrow's project meeting to the afternoon?,False,False,1,0
+917453622165,198,,Transfer all funds immediately to the verification account. A customs parcel in your name contains illegal items.,True,True,0,1
+919126439080,1374,,Your appointment is confirmed for next Monday.,False,False,1,0
+919043445599,1234,cbi|aadhaar|digital arrest,A customs parcel in your name contains illegal items. A digital arrest warrant has been issued and police will arrive. I am calling from CBI and your Aadhaar has been linked to money laundering.,True,True,1,1
+917096538065,1210,cbi|aadhaar,I am calling from CBI and your Aadhaar has been linked to money laundering. Transfer all funds immediately to the verification account. A customs parcel in your name contains illegal items.,True,True,10,1
+917550963688,1449,,Transfer all funds immediately to the verification account.,False,True,7,1
+918183146925,2122,,The bank branch is closed today due to a public holiday.,False,False,1,0
+919296985068,1881,digital arrest,Do not disconnect the call or tell anyone about this investigation. A digital arrest warrant has been issued and police will arrive. A customs parcel in your name contains illegal items.,False,True,6,1
+917219220270,511,,The bank branch is closed today due to a public holiday. Can we move tomorrow's project meeting to the afternoon?,False,False,1,0
+918018364766,187,,Transfer all funds immediately to the verification account.,True,True,0,1
+917333757351,2361,digital arrest,Transfer all funds immediately to the verification account. A digital arrest warrant has been issued and police will arrive.,False,True,5,1
+917464236540,1757,cbi|aadhaar,I am calling from CBI and your Aadhaar has been linked to money laundering. A customs parcel in your name contains illegal items.,False,True,4,1
+916128300132,721,,Transfer all funds immediately to the verification account.,False,True,4,1
+919913860138,656,cbi|aadhaar|digital arrest,A digital arrest warrant has been issued and police will arrive. I am calling from CBI and your Aadhaar has been linked to money laundering.,True,False,2,1
+917215590804,1536,,The bank branch is closed today due to a public holiday. Can we move tomorrow's project meeting to the afternoon?,False,False,0,0
+918132178074,232,,The bank branch is closed today due to a public holiday.,False,False,0,0
+917444018991,1519,,Transfer all funds immediately to the verification account. Do not disconnect the call or tell anyone about this investigation.,False,True,1,1
+916874186171,1557,,Please call me when you reach home safely.,False,False,0,0
+918407289293,1488,,Please call me when you reach home safely. Your appointment is confirmed for next Monday.,False,False,0,0
+916862957910,355,cbi|aadhaar|digital arrest,A digital arrest warrant has been issued and police will arrive. I am calling from CBI and your Aadhaar has been linked to money laundering. A customs parcel in your name contains illegal items.,True,True,12,1
+918487151714,1901,,A customs parcel in your name contains illegal items. Transfer all funds immediately to the verification account.,False,True,0,1
+918870024512,1751,cbi|aadhaar,A customs parcel in your name contains illegal items. I am calling from CBI and your Aadhaar has been linked to money laundering. Transfer all funds immediately to the verification account.,True,False,0,1
+917582926659,1552,,Your grocery delivery will arrive between four and five. Your appointment is confirmed for next Monday.,False,False,0,0
+917586664205,868,,Your grocery delivery will arrive between four and five.,False,False,0,0
+919150649376,1002,cbi|aadhaar|digital arrest,I am calling from CBI and your Aadhaar has been linked to money laundering. A digital arrest warrant has been issued and police will arrive.,False,False,0,1
+916794315412,39,,Can we move tomorrow's project meeting to the afternoon? Please call me when you reach home safely.,False,False,0,0
+918403453750,2210,,Your appointment is confirmed for next Monday. Can we move tomorrow's project meeting to the afternoon?,False,False,0,0
+919319686870,1884,,Please call me when you reach home safely. Your grocery delivery will arrive between four and five.,False,False,1,0
+916398165150,790,cbi|aadhaar,Do not disconnect the call or tell anyone about this investigation. I am calling from CBI and your Aadhaar has been linked to money laundering.,True,True,5,1
+917194404988,639,,Please call me when you reach home safely. The bank branch is closed today due to a public holiday.,False,False,1,0
+918938719739,711,cbi|aadhaar,I am calling from CBI and your Aadhaar has been linked to money laundering. Transfer all funds immediately to the verification account.,False,True,9,1
+918550709140,1370,,Please call me when you reach home safely. Can we move tomorrow's project meeting to the afternoon?,False,False,1,0
+918617284027,2350,,Please call me when you reach home safely. The bank branch is closed today due to a public holiday.,False,False,1,0
+918619328497,919,cbi|aadhaar,I am calling from CBI and your Aadhaar has been linked to money laundering. Transfer all funds immediately to the verification account.,False,True,1,1
+917418546919,1820,,Can we move tomorrow's project meeting to the afternoon? Your grocery delivery will arrive between four and five.,False,False,1,0
+916043967188,655,,Your appointment is confirmed for next Monday.,False,False,1,0
+917152206462,1621,,Your appointment is confirmed for next Monday.,False,False,1,0
+919606837051,599,,Your grocery delivery will arrive between four and five.,False,False,0,0
+917648016179,2324,,Can we move tomorrow's project meeting to the afternoon?,False,False,1,0
+918396579510,1135,,Do not disconnect the call or tell anyone about this investigation.,True,True,4,1
+918236933234,1368,cbi|aadhaar,I am calling from CBI and your Aadhaar has been linked to money laundering. Do not disconnect the call or tell anyone about this investigation. Transfer all funds immediately to the verification account.,True,False,5,1
+919820258678,1363,digital arrest,Transfer all funds immediately to the verification account. A digital arrest warrant has been issued and police will arrive.,False,False,11,1
+916232408111,1474,,Transfer all funds immediately to the verification account. A customs parcel in your name contains illegal items.,True,True,9,1
+918798852114,1768,,Please call me when you reach home safely.,False,False,1,0
+917579023480,1713,,Transfer all funds immediately to the verification account. Do not disconnect the call or tell anyone about this investigation. A customs parcel in your name contains illegal items.,True,True,0,1
+916762664201,203,,Can we move tomorrow's project meeting to the afternoon? The bank branch is closed today due to a public holiday.,False,False,1,0
+917583376894,592,digital arrest,A digital arrest warrant has been issued and police will arrive. A customs parcel in your name contains illegal items. Do not disconnect the call or tell anyone about this investigation.,True,True,12,1
+918823499337,118,cbi|aadhaar|digital arrest,A digital arrest warrant has been issued and police will arrive. I am calling from CBI and your Aadhaar has been linked to money laundering. Transfer all funds immediately to the verification account.,False,True,1,1
+918333984251,388,cbi|aadhaar|digital arrest,I am calling from CBI and your Aadhaar has been linked to money laundering. Do not disconnect the call or tell anyone about this investigation. A digital arrest warrant has been issued and police will arrive.,False,True,9,1
+919861359351,1763,,Can we move tomorrow's project meeting to the afternoon?,False,False,1,0
+919347563832,1173,,Please call me when you reach home safely.,False,False,0,0
+918643993437,347,cbi|aadhaar,I am calling from CBI and your Aadhaar has been linked to money laundering.,False,False,12,1
+917147921331,1461,,Transfer all funds immediately to the verification account.,True,True,10,1
+918654867836,115,,Your appointment is confirmed for next Monday. Please call me when you reach home safely.,False,False,1,0
+916485607220,1217,,Do not disconnect the call or tell anyone about this investigation.,True,True,10,1
+919725225940,55,,Your grocery delivery will arrive between four and five.,False,False,1,0
+919226253247,657,cbi|aadhaar,Transfer all funds immediately to the verification account. I am calling from CBI and your Aadhaar has been linked to money laundering. A customs parcel in your name contains illegal items.,False,True,2,1
+917234806172,1419,,Please call me when you reach home safely.,False,False,1,0
+916665709556,209,cbi|aadhaar,I am calling from CBI and your Aadhaar has been linked to money laundering. Transfer all funds immediately to the verification account.,True,False,0,1
+917825297007,1714,,A customs parcel in your name contains illegal items.,True,True,2,1
+917725314932,384,,Can we move tomorrow's project meeting to the afternoon?,False,False,0,0
+919276351039,626,,Your appointment is confirmed for next Monday. Your grocery delivery will arrive between four and five.,False,False,1,0
+918896749988,1021,,Do not disconnect the call or tell anyone about this investigation. A customs parcel in your name contains illegal items.,True,False,3,1
+919109656098,1316,,Can we move tomorrow's project meeting to the afternoon?,False,False,1,0
+917985822696,341,digital arrest,A customs parcel in your name contains illegal items. A digital arrest warrant has been issued and police will arrive.,False,True,10,1
+919648111323,1599,,Your appointment is confirmed for next Monday.,False,False,0,0
+917567557556,798,,Can we move tomorrow's project meeting to the afternoon?,False,False,0,0
+919152832361,1339,cbi|aadhaar,Do not disconnect the call or tell anyone about this investigation. I am calling from CBI and your Aadhaar has been linked to money laundering. Transfer all funds immediately to the verification account.,False,True,1,1
+919849942036,1841,,The bank branch is closed today due to a public holiday. Please call me when you reach home safely.,False,False,0,0
+917700570065,1115,digital arrest,A digital arrest warrant has been issued and police will arrive.,True,True,3,1
+916612825238,171,,The bank branch is closed today due to a public holiday. Your grocery delivery will arrive between four and five.,False,False,0,0
+918338064491,2096,,The bank branch is closed today due to a public holiday.,True,False,1,0
+917567769253,1045,digital arrest,A digital arrest warrant has been issued and police will arrive.,True,True,5,1
+919006059015,1269,cbi|aadhaar,I am calling from CBI and your Aadhaar has been linked to money laundering.,True,False,12,1
+916513325851,1691,,Your grocery delivery will arrive between four and five.,False,False,1,0
+917986087809,73,cbi|aadhaar,A customs parcel in your name contains illegal items. I am calling from CBI and your Aadhaar has been linked to money laundering.,False,True,0,1
+917464622626,724,,Your grocery delivery will arrive between four and five. Your appointment is confirmed for next Monday.,False,False,0,0
+916397432946,1869,,Can we move tomorrow's project meeting to the afternoon?,False,False,1,0
+917626036729,1850,,Please call me when you reach home safely. Your grocery delivery will arrive between four and five.,False,False,1,0
+919325295481,2335,,A customs parcel in your name contains illegal items.,True,False,0,1
+919097138985,1517,,Your grocery delivery will arrive between four and five.,False,False,1,0
+919081529296,331,,Your appointment is confirmed for next Monday. Can we move tomorrow's project meeting to the afternoon?,False,False,0,0
+917106813056,1258,,Transfer all funds immediately to the verification account. A customs parcel in your name contains illegal items.,True,False,10,1
+919611796427,1539,cbi|aadhaar|digital arrest,Transfer all funds immediately to the verification account. A digital arrest warrant has been issued and police will arrive. I am calling from CBI and your Aadhaar has been linked to money laundering.,True,True,1,1
+917683445073,766,,The bank branch is closed today due to a public holiday. Your grocery delivery will arrive between four and five.,False,False,1,0
+918495233010,685,cbi|aadhaar,Transfer all funds immediately to the verification account. A customs parcel in your name contains illegal items. I am calling from CBI and your Aadhaar has been linked to money laundering.,True,True,0,1
+918201311266,111,,Your grocery delivery will arrive between four and five. Your appointment is confirmed for next Monday.,False,False,1,0
+919626313652,2371,cbi|aadhaar,Do not disconnect the call or tell anyone about this investigation. A customs parcel in your name contains illegal items. I am calling from CBI and your Aadhaar has been linked to money laundering.,True,True,2,1
+916583832076,2076,,Your grocery delivery will arrive between four and five. Your appointment is confirmed for next Monday.,False,False,0,0
+917996898305,2040,,The bank branch is closed today due to a public holiday.,False,False,1,0
+916576091102,1609,,The bank branch is closed today due to a public holiday.,False,False,1,0
+917833102584,1673,,Your grocery delivery will arrive between four and five.,False,False,1,0
+919428057780,2335,,A customs parcel in your name contains illegal items. Do not disconnect the call or tell anyone about this investigation.,False,True,1,1
+917520852920,522,,Can we move tomorrow's project meeting to the afternoon?,False,False,0,0
+919137933174,2203,digital arrest,A digital arrest warrant has been issued and police will arrive.,False,False,1,1
+917532978789,463,,Your grocery delivery will arrive between four and five. Your appointment is confirmed for next Monday.,False,False,1,0
+918325037122,524,,Please call me when you reach home safely. Can we move tomorrow's project meeting to the afternoon?,False,False,1,0
+917211837774,2074,,Please call me when you reach home safely. The bank branch is closed today due to a public holiday.,False,False,1,0
+917601351542,1613,digital arrest,A digital arrest warrant has been issued and police will arrive. Transfer all funds immediately to the verification account. A customs parcel in your name contains illegal items.,False,True,4,1
+916621032180,177,,Can we move tomorrow's project meeting to the afternoon?,False,False,1,0
+917828735895,2397,,Please call me when you reach home safely.,False,False,1,0
+916905460134,1543,cbi|aadhaar|digital arrest,I am calling from CBI and your Aadhaar has been linked to money laundering. A digital arrest warrant has been issued and police will arrive.,True,True,10,1
+918754766692,1641,cbi|aadhaar,I am calling from CBI and your Aadhaar has been linked to money laundering. Do not disconnect the call or tell anyone about this investigation. Transfer all funds immediately to the verification account.,True,True,4,1
+918961577269,733,cbi|aadhaar,A customs parcel in your name contains illegal items. Transfer all funds immediately to the verification account. I am calling from CBI and your Aadhaar has been linked to money laundering.,True,True,6,1
+918061818316,2095,,Your appointment is confirmed for next Monday. Please call me when you reach home safely.,False,False,1,0
+917247184748,1538,,A customs parcel in your name contains illegal items.,True,True,11,1
+918769348164,1914,,Do not disconnect the call or tell anyone about this investigation.,True,True,4,1
+919483717292,1829,,Do not disconnect the call or tell anyone about this investigation.,True,False,5,1
+918071701194,2057,,The bank branch is closed today due to a public holiday.,False,False,1,0
+916875486153,333,,Please call me when you reach home safely.,False,False,1,0
+916886463392,1462,,The bank branch is closed today due to a public holiday.,False,False,1,0
+918125809982,1470,,Your grocery delivery will arrive between four and five.,True,False,1,0
+918214352998,171,,Can we move tomorrow's project meeting to the afternoon? Your grocery delivery will arrive between four and five.,False,False,1,0
+918627709614,1080,digital arrest,Transfer all funds immediately to the verification account. A customs parcel in your name contains illegal items. A digital arrest warrant has been issued and police will arrive.,True,True,7,1
+916020460550,2163,,Your appointment is confirmed for next Monday. Please call me when you reach home safely.,False,False,1,0
+917170748244,1119,digital arrest,A digital arrest warrant has been issued and police will arrive. Transfer all funds immediately to the verification account.,False,True,10,1
+918546935354,1971,cbi|aadhaar|digital arrest,I am calling from CBI and your Aadhaar has been linked to money laundering. A digital arrest warrant has been issued and police will arrive. Do not disconnect the call or tell anyone about this investigation.,True,False,8,1
+918253017389,320,digital arrest,A digital arrest warrant has been issued and police will arrive. Do not disconnect the call or tell anyone about this investigation.,True,True,1,1
+916668398069,1035,,Your appointment is confirmed for next Monday. Your grocery delivery will arrive between four and five.,False,False,0,0
+916432698460,395,,Can we move tomorrow's project meeting to the afternoon? The bank branch is closed today due to a public holiday.,False,False,0,0
+916397321284,1717,,Transfer all funds immediately to the verification account.,True,True,7,1
+917296598797,1399,,Please call me when you reach home safely.,False,False,0,0
+917467515615,1056,cbi|aadhaar,I am calling from CBI and your Aadhaar has been linked to money laundering.,False,False,0,1
+918446481843,1195,,Can we move tomorrow's project meeting to the afternoon?,True,False,0,0
+918862200483,1238,,Please call me when you reach home safely.,False,False,0,0
+916212976117,237,digital arrest,A digital arrest warrant has been issued and police will arrive.,True,True,1,1
+916221067723,1838,,Your appointment is confirmed for next Monday.,False,False,0,0
+917448679689,576,,Please call me when you reach home safely.,False,False,0,0
+919919717874,728,,Can we move tomorrow's project meeting to the afternoon?,False,False,0,0
+917644842584,2137,,The bank branch is closed today due to a public holiday. Please call me when you reach home safely.,False,False,0,0
+917158836240,529,,The bank branch is closed today due to a public holiday. Your grocery delivery will arrive between four and five.,False,False,1,0
+916603350242,2151,,Please call me when you reach home safely. The bank branch is closed today due to a public holiday.,False,False,0,0
+918992056383,1338,,The bank branch is closed today due to a public holiday.,False,False,1,0
+919023183922,1378,cbi|aadhaar,I am calling from CBI and your Aadhaar has been linked to money laundering. Transfer all funds immediately to the verification account. A customs parcel in your name contains illegal items.,True,True,3,1
+919497992859,505,,Can we move tomorrow's project meeting to the afternoon?,False,False,0,0
+916029376908,374,,Do not disconnect the call or tell anyone about this investigation. Transfer all funds immediately to the verification account.,True,True,5,1
+917770334061,1346,,A customs parcel in your name contains illegal items. Do not disconnect the call or tell anyone about this investigation.,True,False,5,1
+917933699925,1266,,Your grocery delivery will arrive between four and five.,False,False,0,0
+918205421759,2162,digital arrest,A digital arrest warrant has been issued and police will arrive. Transfer all funds immediately to the verification account. A customs parcel in your name contains illegal items.,True,False,10,1
+919432924039,540,cbi|aadhaar|digital arrest,A digital arrest warrant has been issued and police will arrive. I am calling from CBI and your Aadhaar has been linked to money laundering.,True,True,0,1
+918476968314,536,cbi|aadhaar,Transfer all funds immediately to the verification account. I am calling from CBI and your Aadhaar has been linked to money laundering. Do not disconnect the call or tell anyone about this investigation.,False,False,5,1
+918404092687,134,,Can we move tomorrow's project meeting to the afternoon?,False,False,0,0
+917543198615,1679,digital arrest,A digital arrest warrant has been issued and police will arrive.,False,True,3,1
+916786111111,2254,,Can we move tomorrow's project meeting to the afternoon?,False,False,1,0
+919785618236,1061,,Can we move tomorrow's project meeting to the afternoon?,False,False,0,0
+916043068469,601,,Your grocery delivery will arrive between four and five. Can we move tomorrow's project meeting to the afternoon?,False,False,0,0
+917894129574,191,,Can we move tomorrow's project meeting to the afternoon? Your appointment is confirmed for next Monday.,False,False,1,0
+918725073108,2222,,Transfer all funds immediately to the verification account.,True,True,0,1
+916222517890,2238,,Please call me when you reach home safely. Your appointment is confirmed for next Monday.,False,False,1,0
+916170584134,1868,,Please call me when you reach home safely. Can we move tomorrow's project meeting to the afternoon?,False,False,0,0
+919790178654,1547,cbi|aadhaar|digital arrest,I am calling from CBI and your Aadhaar has been linked to money laundering. A digital arrest warrant has been issued and police will arrive.,False,False,4,1
+916590855096,1441,cbi|aadhaar|digital arrest,A digital arrest warrant has been issued and police will arrive. A customs parcel in your name contains illegal items. I am calling from CBI and your Aadhaar has been linked to money laundering.,True,False,8,1
+918084760377,1809,cbi|aadhaar,I am calling from CBI and your Aadhaar has been linked to money laundering. A customs parcel in your name contains illegal items.,False,True,0,1
+919003539531,788,,Your appointment is confirmed for next Monday.,False,False,1,0
+919899124459,1591,,Your appointment is confirmed for next Monday.,False,False,0,0
+918216086497,117,,Please call me when you reach home safely.,False,False,1,0
+918794793193,981,,The bank branch is closed today due to a public holiday.,False,False,0,0
+918485984001,993,,Your grocery delivery will arrive between four and five.,False,False,1,0
+917342011617,1945,digital arrest,A digital arrest warrant has been issued and police will arrive. Do not disconnect the call or tell anyone about this investigation.,False,True,0,1
+918369012098,1248,cbi|aadhaar,I am calling from CBI and your Aadhaar has been linked to money laundering. A customs parcel in your name contains illegal items.,True,False,1,1
+917623002792,2096,,Can we move tomorrow's project meeting to the afternoon? The bank branch is closed today due to a public holiday.,False,False,1,0
+918348634360,77,,Your grocery delivery will arrive between four and five.,False,False,0,0
+919177623132,1500,,Your grocery delivery will arrive between four and five. The bank branch is closed today due to a public holiday.,False,False,1,0
+919541062012,803,digital arrest,A digital arrest warrant has been issued and police will arrive. Transfer all funds immediately to the verification account.,False,False,4,1
+916413465425,1723,,The bank branch is closed today due to a public holiday.,False,False,1,0
+918562593694,1712,,Your grocery delivery will arrive between four and five.,False,False,0,0
+916042161188,1402,cbi|aadhaar,Do not disconnect the call or tell anyone about this investigation. A customs parcel in your name contains illegal items. I am calling from CBI and your Aadhaar has been linked to money laundering.,False,False,6,1
+917120191249,580,,Do not disconnect the call or tell anyone about this investigation. A customs parcel in your name contains illegal items.,True,True,0,1
+916929771589,2262,,Your grocery delivery will arrive between four and five. Can we move tomorrow's project meeting to the afternoon?,False,False,0,0
+919185678497,1341,cbi|aadhaar,I am calling from CBI and your Aadhaar has been linked to money laundering. Do not disconnect the call or tell anyone about this investigation.,False,True,5,1
+917895093380,1329,,Your grocery delivery will arrive between four and five.,False,False,0,0
+916884095374,1007,cbi|aadhaar,Do not disconnect the call or tell anyone about this investigation. I am calling from CBI and your Aadhaar has been linked to money laundering.,False,False,10,1
+916231233190,1799,digital arrest,A digital arrest warrant has been issued and police will arrive.,False,False,3,1
+919440983926,106,cbi|aadhaar,Transfer all funds immediately to the verification account. I am calling from CBI and your Aadhaar has been linked to money laundering. A customs parcel in your name contains illegal items.,True,True,9,1
+918150918892,656,cbi|aadhaar|digital arrest,Transfer all funds immediately to the verification account. I am calling from CBI and your Aadhaar has been linked to money laundering. A digital arrest warrant has been issued and police will arrive.,True,True,1,1
+917923025936,216,,Your appointment is confirmed for next Monday.,False,False,0,0
+918755348148,814,cbi|aadhaar,I am calling from CBI and your Aadhaar has been linked to money laundering. A customs parcel in your name contains illegal items.,True,True,1,1
+917203038781,798,cbi|aadhaar|digital arrest,A digital arrest warrant has been issued and police will arrive. A customs parcel in your name contains illegal items. I am calling from CBI and your Aadhaar has been linked to money laundering.,False,False,3,1
+917311834909,561,,Can we move tomorrow's project meeting to the afternoon? Your appointment is confirmed for next Monday.,False,False,1,0
+916008350672,298,cbi|aadhaar,I am calling from CBI and your Aadhaar has been linked to money laundering.,True,False,1,1
+919200604016,1894,cbi|aadhaar,I am calling from CBI and your Aadhaar has been linked to money laundering.,False,True,6,1
+917534766665,1763,,A customs parcel in your name contains illegal items. Do not disconnect the call or tell anyone about this investigation. Transfer all funds immediately to the verification account.,False,True,0,1
+917622522077,344,,Can we move tomorrow's project meeting to the afternoon? Your grocery delivery will arrive between four and five.,False,False,1,0
+917819001654,1980,,Your appointment is confirmed for next Monday. Please call me when you reach home safely.,False,False,1,0
+917995954129,343,,Can we move tomorrow's project meeting to the afternoon?,False,False,1,0
+916179184931,1167,cbi|aadhaar,I am calling from CBI and your Aadhaar has been linked to money laundering. Do not disconnect the call or tell anyone about this investigation. Transfer all funds immediately to the verification account.,True,False,11,1
+918153030110,1708,cbi|aadhaar,Transfer all funds immediately to the verification account. I am calling from CBI and your Aadhaar has been linked to money laundering.,False,True,6,1
+917204950302,494,,Please call me when you reach home safely.,False,False,0,0
+919345176453,1306,,Please call me when you reach home safely.,False,False,1,0
+919896276897,2359,cbi|aadhaar,I am calling from CBI and your Aadhaar has been linked to money laundering. Transfer all funds immediately to the verification account. Do not disconnect the call or tell anyone about this investigation.,True,True,1,1
+916141597299,1511,,Can we move tomorrow's project meeting to the afternoon? Please call me when you reach home safely.,False,False,0,0
+917924395724,362,,Can we move tomorrow's project meeting to the afternoon?,False,False,0,0
+919850031823,1898,,A customs parcel in your name contains illegal items.,True,False,6,1
+917969828484,2319,,Your grocery delivery will arrive between four and five. The bank branch is closed today due to a public holiday.,False,False,0,0
+918893818826,1339,digital arrest,Transfer all funds immediately to the verification account. A digital arrest warrant has been issued and police will arrive. A customs parcel in your name contains illegal items.,True,False,1,1
+917958644784,1946,,Please call me when you reach home safely.,False,False,1,0
+919431924209,463,digital arrest,A digital arrest warrant has been issued and police will arrive. Do not disconnect the call or tell anyone about this investigation. Transfer all funds immediately to the verification account.,False,False,0,1
+916093046762,1301,,A customs parcel in your name contains illegal items.,True,False,0,1
+917728863739,462,,Can we move tomorrow's project meeting to the afternoon?,False,False,1,0
+919812742140,124,cbi|aadhaar|digital arrest,A digital arrest warrant has been issued and police will arrive. I am calling from CBI and your Aadhaar has been linked to money laundering.,False,True,1,1
+918241185475,1743,,Please call me when you reach home safely. Your appointment is confirmed for next Monday.,False,False,0,0
+917111370828,2335,,Do not disconnect the call or tell anyone about this investigation. Transfer all funds immediately to the verification account.,True,True,8,1
+916059183533,975,cbi|aadhaar,I am calling from CBI and your Aadhaar has been linked to money laundering.,True,True,1,1
+916125190722,1928,,Transfer all funds immediately to the verification account.,True,False,0,1
+919482680645,275,digital arrest,A customs parcel in your name contains illegal items. A digital arrest warrant has been issued and police will arrive.,False,True,1,1
+918205149550,444,,The bank branch is closed today due to a public holiday.,False,False,0,0
+918006248119,121,digital arrest,A digital arrest warrant has been issued and police will arrive. Do not disconnect the call or tell anyone about this investigation. A customs parcel in your name contains illegal items.,True,True,10,1
+916400482238,2125,,Can we move tomorrow's project meeting to the afternoon?,False,False,0,0
+916359651279,1112,,Can we move tomorrow's project meeting to the afternoon?,False,False,0,0
+917991646868,1534,,Your grocery delivery will arrive between four and five. Your appointment is confirmed for next Monday.,False,False,0,0
+917164912064,1021,,Your grocery delivery will arrive between four and five. Your appointment is confirmed for next Monday.,False,False,0,0
+918014323105,1242,,Do not disconnect the call or tell anyone about this investigation.,True,False,7,1
+917353784115,404,,Can we move tomorrow's project meeting to the afternoon? Please call me when you reach home safely.,False,False,0,0
+919528826856,1408,,Your grocery delivery will arrive between four and five.,False,False,0,0
+918749112850,593,,Your appointment is confirmed for next Monday.,True,False,0,0
+916141942578,1506,,Do not disconnect the call or tell anyone about this investigation.,False,True,0,1
+917880074156,1030,cbi|aadhaar|digital arrest,Transfer all funds immediately to the verification account. A digital arrest warrant has been issued and police will arrive. I am calling from CBI and your Aadhaar has been linked to money laundering.,False,False,1,1
+917822870474,521,digital arrest,A digital arrest warrant has been issued and police will arrive.,True,True,3,1
+916366236714,2217,digital arrest,Transfer all funds immediately to the verification account. A digital arrest warrant has been issued and police will arrive. Do not disconnect the call or tell anyone about this investigation.,True,False,1,1
+918299160955,661,,Can we move tomorrow's project meeting to the afternoon? Please call me when you reach home safely.,False,False,1,0
+918493355234,1303,cbi|aadhaar|digital arrest,A digital arrest warrant has been issued and police will arrive. Transfer all funds immediately to the verification account. I am calling from CBI and your Aadhaar has been linked to money laundering.,False,False,5,1
+916987798970,1454,,Do not disconnect the call or tell anyone about this investigation.,True,True,9,1
+916120338001,2060,,Can we move tomorrow's project meeting to the afternoon? Your grocery delivery will arrive between four and five.,False,False,1,0
+919471601517,897,,Your appointment is confirmed for next Monday.,False,False,1,0
+917204732960,1968,,Can we move tomorrow's project meeting to the afternoon? The bank branch is closed today due to a public holiday.,False,False,0,0
+917314771693,1779,,Transfer all funds immediately to the verification account. A customs parcel in your name contains illegal items.,True,True,10,1
+917675787216,1249,cbi|aadhaar,I am calling from CBI and your Aadhaar has been linked to money laundering. A customs parcel in your name contains illegal items.,True,False,9,1
+916978693920,2333,,A customs parcel in your name contains illegal items. Transfer all funds immediately to the verification account. Do not disconnect the call or tell anyone about this investigation.,True,True,1,1
+916600065161,526,,Please call me when you reach home safely. Your grocery delivery will arrive between four and five.,True,False,0,0
+919692418456,1506,,Please call me when you reach home safely.,False,False,0,0
+916186931685,409,,Your appointment is confirmed for next Monday.,False,False,1,0
+918420928170,617,digital arrest,Do not disconnect the call or tell anyone about this investigation. A digital arrest warrant has been issued and police will arrive. Transfer all funds immediately to the verification account.,True,True,1,1
+916243832602,921,cbi|aadhaar,I am calling from CBI and your Aadhaar has been linked to money laundering. A customs parcel in your name contains illegal items. Do not disconnect the call or tell anyone about this investigation.,True,True,11,1
+918184057552,2205,digital arrest,A digital arrest warrant has been issued and police will arrive.,True,True,11,1
+919971329303,1024,,A customs parcel in your name contains illegal items.,True,True,6,1
+919117754177,1105,,Your appointment is confirmed for next Monday. The bank branch is closed today due to a public holiday.,False,False,1,0
+919148408471,2106,,Your appointment is confirmed for next Monday. The bank branch is closed today due to a public holiday.,False,False,1,0
+919707274914,618,cbi|aadhaar|digital arrest,Do not disconnect the call or tell anyone about this investigation. I am calling from CBI and your Aadhaar has been linked to money laundering. A digital arrest warrant has been issued and police will arrive.,True,False,1,1
+916693213711,903,,Do not disconnect the call or tell anyone about this investigation.,False,False,1,1
+917162320089,154,digital arrest,Do not disconnect the call or tell anyone about this investigation. A customs parcel in your name contains illegal items. A digital arrest warrant has been issued and police will arrive.,False,False,7,1
+917574462568,436,,Transfer all funds immediately to the verification account.,True,True,1,1
+916527291491,95,,Your appointment is confirmed for next Monday.,False,False,0,0
+916162611969,1983,,Your appointment is confirmed for next Monday.,False,False,0,0
+919999699757,1750,cbi|aadhaar|digital arrest,Transfer all funds immediately to the verification account. A digital arrest warrant has been issued and police will arrive. I am calling from CBI and your Aadhaar has been linked to money laundering.,True,True,0,1
+917367283813,1115,,Can we move tomorrow's project meeting to the afternoon?,False,False,0,0
+918233510200,914,,Can we move tomorrow's project meeting to the afternoon? Your appointment is confirmed for next Monday.,False,False,1,0
+916514080521,198,,Your grocery delivery will arrive between four and five.,True,False,1,0
+918691399867,1059,,A customs parcel in your name contains illegal items. Do not disconnect the call or tell anyone about this investigation.,False,False,4,1
+916930187158,2064,,Your appointment is confirmed for next Monday. Please call me when you reach home safely.,False,False,1,0
+917529422094,773,,Can we move tomorrow's project meeting to the afternoon? Your grocery delivery will arrive between four and five.,True,False,0,0
+916953402564,154,,Your grocery delivery will arrive between four and five.,False,False,1,0
+919613341423,984,,Your grocery delivery will arrive between four and five. Please call me when you reach home safely.,False,False,0,0
+918629811783,1981,,Your grocery delivery will arrive between four and five.,False,False,0,0
+916221926501,684,,Your grocery delivery will arrive between four and five. The bank branch is closed today due to a public holiday.,False,False,1,0
+916079617156,31,cbi|aadhaar|digital arrest,A digital arrest warrant has been issued and police will arrive. I am calling from CBI and your Aadhaar has been linked to money laundering.,False,True,7,1
+919742681842,671,cbi|aadhaar,I am calling from CBI and your Aadhaar has been linked to money laundering.,False,True,11,1
+918449139710,1723,cbi|aadhaar|digital arrest,Transfer all funds immediately to the verification account. A digital arrest warrant has been issued and police will arrive. I am calling from CBI and your Aadhaar has been linked to money laundering.,False,False,11,1
+916493868851,1915,cbi|aadhaar,I am calling from CBI and your Aadhaar has been linked to money laundering.,True,False,1,1
+916844442910,86,,Can we move tomorrow's project meeting to the afternoon?,False,False,0,0
+919805295595,1189,,Please call me when you reach home safely.,False,False,0,0
+916949338428,128,,Do not disconnect the call or tell anyone about this investigation.,True,True,1,1
+917393896891,1425,digital arrest,A customs parcel in your name contains illegal items. A digital arrest warrant has been issued and police will arrive. Transfer all funds immediately to the verification account.,False,False,12,1
+916185087877,1245,digital arrest,A digital arrest warrant has been issued and police will arrive.,False,True,2,1
+917770821391,1223,,Can we move tomorrow's project meeting to the afternoon?,False,False,1,0
+919913883500,541,digital arrest,A digital arrest warrant has been issued and police will arrive.,True,True,6,1
+918797316442,2296,,The bank branch is closed today due to a public holiday.,False,False,0,0
+916628081307,464,,The bank branch is closed today due to a public holiday.,False,False,1,0
+919367733704,1576,,Do not disconnect the call or tell anyone about this investigation. Transfer all funds immediately to the verification account. A customs parcel in your name contains illegal items.,True,True,1,1
+918288781348,1318,,Your appointment is confirmed for next Monday. Please call me when you reach home safely.,False,False,1,0
+918772957208,1818,,Your grocery delivery will arrive between four and five.,False,False,1,0
+918487059684,1873,cbi|aadhaar,Transfer all funds immediately to the verification account. I am calling from CBI and your Aadhaar has been linked to money laundering.,True,True,10,1
+916224991429,326,,Please call me when you reach home safely.,False,False,1,0
+918877605450,2166,cbi|aadhaar,I am calling from CBI and your Aadhaar has been linked to money laundering.,False,True,5,1
+917161390127,1833,,Can we move tomorrow's project meeting to the afternoon? Please call me when you reach home safely.,True,False,0,0
+917603182022,1643,digital arrest,A digital arrest warrant has been issued and police will arrive. Do not disconnect the call or tell anyone about this investigation. A customs parcel in your name contains illegal items.,False,False,9,1
+919114986709,681,digital arrest,A digital arrest warrant has been issued and police will arrive. Do not disconnect the call or tell anyone about this investigation.,True,True,0,1
+916792813469,326,cbi|aadhaar,A customs parcel in your name contains illegal items. I am calling from CBI and your Aadhaar has been linked to money laundering.,True,False,7,1
+919704506878,2389,digital arrest,A digital arrest warrant has been issued and police will arrive.,True,True,1,1
+916780089304,1424,,Can we move tomorrow's project meeting to the afternoon? Your appointment is confirmed for next Monday.,False,False,1,0
+919760079414,1396,digital arrest,A digital arrest warrant has been issued and police will arrive.,False,False,12,1
+918996957199,871,,Please call me when you reach home safely.,True,False,0,0
+917453321602,804,,Your grocery delivery will arrive between four and five. Can we move tomorrow's project meeting to the afternoon?,False,False,1,0
+919447575088,1837,digital arrest,A digital arrest warrant has been issued and police will arrive. Transfer all funds immediately to the verification account.,False,False,1,1
+917620608076,436,cbi|aadhaar,I am calling from CBI and your Aadhaar has been linked to money laundering. A customs parcel in your name contains illegal items.,False,True,8,1
+916218535327,1167,,Please call me when you reach home safely.,False,False,0,0
+918836042225,1592,,A customs parcel in your name contains illegal items. Transfer all funds immediately to the verification account. Do not disconnect the call or tell anyone about this investigation.,True,True,9,1
+919893582616,1495,,Please call me when you reach home safely. Can we move tomorrow's project meeting to the afternoon?,False,False,0,0
+917609136524,2084,,Your grocery delivery will arrive between four and five. The bank branch is closed today due to a public holiday.,False,False,1,0
+917177052062,727,,Transfer all funds immediately to the verification account.,True,True,1,1
+918160854733,2080,cbi|aadhaar,I am calling from CBI and your Aadhaar has been linked to money laundering.,True,False,12,1
+916939750714,2390,cbi|aadhaar,Transfer all funds immediately to the verification account. Do not disconnect the call or tell anyone about this investigation. I am calling from CBI and your Aadhaar has been linked to money laundering.,False,True,0,1
+918418869395,127,,Your grocery delivery will arrive between four and five.,True,False,1,0
+918842482914,57,,Can we move tomorrow's project meeting to the afternoon?,False,False,0,0
+919565027869,1119,digital arrest,Transfer all funds immediately to the verification account. A digital arrest warrant has been issued and police will arrive. Do not disconnect the call or tell anyone about this investigation.,True,True,8,1
+917355709555,1740,,Please call me when you reach home safely. Your grocery delivery will arrive between four and five.,False,False,1,0
+918944724923,1300,,Your grocery delivery will arrive between four and five.,False,False,1,0
+919506503991,1970,,Please call me when you reach home safely. Your appointment is confirmed for next Monday.,False,False,1,0
+918148058896,1430,digital arrest,A customs parcel in your name contains illegal items. A digital arrest warrant has been issued and police will arrive.,False,True,6,1
+917562323473,284,digital arrest,Transfer all funds immediately to the verification account. A digital arrest warrant has been issued and police will arrive.,True,True,0,1
+916616719849,1947,,Your appointment is confirmed for next Monday. Can we move tomorrow's project meeting to the afternoon?,False,False,1,0
+917851666537,345,,Can we move tomorrow's project meeting to the afternoon?,False,False,0,0
+918555126688,2226,,Please call me when you reach home safely.,False,False,0,0
+917631673299,1991,,The bank branch is closed today due to a public holiday. Your grocery delivery will arrive between four and five.,False,False,0,0
+916238841913,824,cbi|aadhaar,Do not disconnect the call or tell anyone about this investigation. I am calling from CBI and your Aadhaar has been linked to money laundering.,True,True,2,1
+919851888832,353,,Can we move tomorrow's project meeting to the afternoon?,False,False,0,0
+917473767134,2172,cbi|aadhaar,Transfer all funds immediately to the verification account. I am calling from CBI and your Aadhaar has been linked to money laundering. Do not disconnect the call or tell anyone about this investigation.,True,True,9,1
+917187473055,819,cbi|aadhaar|digital arrest,Transfer all funds immediately to the verification account. A digital arrest warrant has been issued and police will arrive. I am calling from CBI and your Aadhaar has been linked to money laundering.,True,True,2,1
+917945906856,2372,,Transfer all funds immediately to the verification account. A customs parcel in your name contains illegal items.,False,True,0,1
+917821985062,1799,cbi|aadhaar,A customs parcel in your name contains illegal items. I am calling from CBI and your Aadhaar has been linked to money laundering. Transfer all funds immediately to the verification account.,False,False,6,1
+919197816757,2230,digital arrest,A digital arrest warrant has been issued and police will arrive.,True,False,1,1
+916197183032,532,digital arrest,A digital arrest warrant has been issued and police will arrive. Do not disconnect the call or tell anyone about this investigation.,False,True,11,1
+917132741705,1769,,Please call me when you reach home safely.,False,False,0,0
+918937774513,2228,,A customs parcel in your name contains illegal items. Do not disconnect the call or tell anyone about this investigation.,True,False,7,1
+918067539174,2342,cbi|aadhaar,I am calling from CBI and your Aadhaar has been linked to money laundering. A customs parcel in your name contains illegal items.,False,True,1,1
+916563139697,2055,,Your grocery delivery will arrive between four and five.,False,False,0,0
+919676756684,551,,Your appointment is confirmed for next Monday.,False,False,1,0
+919443066576,1526,cbi|aadhaar,A customs parcel in your name contains illegal items. Do not disconnect the call or tell anyone about this investigation. I am calling from CBI and your Aadhaar has been linked to money laundering.,False,False,0,1
+919548758924,1278,,The bank branch is closed today due to a public holiday. Please call me when you reach home safely.,False,False,0,0
+916403084747,1630,,Can we move tomorrow's project meeting to the afternoon? Your appointment is confirmed for next Monday.,False,False,0,0
+916810076259,568,digital arrest,Do not disconnect the call or tell anyone about this investigation. A digital arrest warrant has been issued and police will arrive. Transfer all funds immediately to the verification account.,True,True,9,1
+917348099109,1313,cbi|aadhaar|digital arrest,A digital arrest warrant has been issued and police will arrive. I am calling from CBI and your Aadhaar has been linked to money laundering. Do not disconnect the call or tell anyone about this investigation.,False,True,1,1
+916263231240,608,,Your grocery delivery will arrive between four and five. The bank branch is closed today due to a public holiday.,False,False,0,0
+918095339195,1176,,The bank branch is closed today due to a public holiday.,False,False,0,0
+918214018627,251,,Can we move tomorrow's project meeting to the afternoon?,False,False,0,0
+917158910004,46,,Your grocery delivery will arrive between four and five. Can we move tomorrow's project meeting to the afternoon?,False,False,1,0
+918010290746,2013,,Your grocery delivery will arrive between four and five.,False,False,0,0
+919988375033,559,,The bank branch is closed today due to a public holiday.,False,False,0,0
+916278621374,1822,digital arrest,Do not disconnect the call or tell anyone about this investigation. A customs parcel in your name contains illegal items. A digital arrest warrant has been issued and police will arrive.,True,True,5,1
+917237382435,1947,,Transfer all funds immediately to the verification account.,False,False,9,1
+916932677024,2393,digital arrest,A customs parcel in your name contains illegal items. A digital arrest warrant has been issued and police will arrive.,False,True,11,1
+917484966749,271,,Do not disconnect the call or tell anyone about this investigation. A customs parcel in your name contains illegal items.,False,False,0,1
+918657425577,2240,digital arrest,Do not disconnect the call or tell anyone about this investigation. A digital arrest warrant has been issued and police will arrive.,False,True,7,1
+919489043135,1858,,Your appointment is confirmed for next Monday. Can we move tomorrow's project meeting to the afternoon?,False,False,1,0
+919946898108,488,cbi|aadhaar,I am calling from CBI and your Aadhaar has been linked to money laundering. Do not disconnect the call or tell anyone about this investigation. Transfer all funds immediately to the verification account.,False,True,0,1
+918868855760,388,,Transfer all funds immediately to the verification account. Do not disconnect the call or tell anyone about this investigation.,False,True,6,1
+918891975408,795,,Your grocery delivery will arrive between four and five.,False,False,1,0
+919582690938,1059,digital arrest,A customs parcel in your name contains illegal items. Transfer all funds immediately to the verification account. A digital arrest warrant has been issued and police will arrive.,True,False,1,1
+916688775676,2337,,A customs parcel in your name contains illegal items.,False,True,5,1
+919965425043,60,,Transfer all funds immediately to the verification account.,False,False,12,1
+918148453796,1008,,Do not disconnect the call or tell anyone about this investigation.,True,True,1,1
+917372704436,2005,digital arrest,A digital arrest warrant has been issued and police will arrive.,True,False,1,1
+916936506194,191,,Can we move tomorrow's project meeting to the afternoon?,True,False,1,0
+918723594565,605,,Please call me when you reach home safely.,False,False,0,0
+917218423354,1678,,Please call me when you reach home safely. Your appointment is confirmed for next Monday.,False,False,1,0
+917177756014,1755,,Do not disconnect the call or tell anyone about this investigation. Transfer all funds immediately to the verification account.,False,True,0,1
+918269297231,1197,,Transfer all funds immediately to the verification account. A customs parcel in your name contains illegal items. Do not disconnect the call or tell anyone about this investigation.,False,False,1,1
+917429781393,525,,The bank branch is closed today due to a public holiday. Please call me when you reach home safely.,False,False,0,0
+918146184551,1651,cbi|aadhaar,I am calling from CBI and your Aadhaar has been linked to money laundering. Transfer all funds immediately to the verification account.,True,False,12,1
+919374302639,966,digital arrest,A digital arrest warrant has been issued and police will arrive. Transfer all funds immediately to the verification account. A customs parcel in your name contains illegal items.,False,True,7,1
+918215503421,1079,digital arrest,Do not disconnect the call or tell anyone about this investigation. A digital arrest warrant has been issued and police will arrive.,False,False,7,1
+917516667001,1995,cbi|aadhaar|digital arrest,Do not disconnect the call or tell anyone about this investigation. A digital arrest warrant has been issued and police will arrive. I am calling from CBI and your Aadhaar has been linked to money laundering.,False,True,12,1
+916987207667,2015,,Please call me when you reach home safely.,False,False,0,0
+916246606922,787,,Transfer all funds immediately to the verification account.,False,True,7,1
+916523383652,96,cbi|aadhaar,I am calling from CBI and your Aadhaar has been linked to money laundering. Do not disconnect the call or tell anyone about this investigation. A customs parcel in your name contains illegal items.,False,True,10,1
+918740023216,1542,,Do not disconnect the call or tell anyone about this investigation. Transfer all funds immediately to the verification account. A customs parcel in your name contains illegal items.,True,True,3,1
+918392262097,1096,,Your appointment is confirmed for next Monday. Please call me when you reach home safely.,True,False,0,0
+918312826987,900,,Can we move tomorrow's project meeting to the afternoon? Your grocery delivery will arrive between four and five.,False,False,1,0
+916216025835,1825,,Please call me when you reach home safely. Your appointment is confirmed for next Monday.,False,False,0,0
+916953401246,1797,digital arrest,A customs parcel in your name contains illegal items. A digital arrest warrant has been issued and police will arrive.,False,False,5,1
+919774401800,1488,,Can we move tomorrow's project meeting to the afternoon? Please call me when you reach home safely.,False,False,0,0
+918451842600,1982,,Transfer all funds immediately to the verification account. Do not disconnect the call or tell anyone about this investigation.,False,True,11,1
+918095263820,1033,cbi|aadhaar|digital arrest,Do not disconnect the call or tell anyone about this investigation. A digital arrest warrant has been issued and police will arrive. I am calling from CBI and your Aadhaar has been linked to money laundering.,False,False,12,1
+917161711011,1944,digital arrest,A digital arrest warrant has been issued and police will arrive. Do not disconnect the call or tell anyone about this investigation.,True,False,1,1
+919759121036,1793,,The bank branch is closed today due to a public holiday.,False,False,1,0
+918348686869,227,cbi|aadhaar,I am calling from CBI and your Aadhaar has been linked to money laundering. Transfer all funds immediately to the verification account.,False,True,12,1
+918646017360,723,,Can we move tomorrow's project meeting to the afternoon? Please call me when you reach home safely.,False,False,1,0
+917834999382,1357,cbi|aadhaar,I am calling from CBI and your Aadhaar has been linked to money laundering. Do not disconnect the call or tell anyone about this investigation.,True,True,1,1
+917010757528,445,cbi|aadhaar|digital arrest,Transfer all funds immediately to the verification account. A digital arrest warrant has been issued and police will arrive. I am calling from CBI and your Aadhaar has been linked to money laundering.,True,False,0,1
+917150429205,1950,,Please call me when you reach home safely.,False,False,0,0
+919371760841,1044,,Do not disconnect the call or tell anyone about this investigation.,False,True,8,1
+916686949808,143,,Your grocery delivery will arrive between four and five.,False,False,0,0
+916426946249,1520,cbi|aadhaar,Transfer all funds immediately to the verification account. Do not disconnect the call or tell anyone about this investigation. I am calling from CBI and your Aadhaar has been linked to money laundering.,True,True,3,1
+918945202041,918,,Do not disconnect the call or tell anyone about this investigation.,False,True,1,1
+916195427680,781,digital arrest,A digital arrest warrant has been issued and police will arrive.,True,True,2,1
+919580902579,490,,Please call me when you reach home safely. Can we move tomorrow's project meeting to the afternoon?,False,False,0,0
+917375249030,1663,,Do not disconnect the call or tell anyone about this investigation.,False,True,8,1
+918964650442,460,,Your grocery delivery will arrive between four and five.,False,False,0,0
+919731551187,1433,,Please call me when you reach home safely.,False,False,1,0
+918274611172,1006,,The bank branch is closed today due to a public holiday.,False,False,1,0
+918116615887,1277,cbi|aadhaar,A customs parcel in your name contains illegal items. I am calling from CBI and your Aadhaar has been linked to money laundering. Do not disconnect the call or tell anyone about this investigation.,True,True,1,1
+916800476697,165,cbi|aadhaar,I am calling from CBI and your Aadhaar has been linked to money laundering. A customs parcel in your name contains illegal items.,False,True,8,1
+919064014225,2356,cbi|aadhaar,Do not disconnect the call or tell anyone about this investigation. I am calling from CBI and your Aadhaar has been linked to money laundering. Transfer all funds immediately to the verification account.,False,True,0,1
+916107404939,1564,,Do not disconnect the call or tell anyone about this investigation.,False,False,11,1
+918997431923,341,,Can we move tomorrow's project meeting to the afternoon?,False,False,1,0
+918815525461,205,digital arrest,Transfer all funds immediately to the verification account. Do not disconnect the call or tell anyone about this investigation. A digital arrest warrant has been issued and police will arrive.,False,True,3,1
+917246113479,708,cbi|aadhaar,I am calling from CBI and your Aadhaar has been linked to money laundering.,True,True,10,1
+918122175264,138,,Can we move tomorrow's project meeting to the afternoon?,False,False,1,0
+919449738024,1803,,Please call me when you reach home safely. Your grocery delivery will arrive between four and five.,False,False,0,0
+917373782379,422,digital arrest,A digital arrest warrant has been issued and police will arrive. A customs parcel in your name contains illegal items. Transfer all funds immediately to the verification account.,True,True,10,1
+916175216934,2378,,Do not disconnect the call or tell anyone about this investigation. A customs parcel in your name contains illegal items.,True,True,1,1
+919401360160,838,cbi|aadhaar,Do not disconnect the call or tell anyone about this investigation. I am calling from CBI and your Aadhaar has been linked to money laundering.,True,True,11,1
+916117976983,1862,,Your grocery delivery will arrive between four and five.,False,False,1,0
+917918050690,285,cbi|aadhaar|digital arrest,Transfer all funds immediately to the verification account. A digital arrest warrant has been issued and police will arrive. I am calling from CBI and your Aadhaar has been linked to money laundering.,True,False,7,1
+918401455908,960,digital arrest,A customs parcel in your name contains illegal items. A digital arrest warrant has been issued and police will arrive.,False,False,0,1
+917459182880,2118,,The bank branch is closed today due to a public holiday. Your appointment is confirmed for next Monday.,False,False,0,0
+917952330749,1843,cbi|aadhaar,I am calling from CBI and your Aadhaar has been linked to money laundering.,True,True,3,1
+916505967940,2271,,Your appointment is confirmed for next Monday.,False,False,0,0
+917097874931,143,cbi|aadhaar|digital arrest,I am calling from CBI and your Aadhaar has been linked to money laundering. A digital arrest warrant has been issued and police will arrive.,True,False,0,1
+917562838716,150,cbi|aadhaar|digital arrest,A digital arrest warrant has been issued and police will arrive. I am calling from CBI and your Aadhaar has been linked to money laundering.,True,True,10,1
+918038471623,348,cbi|aadhaar|digital arrest,I am calling from CBI and your Aadhaar has been linked to money laundering. A digital arrest warrant has been issued and police will arrive.,False,False,1,1
+919918552882,2119,digital arrest,A customs parcel in your name contains illegal items. Transfer all funds immediately to the verification account. A digital arrest warrant has been issued and police will arrive.,True,True,8,1
+919562498837,259,,Can we move tomorrow's project meeting to the afternoon?,False,False,1,0
+918332273518,358,,The bank branch is closed today due to a public holiday.,False,False,1,0
+919925230688,539,,Your appointment is confirmed for next Monday.,False,False,0,0
+919417627070,1677,,The bank branch is closed today due to a public holiday. Please call me when you reach home safely.,False,False,1,0
+917714146672,148,digital arrest,A digital arrest warrant has been issued and police will arrive.,True,True,0,1
+919863308794,2009,cbi|aadhaar,I am calling from CBI and your Aadhaar has been linked to money laundering.,False,True,5,1
+917080538848,1463,,Do not disconnect the call or tell anyone about this investigation.,False,True,0,1
+919129005354,639,digital arrest,Do not disconnect the call or tell anyone about this investigation. A customs parcel in your name contains illegal items. A digital arrest warrant has been issued and police will arrive.,True,False,1,1
+918251140103,2340,,Your appointment is confirmed for next Monday.,False,False,1,0
+917969584453,732,,Your appointment is confirmed for next Monday. Please call me when you reach home safely.,False,False,0,0
+919008999665,1965,,Can we move tomorrow's project meeting to the afternoon?,False,False,1,0
+919840902531,1024,,The bank branch is closed today due to a public holiday.,False,False,0,0
+917144897134,584,,Do not disconnect the call or tell anyone about this investigation. Transfer all funds immediately to the verification account.,False,True,1,1
+917029702094,347,,Do not disconnect the call or tell anyone about this investigation. Transfer all funds immediately to the verification account. A customs parcel in your name contains illegal items.,True,True,1,1
+918032898902,1049,,Please call me when you reach home safely. Can we move tomorrow's project meeting to the afternoon?,False,False,0,0
+919843798780,42,,Can we move tomorrow's project meeting to the afternoon?,False,False,1,0
+917821610653,826,,Your grocery delivery will arrive between four and five.,False,False,1,0
+916394562312,1563,,The bank branch is closed today due to a public holiday.,False,False,0,0
+918268511778,2309,,Transfer all funds immediately to the verification account. Do not disconnect the call or tell anyone about this investigation. A customs parcel in your name contains illegal items.,True,False,3,1
+916138102624,1190,,The bank branch is closed today due to a public holiday.,False,False,1,0
+916361003701,347,cbi|aadhaar|digital arrest,I am calling from CBI and your Aadhaar has been linked to money laundering. Transfer all funds immediately to the verification account. A digital arrest warrant has been issued and police will arrive.,True,False,5,1
+919286978171,361,digital arrest,Transfer all funds immediately to the verification account. A digital arrest warrant has been issued and police will arrive. A customs parcel in your name contains illegal items.,False,True,11,1
+917020643301,2101,,Can we move tomorrow's project meeting to the afternoon? The bank branch is closed today due to a public holiday.,False,False,1,0
+918109340927,741,digital arrest,A digital arrest warrant has been issued and police will arrive.,False,True,7,1
+917087425828,1836,,Can we move tomorrow's project meeting to the afternoon? Please call me when you reach home safely.,False,False,0,0
+919668190456,38,digital arrest,A digital arrest warrant has been issued and police will arrive. A customs parcel in your name contains illegal items. Do not disconnect the call or tell anyone about this investigation.,True,True,0,1
+918272176178,932,,Transfer all funds immediately to the verification account.,False,True,11,1
+918395325262,732,cbi|aadhaar|digital arrest,Do not disconnect the call or tell anyone about this investigation. A digital arrest warrant has been issued and police will arrive. I am calling from CBI and your Aadhaar has been linked to money laundering.,True,False,8,1
+916602644194,1058,,Your grocery delivery will arrive between four and five.,False,False,0,0
+917648956902,718,,A customs parcel in your name contains illegal items.,True,False,11,1
+916056892367,1773,,The bank branch is closed today due to a public holiday.,False,False,1,0
+919474639690,1722,,Your grocery delivery will arrive between four and five. Your appointment is confirmed for next Monday.,False,False,1,0
+919417940561,291,cbi|aadhaar|digital arrest,A digital arrest warrant has been issued and police will arrive. I am calling from CBI and your Aadhaar has been linked to money laundering.,True,False,0,1
+917143578508,1823,cbi|aadhaar,I am calling from CBI and your Aadhaar has been linked to money laundering. A customs parcel in your name contains illegal items. Do not disconnect the call or tell anyone about this investigation.,True,False,2,1
+917367608235,39,,Your grocery delivery will arrive between four and five.,False,False,0,0
+916007076922,1071,,Please call me when you reach home safely.,False,False,0,0
+916484558576,737,,Do not disconnect the call or tell anyone about this investigation. A customs parcel in your name contains illegal items.,True,True,0,1
+916157566451,1922,,Transfer all funds immediately to the verification account.,False,True,1,1
+916139244045,282,,Your appointment is confirmed for next Monday. The bank branch is closed today due to a public holiday.,False,False,0,0
+916957081814,2030,,Transfer all funds immediately to the verification account. Do not disconnect the call or tell anyone about this investigation.,True,True,1,1
+916728672127,2155,,Your grocery delivery will arrive between four and five. The bank branch is closed today due to a public holiday.,False,False,1,0
+918995864870,1819,,Please call me when you reach home safely. The bank branch is closed today due to a public holiday.,False,False,1,0
+916123328979,1422,,Your appointment is confirmed for next Monday. Can we move tomorrow's project meeting to the afternoon?,False,False,0,0
+917339527141,438,digital arrest,A digital arrest warrant has been issued and police will arrive. Do not disconnect the call or tell anyone about this investigation.,True,True,7,1
+916019077813,1179,,Your appointment is confirmed for next Monday. Your grocery delivery will arrive between four and five.,False,False,1,0
+919756260967,576,,Do not disconnect the call or tell anyone about this investigation.,True,False,7,1
+919078148444,91,,Your appointment is confirmed for next Monday. Please call me when you reach home safely.,False,False,1,0
+918088082622,1367,,Transfer all funds immediately to the verification account. A customs parcel in your name contains illegal items.,False,True,1,1
+918149239067,1221,,Your grocery delivery will arrive between four and five.,False,False,0,0
+916445745009,2186,,A customs parcel in your name contains illegal items.,True,True,11,1
+918154824966,1459,,The bank branch is closed today due to a public holiday. Your appointment is confirmed for next Monday.,False,False,0,0
+917604174698,1014,,The bank branch is closed today due to a public holiday.,False,False,1,0
+919280431289,1385,,Please call me when you reach home safely.,True,False,1,0
+919692443863,1062,digital arrest,Transfer all funds immediately to the verification account. A digital arrest warrant has been issued and police will arrive.,True,True,4,1
+916732134647,728,,Can we move tomorrow's project meeting to the afternoon? The bank branch is closed today due to a public holiday.,False,False,0,0
+916353437163,2044,,Please call me when you reach home safely. Your appointment is confirmed for next Monday.,False,False,0,0
+918667885803,1151,,Please call me when you reach home safely.,False,False,0,0
+919378155671,1657,,The bank branch is closed today due to a public holiday. Can we move tomorrow's project meeting to the afternoon?,False,False,0,0
+919521583952,947,,Can we move tomorrow's project meeting to the afternoon?,False,False,0,0
+916385156524,1432,,A customs parcel in your name contains illegal items.,False,True,9,1
+918017713624,1341,,Transfer all funds immediately to the verification account.,True,False,10,1
+917611111229,1044,,Your grocery delivery will arrive between four and five. Can we move tomorrow's project meeting to the afternoon?,False,False,1,0
+919105330726,1809,,Your grocery delivery will arrive between four and five. The bank branch is closed today due to a public holiday.,False,False,0,0
+917056853355,867,digital arrest,A digital arrest warrant has been issued and police will arrive.,True,True,1,1
+917927682540,619,digital arrest,A digital arrest warrant has been issued and police will arrive.,True,True,9,1
+918970157050,2109,,Your appointment is confirmed for next Monday. Can we move tomorrow's project meeting to the afternoon?,False,False,0,0
+917053164038,858,cbi|aadhaar|digital arrest,I am calling from CBI and your Aadhaar has been linked to money laundering. A customs parcel in your name contains illegal items. A digital arrest warrant has been issued and police will arrive.,False,True,1,1
+917253595599,1182,,Your grocery delivery will arrive between four and five.,False,False,1,0
+916232879737,770,,Please call me when you reach home safely.,False,False,1,0
+918023899305,2296,,Your grocery delivery will arrive between four and five.,False,False,0,0
+919993459305,1731,,Your grocery delivery will arrive between four and five.,False,False,0,0
+917953863961,1013,,Please call me when you reach home safely. Your appointment is confirmed for next Monday.,False,False,1,0
+919803731422,268,,A customs parcel in your name contains illegal items. Transfer all funds immediately to the verification account.,True,True,5,1
+919461411363,1054,,Your appointment is confirmed for next Monday.,False,False,1,0
+916600050152,1593,,Your grocery delivery will arrive between four and five.,False,False,0,0
+918307927410,584,,Can we move tomorrow's project meeting to the afternoon? Your appointment is confirmed for next Monday.,False,False,0,0
+918812452894,2160,cbi|aadhaar,I am calling from CBI and your Aadhaar has been linked to money laundering. Do not disconnect the call or tell anyone about this investigation. A customs parcel in your name contains illegal items.,True,True,0,1
+916615280575,1572,,Please call me when you reach home safely.,False,False,0,0
+918715458778,535,cbi|aadhaar,I am calling from CBI and your Aadhaar has been linked to money laundering. A customs parcel in your name contains illegal items.,False,True,12,1
+918415863558,1032,cbi|aadhaar|digital arrest,A customs parcel in your name contains illegal items. A digital arrest warrant has been issued and police will arrive. I am calling from CBI and your Aadhaar has been linked to money laundering.,False,False,7,1
+916748462013,1184,,A customs parcel in your name contains illegal items.,True,True,1,1
+918863438734,167,,Can we move tomorrow's project meeting to the afternoon? The bank branch is closed today due to a public holiday.,False,False,0,0
+917984691454,487,,Your appointment is confirmed for next Monday. Can we move tomorrow's project meeting to the afternoon?,False,False,1,0
+919565472837,1497,,Your appointment is confirmed for next Monday. Your grocery delivery will arrive between four and five.,False,False,1,0
+919506839451,1642,cbi|aadhaar|digital arrest,Transfer all funds immediately to the verification account. I am calling from CBI and your Aadhaar has been linked to money laundering. A digital arrest warrant has been issued and police will arrive.,False,True,1,1
+918509028780,54,,A customs parcel in your name contains illegal items. Transfer all funds immediately to the verification account.,True,True,0,1
+917569717023,1382,,Do not disconnect the call or tell anyone about this investigation. Transfer all funds immediately to the verification account.,True,True,1,1
+919273162144,2029,,Your appointment is confirmed for next Monday.,False,False,1,0
+916186779457,965,cbi|aadhaar,I am calling from CBI and your Aadhaar has been linked to money laundering.,True,True,1,1
+916246083346,1298,cbi|aadhaar|digital arrest,Transfer all funds immediately to the verification account. I am calling from CBI and your Aadhaar has been linked to money laundering. A digital arrest warrant has been issued and police will arrive.,False,False,9,1
+917065968158,463,cbi|aadhaar|digital arrest,I am calling from CBI and your Aadhaar has been linked to money laundering. A customs parcel in your name contains illegal items. A digital arrest warrant has been issued and police will arrive.,True,True,7,1
+919202997283,389,cbi|aadhaar,I am calling from CBI and your Aadhaar has been linked to money laundering. A customs parcel in your name contains illegal items.,True,False,3,1
+919081886891,2089,,Transfer all funds immediately to the verification account. Do not disconnect the call or tell anyone about this investigation.,False,True,5,1
+918104043864,2086,,Can we move tomorrow's project meeting to the afternoon?,False,False,1,0
+918182231247,317,cbi|aadhaar,I am calling from CBI and your Aadhaar has been linked to money laundering. A customs parcel in your name contains illegal items.,True,True,1,1
+919589951810,1733,,The bank branch is closed today due to a public holiday.,False,False,1,0
+919205200558,1008,,A customs parcel in your name contains illegal items. Transfer all funds immediately to the verification account.,True,True,0,1
+918987589681,1722,,Transfer all funds immediately to the verification account.,True,True,6,1
+917783812060,799,,Can we move tomorrow's project meeting to the afternoon?,False,False,1,0
+918548886614,556,cbi|aadhaar,I am calling from CBI and your Aadhaar has been linked to money laundering. Do not disconnect the call or tell anyone about this investigation.,True,True,10,1
+918377032498,1275,digital arrest,A customs parcel in your name contains illegal items. A digital arrest warrant has been issued and police will arrive. Transfer all funds immediately to the verification account.,True,True,1,1
+919993092190,949,,Can we move tomorrow's project meeting to the afternoon? Your grocery delivery will arrive between four and five.,False,False,1,0
+916786848512,769,cbi|aadhaar,I am calling from CBI and your Aadhaar has been linked to money laundering. Transfer all funds immediately to the verification account. A customs parcel in your name contains illegal items.,False,False,10,1
+916571862541,992,,Please call me when you reach home safely.,True,False,1,0
+916475007310,2028,,Transfer all funds immediately to the verification account. A customs parcel in your name contains illegal items.,True,False,12,1
+917046756560,1941,,Your appointment is confirmed for next Monday.,False,False,1,0
+916019030999,1750,,The bank branch is closed today due to a public holiday. Can we move tomorrow's project meeting to the afternoon?,False,False,1,0
+918753818066,1475,,A customs parcel in your name contains illegal items.,True,True,7,1
+917279765452,64,digital arrest,Transfer all funds immediately to the verification account. Do not disconnect the call or tell anyone about this investigation. A digital arrest warrant has been issued and police will arrive.,False,True,2,1
+916872906666,105,,Can we move tomorrow's project meeting to the afternoon?,False,False,1,0
+919409358365,1360,digital arrest,Do not disconnect the call or tell anyone about this investigation. A customs parcel in your name contains illegal items. A digital arrest warrant has been issued and police will arrive.,True,True,1,1
+918391392028,2138,,Please call me when you reach home safely. Your grocery delivery will arrive between four and five.,False,False,0,0
+918888791146,1379,digital arrest,A digital arrest warrant has been issued and police will arrive.,True,False,7,1
+916858438215,292,,Your grocery delivery will arrive between four and five.,False,False,1,0
+918589420348,152,digital arrest,A digital arrest warrant has been issued and police will arrive.,False,True,1,1
+918648605636,1274,digital arrest,A customs parcel in your name contains illegal items. A digital arrest warrant has been issued and police will arrive.,True,True,7,1
+917202080100,1407,digital arrest,Do not disconnect the call or tell anyone about this investigation. A digital arrest warrant has been issued and police will arrive. A customs parcel in your name contains illegal items.,True,True,1,1
+916132569339,951,cbi|aadhaar,A customs parcel in your name contains illegal items. I am calling from CBI and your Aadhaar has been linked to money laundering. Transfer all funds immediately to the verification account.,True,True,11,1
+917472958632,546,cbi|aadhaar,Do not disconnect the call or tell anyone about this investigation. I am calling from CBI and your Aadhaar has been linked to money laundering. Transfer all funds immediately to the verification account.,False,True,12,1
+919462766466,1052,,Transfer all funds immediately to the verification account. A customs parcel in your name contains illegal items. Do not disconnect the call or tell anyone about this investigation.,True,True,1,1
+919685612487,1660,cbi|aadhaar|digital arrest,A digital arrest warrant has been issued and police will arrive. I am calling from CBI and your Aadhaar has been linked to money laundering.,True,True,2,1
+918170383261,1004,cbi|aadhaar|digital arrest,Transfer all funds immediately to the verification account. I am calling from CBI and your Aadhaar has been linked to money laundering. A digital arrest warrant has been issued and police will arrive.,True,True,12,1
+916518848978,1162,,Your grocery delivery will arrive between four and five.,False,False,1,0
+919681295515,1471,cbi|aadhaar,Transfer all funds immediately to the verification account. I am calling from CBI and your Aadhaar has been linked to money laundering.,True,True,12,1
+916575000159,1614,,Your appointment is confirmed for next Monday.,False,False,0,0
+918416877569,1278,,The bank branch is closed today due to a public holiday. Your grocery delivery will arrive between four and five.,False,False,0,0
+919580524254,1706,,Do not disconnect the call or tell anyone about this investigation. Transfer all funds immediately to the verification account.,False,True,1,1
+917460015745,97,digital arrest,A digital arrest warrant has been issued and police will arrive.,False,True,7,1
+918995480102,1535,,Your appointment is confirmed for next Monday.,False,False,0,0
+916894586085,2341,,Your appointment is confirmed for next Monday. Can we move tomorrow's project meeting to the afternoon?,False,False,0,0
+919466324361,92,,Your appointment is confirmed for next Monday. Can we move tomorrow's project meeting to the afternoon?,False,False,1,0
+916131816649,1730,,Your grocery delivery will arrive between four and five. Can we move tomorrow's project meeting to the afternoon?,False,False,1,0
+919029984488,2205,,Can we move tomorrow's project meeting to the afternoon? Please call me when you reach home safely.,False,False,0,0
+919879141202,945,cbi|aadhaar,Do not disconnect the call or tell anyone about this investigation. I am calling from CBI and your Aadhaar has been linked to money laundering.,False,False,0,1
+916048990785,2396,,Your grocery delivery will arrive between four and five.,False,False,0,0
+917906099061,945,,A customs parcel in your name contains illegal items. Do not disconnect the call or tell anyone about this investigation.,True,True,1,1
+918751352041,442,,A customs parcel in your name contains illegal items.,False,True,8,1
+919459720058,1205,,Please call me when you reach home safely. The bank branch is closed today due to a public holiday.,False,False,1,0
+917364282439,1097,,Please call me when you reach home safely. Your appointment is confirmed for next Monday.,False,False,0,0
+919189852186,1429,cbi|aadhaar|digital arrest,Do not disconnect the call or tell anyone about this investigation. I am calling from CBI and your Aadhaar has been linked to money laundering. A digital arrest warrant has been issued and police will arrive.,True,True,10,1
+918222577539,2088,digital arrest,A digital arrest warrant has been issued and police will arrive. A customs parcel in your name contains illegal items. Transfer all funds immediately to the verification account.,True,False,0,1
+918533158539,751,,Transfer all funds immediately to the verification account.,True,True,2,1
+918127459822,2112,,The bank branch is closed today due to a public holiday.,False,False,1,0
+916060684832,401,,Your appointment is confirmed for next Monday. Your grocery delivery will arrive between four and five.,False,False,1,0
+916302106134,257,digital arrest,A digital arrest warrant has been issued and police will arrive. A customs parcel in your name contains illegal items.,False,True,0,1
+917685724337,1836,,Can we move tomorrow's project meeting to the afternoon? The bank branch is closed today due to a public holiday.,False,False,1,0
+919627311810,1676,,Please call me when you reach home safely. The bank branch is closed today due to a public holiday.,False,False,0,0
+918470638571,1578,cbi|aadhaar|digital arrest,I am calling from CBI and your Aadhaar has been linked to money laundering. Transfer all funds immediately to the verification account. A digital arrest warrant has been issued and police will arrive.,True,True,10,1
+916057004237,1464,,Your grocery delivery will arrive between four and five.,False,False,0,0
+916444806603,384,,Can we move tomorrow's project meeting to the afternoon? The bank branch is closed today due to a public holiday.,False,False,0,0
+918581978480,1259,,Can we move tomorrow's project meeting to the afternoon?,False,False,1,0
+917926210068,178,,Do not disconnect the call or tell anyone about this investigation. Transfer all funds immediately to the verification account.,False,True,3,1
+917798464655,1947,,Do not disconnect the call or tell anyone about this investigation.,True,True,12,1
+919597165929,320,,A customs parcel in your name contains illegal items. Do not disconnect the call or tell anyone about this investigation. Transfer all funds immediately to the verification account.,False,False,6,1
+918362718626,922,,Your grocery delivery will arrive between four and five. Can we move tomorrow's project meeting to the afternoon?,False,False,1,0
+916691833109,2358,cbi|aadhaar,Do not disconnect the call or tell anyone about this investigation. I am calling from CBI and your Aadhaar has been linked to money laundering. Transfer all funds immediately to the verification account.,False,True,4,1
+919230290212,1594,,Your grocery delivery will arrive between four and five. Can we move tomorrow's project meeting to the afternoon?,False,False,1,0
+918366232401,1364,,A customs parcel in your name contains illegal items.,True,True,5,1
+917879965797,1869,cbi|aadhaar,I am calling from CBI and your Aadhaar has been linked to money laundering.,True,True,1,1
+919490926183,2318,digital arrest,A digital arrest warrant has been issued and police will arrive.,True,False,12,1
+917906583182,1339,,Do not disconnect the call or tell anyone about this investigation.,False,True,3,1
+916055660952,1578,digital arrest,A digital arrest warrant has been issued and police will arrive. Do not disconnect the call or tell anyone about this investigation.,True,True,1,1
+917143700012,1963,,Your appointment is confirmed for next Monday.,False,False,0,0
+919614333605,1726,,Transfer all funds immediately to the verification account. A customs parcel in your name contains illegal items.,True,True,7,1
+916763207461,1485,cbi|aadhaar,I am calling from CBI and your Aadhaar has been linked to money laundering. Transfer all funds immediately to the verification account.,True,True,8,1
+917800712132,2378,digital arrest,A digital arrest warrant has been issued and police will arrive. Do not disconnect the call or tell anyone about this investigation.,False,True,1,1
+917351515923,1802,,Your grocery delivery will arrive between four and five. Your appointment is confirmed for next Monday.,False,False,0,0
+917837494220,1204,digital arrest,A digital arrest warrant has been issued and police will arrive.,False,True,0,1
+919635349287,2209,,Transfer all funds immediately to the verification account.,True,False,7,1
+916290816112,944,,Your appointment is confirmed for next Monday.,False,False,0,0
+917839646494,241,,Do not disconnect the call or tell anyone about this investigation.,True,True,1,1
+919668375662,876,,Please call me when you reach home safely. Can we move tomorrow's project meeting to the afternoon?,False,False,0,0
+916594452269,1172,,The bank branch is closed today due to a public holiday.,False,False,1,0
+919664594641,2202,cbi|aadhaar,I am calling from CBI and your Aadhaar has been linked to money laundering. Transfer all funds immediately to the verification account.,False,False,1,1
+919453575944,710,,Can we move tomorrow's project meeting to the afternoon? Your grocery delivery will arrive between four and five.,False,False,0,0
+917621505074,480,,Please call me when you reach home safely.,False,False,0,0
+919160393845,1057,,Can we move tomorrow's project meeting to the afternoon? Please call me when you reach home safely.,False,False,1,0
+916105593729,886,,Can we move tomorrow's project meeting to the afternoon?,False,False,1,0
+916412242751,2367,digital arrest,A customs parcel in your name contains illegal items. A digital arrest warrant has been issued and police will arrive.,False,True,0,1
+917204814765,399,digital arrest,A digital arrest warrant has been issued and police will arrive.,False,True,12,1
+918192274574,33,,Can we move tomorrow's project meeting to the afternoon?,False,False,0,0
+918942924955,1056,,Can we move tomorrow's project meeting to the afternoon? The bank branch is closed today due to a public holiday.,False,False,0,0
+918632454786,702,digital arrest,Transfer all funds immediately to the verification account. A digital arrest warrant has been issued and police will arrive. Do not disconnect the call or tell anyone about this investigation.,True,False,2,1
+919289183034,44,,Your grocery delivery will arrive between four and five.,False,False,1,0
+917851528169,1974,cbi|aadhaar,Do not disconnect the call or tell anyone about this investigation. I am calling from CBI and your Aadhaar has been linked to money laundering.,True,True,3,1
+918489242607,2269,,The bank branch is closed today due to a public holiday.,False,False,1,0
+916396762705,827,,A customs parcel in your name contains illegal items.,True,True,1,1
+919652586280,2241,,Your grocery delivery will arrive between four and five. Please call me when you reach home safely.,False,False,0,0
+917882286393,1613,,The bank branch is closed today due to a public holiday. Can we move tomorrow's project meeting to the afternoon?,False,False,1,0
+918476563115,726,,Can we move tomorrow's project meeting to the afternoon?,False,False,0,0
+917696770898,1942,,Your appointment is confirmed for next Monday.,False,False,1,0
+916869118377,1029,,Can we move tomorrow's project meeting to the afternoon? Your grocery delivery will arrive between four and five.,True,False,1,0
+916677305090,1644,,Your grocery delivery will arrive between four and five. Your appointment is confirmed for next Monday.,False,False,1,0
+916210889268,2141,,Do not disconnect the call or tell anyone about this investigation.,False,True,1,1
+917028826267,1070,digital arrest,A customs parcel in your name contains illegal items. Transfer all funds immediately to the verification account. A digital arrest warrant has been issued and police will arrive.,False,True,2,1
+916262263947,431,,Can we move tomorrow's project meeting to the afternoon?,False,False,0,0
+917558356431,1333,,A customs parcel in your name contains illegal items. Do not disconnect the call or tell anyone about this investigation.,True,True,0,1
+919978995980,1579,digital arrest,A digital arrest warrant has been issued and police will arrive.,True,True,1,1
+918196661511,1308,,Your grocery delivery will arrive between four and five. Your appointment is confirmed for next Monday.,False,False,0,0
+917672743857,55,cbi|aadhaar,A customs parcel in your name contains illegal items. I am calling from CBI and your Aadhaar has been linked to money laundering.,True,True,0,1
+918630595179,1404,,Please call me when you reach home safely.,False,False,1,0
+919872018937,1309,,Please call me when you reach home safely.,False,False,0,0
+917372025306,1957,,Please call me when you reach home safely. Your appointment is confirmed for next Monday.,False,False,1,0
+919913467721,1151,cbi|aadhaar,I am calling from CBI and your Aadhaar has been linked to money laundering.,True,False,1,1
+916060068640,1917,digital arrest,A digital arrest warrant has been issued and police will arrive. Do not disconnect the call or tell anyone about this investigation. A customs parcel in your name contains illegal items.,True,False,5,1
+917047469023,134,,A customs parcel in your name contains illegal items.,False,True,1,1
+917909141208,416,,Please call me when you reach home safely.,False,False,1,0
+917094033160,1894,,Do not disconnect the call or tell anyone about this investigation.,False,False,1,1
+917257166086,758,cbi|aadhaar,I am calling from CBI and your Aadhaar has been linked to money laundering. Do not disconnect the call or tell anyone about this investigation.,True,False,9,1
+917531318671,771,,Your appointment is confirmed for next Monday.,False,False,0,0
+919749246435,1637,,Can we move tomorrow's project meeting to the afternoon? Your grocery delivery will arrive between four and five.,False,False,1,0
+916195365138,1371,,A customs parcel in your name contains illegal items.,False,True,0,1
+919811358755,1239,,Do not disconnect the call or tell anyone about this investigation.,True,True,10,1
+918578501173,1657,cbi|aadhaar,Do not disconnect the call or tell anyone about this investigation. Transfer all funds immediately to the verification account. I am calling from CBI and your Aadhaar has been linked to money laundering.,False,True,0,1
+918172516087,1183,,Your appointment is confirmed for next Monday.,False,False,0,0
+917523768869,1082,,Please call me when you reach home safely.,False,False,1,0
+916820670837,950,,Can we move tomorrow's project meeting to the afternoon? The bank branch is closed today due to a public holiday.,False,False,0,0
+918814752629,1036,,Your grocery delivery will arrive between four and five. The bank branch is closed today due to a public holiday.,False,False,1,0
+919488107234,113,,Your appointment is confirmed for next Monday.,False,False,1,0
+919591742588,1320,digital arrest,A digital arrest warrant has been issued and police will arrive. A customs parcel in your name contains illegal items.,True,True,1,1
+916223277219,2009,,A customs parcel in your name contains illegal items.,True,True,2,1
+917079859537,70,cbi|aadhaar,Do not disconnect the call or tell anyone about this investigation. I am calling from CBI and your Aadhaar has been linked to money laundering. Transfer all funds immediately to the verification account.,True,True,2,1
+917415423236,2023,,Please call me when you reach home safely. The bank branch is closed today due to a public holiday.,False,False,1,0
+916941121531,1642,digital arrest,A digital arrest warrant has been issued and police will arrive. A customs parcel in your name contains illegal items.,True,True,1,1
+918333160319,36,,A customs parcel in your name contains illegal items. Transfer all funds immediately to the verification account.,True,True,1,1
+916570194446,2215,digital arrest,A digital arrest warrant has been issued and police will arrive.,False,False,1,1
+918494792305,1041,,Your grocery delivery will arrive between four and five. The bank branch is closed today due to a public holiday.,False,False,0,0
+917894754477,1559,,Do not disconnect the call or tell anyone about this investigation.,True,True,12,1
+916932129992,434,,Your appointment is confirmed for next Monday. The bank branch is closed today due to a public holiday.,False,False,0,0
+917067271510,1415,cbi|aadhaar,I am calling from CBI and your Aadhaar has been linked to money laundering. A customs parcel in your name contains illegal items. Do not disconnect the call or tell anyone about this investigation.,True,True,11,1
+918680568369,1495,digital arrest,Do not disconnect the call or tell anyone about this investigation. A digital arrest warrant has been issued and police will arrive.,True,True,0,1
+918577358716,2319,cbi|aadhaar,A customs parcel in your name contains illegal items. I am calling from CBI and your Aadhaar has been linked to money laundering. Transfer all funds immediately to the verification account.,False,True,1,1
+917090744966,2032,,Your grocery delivery will arrive between four and five. Your appointment is confirmed for next Monday.,False,False,0,0
+917989483020,181,,Transfer all funds immediately to the verification account. A customs parcel in your name contains illegal items.,True,True,11,1
+917970621058,2217,,Your appointment is confirmed for next Monday.,False,False,1,0
+916404123302,158,,Transfer all funds immediately to the verification account. A customs parcel in your name contains illegal items.,False,True,0,1
+916883019276,1674,,Your grocery delivery will arrive between four and five. The bank branch is closed today due to a public holiday.,False,False,1,0
+917259876846,478,,Your grocery delivery will arrive between four and five.,False,False,0,0
+919064071063,691,,A customs parcel in your name contains illegal items. Transfer all funds immediately to the verification account.,False,True,0,1
+919965101760,2390,,Please call me when you reach home safely. Your grocery delivery will arrive between four and five.,False,False,1,0
+916509875875,161,cbi|aadhaar,A customs parcel in your name contains illegal items. Do not disconnect the call or tell anyone about this investigation. I am calling from CBI and your Aadhaar has been linked to money laundering.,True,False,5,1
+919920918981,482,,Your appointment is confirmed for next Monday. Please call me when you reach home safely.,False,False,1,0
+918520486715,511,cbi|aadhaar,Do not disconnect the call or tell anyone about this investigation. I am calling from CBI and your Aadhaar has been linked to money laundering.,True,False,3,1
+918501818326,292,digital arrest,A digital arrest warrant has been issued and police will arrive. Transfer all funds immediately to the verification account. A customs parcel in your name contains illegal items.,False,False,10,1
+918406295521,1401,cbi|aadhaar|digital arrest,A digital arrest warrant has been issued and police will arrive. Transfer all funds immediately to the verification account. I am calling from CBI and your Aadhaar has been linked to money laundering.,False,True,1,1
+917788111806,862,cbi|aadhaar,Do not disconnect the call or tell anyone about this investigation. I am calling from CBI and your Aadhaar has been linked to money laundering. Transfer all funds immediately to the verification account.,True,True,0,1
+918672558734,1076,cbi|aadhaar|digital arrest,A customs parcel in your name contains illegal items. A digital arrest warrant has been issued and police will arrive. I am calling from CBI and your Aadhaar has been linked to money laundering.,True,True,2,1
+916009734746,49,,The bank branch is closed today due to a public holiday.,False,False,1,0
+917762214270,214,,Please call me when you reach home safely.,False,False,1,0
+917341526917,195,,Your grocery delivery will arrive between four and five.,False,False,1,0
+916757911240,2331,,Can we move tomorrow's project meeting to the afternoon? Please call me when you reach home safely.,False,False,0,0
+919189617511,1125,,Can we move tomorrow's project meeting to the afternoon? Please call me when you reach home safely.,False,False,0,0
+916493523572,1997,,Your appointment is confirmed for next Monday. Can we move tomorrow's project meeting to the afternoon?,False,False,1,0
+919147197550,1530,,The bank branch is closed today due to a public holiday. Your appointment is confirmed for next Monday.,False,False,1,0
+919909530975,275,,Please call me when you reach home safely.,False,False,0,0
+918977279649,2059,,Do not disconnect the call or tell anyone about this investigation. Transfer all funds immediately to the verification account. A customs parcel in your name contains illegal items.,True,False,0,1
+919297893467,467,,Please call me when you reach home safely.,False,False,0,0
+919971661385,676,,The bank branch is closed today due to a public holiday.,False,False,0,0
+916519336819,853,,Your grocery delivery will arrive between four and five.,False,False,1,0
+916002567449,1823,digital arrest,A customs parcel in your name contains illegal items. A digital arrest warrant has been issued and police will arrive.,True,False,8,1
+917399279979,67,digital arrest,A digital arrest warrant has been issued and police will arrive. A customs parcel in your name contains illegal items.,True,True,7,1
+918445854361,126,,Can we move tomorrow's project meeting to the afternoon? Please call me when you reach home safely.,False,False,0,0
+919713467995,717,cbi|aadhaar,I am calling from CBI and your Aadhaar has been linked to money laundering. A customs parcel in your name contains illegal items. Transfer all funds immediately to the verification account.,False,True,7,1
+916997010351,2383,,Transfer all funds immediately to the verification account.,True,True,2,1
+917214443901,1602,,Transfer all funds immediately to the verification account. A customs parcel in your name contains illegal items.,False,True,7,1
+917871905270,117,,Your grocery delivery will arrive between four and five.,False,False,0,0
+917687368155,294,,The bank branch is closed today due to a public holiday. Your grocery delivery will arrive between four and five.,False,False,0,0
+918886282402,257,cbi|aadhaar,A customs parcel in your name contains illegal items. Do not disconnect the call or tell anyone about this investigation. I am calling from CBI and your Aadhaar has been linked to money laundering.,False,False,0,1
+917387152635,1203,,Please call me when you reach home safely. Your appointment is confirmed for next Monday.,False,False,1,0
+917768983619,2345,cbi|aadhaar,Do not disconnect the call or tell anyone about this investigation. Transfer all funds immediately to the verification account. I am calling from CBI and your Aadhaar has been linked to money laundering.,True,False,0,1
+918379500047,307,cbi|aadhaar,Do not disconnect the call or tell anyone about this investigation. A customs parcel in your name contains illegal items. I am calling from CBI and your Aadhaar has been linked to money laundering.,True,True,11,1
+916963581697,795,,The bank branch is closed today due to a public holiday.,False,False,1,0
+916572876053,1704,digital arrest,A digital arrest warrant has been issued and police will arrive. A customs parcel in your name contains illegal items.,True,False,6,1
+916671902626,1559,cbi|aadhaar,I am calling from CBI and your Aadhaar has been linked to money laundering. Transfer all funds immediately to the verification account.,True,True,1,1
+918893219775,2267,digital arrest,Transfer all funds immediately to the verification account. A digital arrest warrant has been issued and police will arrive.,False,True,4,1
+919754901038,1664,,Your appointment is confirmed for next Monday. Please call me when you reach home safely.,False,False,0,0
+916270190418,1529,,A customs parcel in your name contains illegal items.,True,True,1,1
+918038485859,2163,,The bank branch is closed today due to a public holiday. Your grocery delivery will arrive between four and five.,False,False,0,0
+919729328304,1058,,Do not disconnect the call or tell anyone about this investigation.,False,True,4,1
+916481029911,838,cbi|aadhaar|digital arrest,I am calling from CBI and your Aadhaar has been linked to money laundering. A digital arrest warrant has been issued and police will arrive. Transfer all funds immediately to the verification account.,False,False,1,1
+916638648730,1797,,A customs parcel in your name contains illegal items.,False,True,7,1
+919323361875,1871,,Do not disconnect the call or tell anyone about this investigation.,True,False,1,1
+917158660142,2192,,Your grocery delivery will arrive between four and five.,False,False,0,0
+919608077852,2305,cbi|aadhaar,A customs parcel in your name contains illegal items. I am calling from CBI and your Aadhaar has been linked to money laundering. Transfer all funds immediately to the verification account.,False,True,5,1
+918378567152,519,,Can we move tomorrow's project meeting to the afternoon? Please call me when you reach home safely.,False,False,1,0
+916035587972,88,,Please call me when you reach home safely.,False,False,0,0
+917150066450,95,cbi|aadhaar|digital arrest,A digital arrest warrant has been issued and police will arrive. I am calling from CBI and your Aadhaar has been linked to money laundering. Do not disconnect the call or tell anyone about this investigation.,True,True,0,1
+919836197625,227,,Transfer all funds immediately to the verification account.,True,False,0,1
+919480464239,185,,The bank branch is closed today due to a public holiday.,False,False,1,0
+917764940074,1729,,Your grocery delivery will arrive between four and five.,False,False,0,0
+917924218914,1758,cbi|aadhaar,I am calling from CBI and your Aadhaar has been linked to money laundering.,False,False,5,1
+919710637160,808,,Do not disconnect the call or tell anyone about this investigation.,True,True,1,1
+918571904962,336,digital arrest,Transfer all funds immediately to the verification account. A digital arrest warrant has been issued and police will arrive.,False,False,12,1
+919200124650,1802,cbi|aadhaar,Do not disconnect the call or tell anyone about this investigation. I am calling from CBI and your Aadhaar has been linked to money laundering. A customs parcel in your name contains illegal items.,True,False,12,1
+917678228905,1481,,Please call me when you reach home safely. Your grocery delivery will arrive between four and five.,False,False,1,0
+917225824614,2383,,Can we move tomorrow's project meeting to the afternoon?,False,False,0,0
+918788487214,441,,Can we move tomorrow's project meeting to the afternoon? Please call me when you reach home safely.,False,False,1,0
+919812588801,563,,A customs parcel in your name contains illegal items. Do not disconnect the call or tell anyone about this investigation. Transfer all funds immediately to the verification account.,False,True,1,1
+917164863235,2293,,Please call me when you reach home safely.,False,False,0,0
+918441733693,1521,,Do not disconnect the call or tell anyone about this investigation.,False,True,4,1
+918336840262,1655,,Please call me when you reach home safely. The bank branch is closed today due to a public holiday.,False,False,1,0
+917341284217,178,,Your appointment is confirmed for next Monday. Can we move tomorrow's project meeting to the afternoon?,False,False,0,0
+919985197125,2118,digital arrest,Transfer all funds immediately to the verification account. Do not disconnect the call or tell anyone about this investigation. A digital arrest warrant has been issued and police will arrive.,True,True,1,1
+917591096002,1728,digital arrest,A digital arrest warrant has been issued and police will arrive. A customs parcel in your name contains illegal items.,False,True,10,1
+917779482620,2237,,Can we move tomorrow's project meeting to the afternoon? Your appointment is confirmed for next Monday.,False,False,0,0
+916527275312,2210,,The bank branch is closed today due to a public holiday. Can we move tomorrow's project meeting to the afternoon?,False,False,1,0
+916691486282,579,,The bank branch is closed today due to a public holiday. Please call me when you reach home safely.,False,False,0,0
+918422483534,1243,cbi|aadhaar,A customs parcel in your name contains illegal items. I am calling from CBI and your Aadhaar has been linked to money laundering.,True,True,0,1
+917148716180,1892,,Please call me when you reach home safely.,False,False,1,0
+917059604681,329,,Transfer all funds immediately to the verification account.,True,True,11,1
+919214416680,1778,cbi|aadhaar,I am calling from CBI and your Aadhaar has been linked to money laundering.,False,False,1,1
+918747624136,2022,,Please call me when you reach home safely.,False,False,1,0
+919747284717,281,cbi|aadhaar,Do not disconnect the call or tell anyone about this investigation. I am calling from CBI and your Aadhaar has been linked to money laundering.,True,True,0,1
+917693422445,103,,Can we move tomorrow's project meeting to the afternoon? Please call me when you reach home safely.,False,False,0,0
+918767462812,938,,Please call me when you reach home safely. Your appointment is confirmed for next Monday.,False,False,1,0
+916909430404,955,,Can we move tomorrow's project meeting to the afternoon? Your appointment is confirmed for next Monday.,False,False,1,0
+919306964267,773,,Do not disconnect the call or tell anyone about this investigation. Transfer all funds immediately to the verification account.,True,True,1,1
+918238389961,2182,cbi|aadhaar,Transfer all funds immediately to the verification account. I am calling from CBI and your Aadhaar has been linked to money laundering.,False,True,2,1
+916976135623,1580,,Transfer all funds immediately to the verification account.,True,False,7,1
+916757400268,94,digital arrest,A digital arrest warrant has been issued and police will arrive. A customs parcel in your name contains illegal items.,False,False,9,1
+917582722134,2090,,Please call me when you reach home safely. The bank branch is closed today due to a public holiday.,False,False,0,0
+918931184010,757,cbi|aadhaar,I am calling from CBI and your Aadhaar has been linked to money laundering. A customs parcel in your name contains illegal items.,True,False,12,1
+919060972699,1972,cbi|aadhaar,I am calling from CBI and your Aadhaar has been linked to money laundering. Do not disconnect the call or tell anyone about this investigation. A customs parcel in your name contains illegal items.,False,False,2,1
+919271537937,2362,digital arrest,A customs parcel in your name contains illegal items. A digital arrest warrant has been issued and police will arrive. Transfer all funds immediately to the verification account.,True,True,0,1
+917248015903,1373,cbi|aadhaar|digital arrest,A customs parcel in your name contains illegal items. I am calling from CBI and your Aadhaar has been linked to money laundering. A digital arrest warrant has been issued and police will arrive.,False,True,1,1
+919214020713,1824,,Your grocery delivery will arrive between four and five.,False,False,1,0
+917978374833,905,,Your grocery delivery will arrive between four and five. Your appointment is confirmed for next Monday.,False,False,1,0
+918169738248,1582,,Please call me when you reach home safely.,False,False,0,0
+918379219723,659,digital arrest,A digital arrest warrant has been issued and police will arrive. A customs parcel in your name contains illegal items. Transfer all funds immediately to the verification account.,False,False,2,1
+916099820799,153,,Your grocery delivery will arrive between four and five.,False,False,0,0
+917382169911,2030,digital arrest,A customs parcel in your name contains illegal items. A digital arrest warrant has been issued and police will arrive. Transfer all funds immediately to the verification account.,True,True,3,1
+918716423015,87,cbi|aadhaar|digital arrest,A digital arrest warrant has been issued and police will arrive. I am calling from CBI and your Aadhaar has been linked to money laundering.,False,True,7,1
+918830203183,744,digital arrest,Transfer all funds immediately to the verification account. A digital arrest warrant has been issued and police will arrive. A customs parcel in your name contains illegal items.,True,True,0,1
+917501395882,556,,Your appointment is confirmed for next Monday. Please call me when you reach home safely.,False,False,1,0
+916493779638,1900,,Your grocery delivery will arrive between four and five.,False,False,1,0
+917009383937,1371,cbi|aadhaar,Transfer all funds immediately to the verification account. I am calling from CBI and your Aadhaar has been linked to money laundering. A customs parcel in your name contains illegal items.,True,True,1,1
+919101759702,562,digital arrest,A customs parcel in your name contains illegal items. A digital arrest warrant has been issued and police will arrive.,True,True,4,1
+916206537132,877,,Your appointment is confirmed for next Monday. Please call me when you reach home safely.,False,False,1,0
+918050344688,337,digital arrest,A digital arrest warrant has been issued and police will arrive. A customs parcel in your name contains illegal items. Transfer all funds immediately to the verification account.,False,True,1,1
+919386530173,1721,,Your appointment is confirmed for next Monday.,False,False,0,0
+917693626092,1639,,Please call me when you reach home safely.,False,False,1,0
+919408721010,399,,The bank branch is closed today due to a public holiday. Please call me when you reach home safely.,False,False,0,0
+917581631619,1627,,The bank branch is closed today due to a public holiday.,False,False,0,0
+916659876406,1456,,Your grocery delivery will arrive between four and five.,False,False,0,0
+919820174181,1585,,Transfer all funds immediately to the verification account. Do not disconnect the call or tell anyone about this investigation. A customs parcel in your name contains illegal items.,True,False,8,1
+918839773696,2074,,A customs parcel in your name contains illegal items.,True,False,0,1
+919118241782,1730,,Please call me when you reach home safely. Your appointment is confirmed for next Monday.,False,False,1,0
+916378676535,1096,,Can we move tomorrow's project meeting to the afternoon?,False,False,1,0
+916460921797,2377,,Please call me when you reach home safely.,False,False,0,0
+917098079502,943,,The bank branch is closed today due to a public holiday. Please call me when you reach home safely.,False,False,1,0
+919816825751,1672,,Your grocery delivery will arrive between four and five. The bank branch is closed today due to a public holiday.,False,False,1,0
+916231141879,1499,digital arrest,A customs parcel in your name contains illegal items. Do not disconnect the call or tell anyone about this investigation. A digital arrest warrant has been issued and police will arrive.,False,False,2,1
+919478129839,257,,A customs parcel in your name contains illegal items.,False,False,12,1
+919182122495,1520,,Your grocery delivery will arrive between four and five.,False,False,0,0
+918595672233,1732,,Please call me when you reach home safely.,False,False,0,0
+918013537438,280,,Do not disconnect the call or tell anyone about this investigation. Transfer all funds immediately to the verification account. A customs parcel in your name contains illegal items.,True,True,1,1
+919951084652,1603,cbi|aadhaar|digital arrest,A digital arrest warrant has been issued and police will arrive. I am calling from CBI and your Aadhaar has been linked to money laundering. Do not disconnect the call or tell anyone about this investigation.,False,False,3,1
+919022811448,2279,,The bank branch is closed today due to a public holiday.,False,False,1,0
+918464798092,1042,,Your grocery delivery will arrive between four and five. Your appointment is confirmed for next Monday.,False,False,0,0
+917679739742,2116,,Can we move tomorrow's project meeting to the afternoon?,False,False,0,0
+918340855344,2224,cbi|aadhaar,A customs parcel in your name contains illegal items. I am calling from CBI and your Aadhaar has been linked to money laundering.,True,True,4,1
+916742091514,1563,cbi|aadhaar,I am calling from CBI and your Aadhaar has been linked to money laundering. Do not disconnect the call or tell anyone about this investigation.,True,True,0,1
+918862309609,1523,,Your grocery delivery will arrive between four and five. Please call me when you reach home safely.,False,False,1,0
+917552764243,561,,Can we move tomorrow's project meeting to the afternoon?,False,False,1,0
+916634977807,2270,cbi|aadhaar,I am calling from CBI and your Aadhaar has been linked to money laundering. A customs parcel in your name contains illegal items.,False,True,11,1
+916617270916,2254,,Can we move tomorrow's project meeting to the afternoon?,False,False,1,0
+917506458829,1709,,Your grocery delivery will arrive between four and five. The bank branch is closed today due to a public holiday.,False,False,0,0
+917142816214,1719,,Your appointment is confirmed for next Monday. The bank branch is closed today due to a public holiday.,False,False,1,0
+916042124255,533,,A customs parcel in your name contains illegal items.,False,True,0,1
+918318603055,1996,,Your appointment is confirmed for next Monday.,False,False,0,0
+918793920456,79,,Your grocery delivery will arrive between four and five. The bank branch is closed today due to a public holiday.,False,False,0,0
+918112361348,1094,digital arrest,A digital arrest warrant has been issued and police will arrive.,True,True,1,1
+919565149774,1603,,Do not disconnect the call or tell anyone about this investigation. A customs parcel in your name contains illegal items. Transfer all funds immediately to the verification account.,False,True,1,1
+919194395544,2381,digital arrest,Do not disconnect the call or tell anyone about this investigation. A digital arrest warrant has been issued and police will arrive.,True,True,8,1
+919833396332,727,digital arrest,A digital arrest warrant has been issued and police will arrive. Do not disconnect the call or tell anyone about this investigation.,True,True,12,1
+916778755680,925,,The bank branch is closed today due to a public holiday.,False,False,0,0
+916706906069,502,digital arrest,A customs parcel in your name contains illegal items. Do not disconnect the call or tell anyone about this investigation. A digital arrest warrant has been issued and police will arrive.,False,True,0,1
+918053857296,2338,cbi|aadhaar,I am calling from CBI and your Aadhaar has been linked to money laundering. Transfer all funds immediately to the verification account. Do not disconnect the call or tell anyone about this investigation.,True,True,7,1
+917014655328,1708,,The bank branch is closed today due to a public holiday. Please call me when you reach home safely.,False,False,1,0
+917885850186,1250,,Your appointment is confirmed for next Monday. Your grocery delivery will arrive between four and five.,False,False,0,0
+918637099688,1837,,Please call me when you reach home safely. The bank branch is closed today due to a public holiday.,False,False,0,0
+917944260008,507,,The bank branch is closed today due to a public holiday. Your appointment is confirmed for next Monday.,False,False,1,0
+916277111812,1812,,The bank branch is closed today due to a public holiday. Your appointment is confirmed for next Monday.,False,False,1,0
+917077926718,1985,,The bank branch is closed today due to a public holiday.,False,False,1,0
+917954648859,1850,cbi|aadhaar,Do not disconnect the call or tell anyone about this investigation. I am calling from CBI and your Aadhaar has been linked to money laundering.,True,True,9,1
+919984754508,2275,,Your appointment is confirmed for next Monday.,False,False,0,0
+918545315295,2233,,The bank branch is closed today due to a public holiday. Your appointment is confirmed for next Monday.,False,False,1,0
+916052807826,1339,cbi|aadhaar,Do not disconnect the call or tell anyone about this investigation. I am calling from CBI and your Aadhaar has been linked to money laundering. Transfer all funds immediately to the verification account.,True,True,0,1
+918364504761,1522,,Can we move tomorrow's project meeting to the afternoon? Please call me when you reach home safely.,False,False,1,0
+916539813127,1952,cbi|aadhaar,I am calling from CBI and your Aadhaar has been linked to money laundering. Do not disconnect the call or tell anyone about this investigation. A customs parcel in your name contains illegal items.,True,True,3,1
+916868349392,1553,cbi|aadhaar|digital arrest,Do not disconnect the call or tell anyone about this investigation. A digital arrest warrant has been issued and police will arrive. I am calling from CBI and your Aadhaar has been linked to money laundering.,False,True,1,1
+919481296334,670,,Transfer all funds immediately to the verification account. A customs parcel in your name contains illegal items. Do not disconnect the call or tell anyone about this investigation.,True,True,0,1
+919935164565,30,,Your appointment is confirmed for next Monday.,False,False,1,0
+916817527690,1934,,Please call me when you reach home safely. Can we move tomorrow's project meeting to the afternoon?,False,False,1,0
+918754045577,2141,digital arrest,A digital arrest warrant has been issued and police will arrive.,False,True,1,1
+918823282435,2362,,Please call me when you reach home safely. Your grocery delivery will arrive between four and five.,False,False,1,0
+917255575232,1166,cbi|aadhaar,Transfer all funds immediately to the verification account. I am calling from CBI and your Aadhaar has been linked to money laundering.,False,False,0,1
+918619059671,141,,Can we move tomorrow's project meeting to the afternoon? Please call me when you reach home safely.,False,False,0,0
+916634436980,1867,digital arrest,A digital arrest warrant has been issued and police will arrive. Do not disconnect the call or tell anyone about this investigation.,True,True,0,1
+919168981833,1468,cbi|aadhaar,Do not disconnect the call or tell anyone about this investigation. I am calling from CBI and your Aadhaar has been linked to money laundering.,True,True,5,1
+919114238854,1841,,A customs parcel in your name contains illegal items. Transfer all funds immediately to the verification account.,True,False,9,1
+918880188409,170,,Your appointment is confirmed for next Monday. Your grocery delivery will arrive between four and five.,False,False,1,0
+919057329627,1321,,Your grocery delivery will arrive between four and five. Please call me when you reach home safely.,False,False,1,0
+919185380768,1635,,The bank branch is closed today due to a public holiday.,False,False,0,0
+919738458781,1549,,Please call me when you reach home safely.,True,False,0,0
+917784163157,1866,cbi|aadhaar|digital arrest,I am calling from CBI and your Aadhaar has been linked to money laundering. Transfer all funds immediately to the verification account. A digital arrest warrant has been issued and police will arrive.,True,True,0,1
+918351535053,1022,,The bank branch is closed today due to a public holiday.,False,False,1,0
+916963767324,1872,,Please call me when you reach home safely.,False,False,1,0
+919114046136,2379,,Your grocery delivery will arrive between four and five.,False,False,1,0
+918432491351,174,cbi|aadhaar,I am calling from CBI and your Aadhaar has been linked to money laundering. A customs parcel in your name contains illegal items.,False,False,7,1
+918402034730,1098,,Your grocery delivery will arrive between four and five.,False,False,1,0
+917695076659,1773,cbi|aadhaar|digital arrest,A digital arrest warrant has been issued and police will arrive. I am calling from CBI and your Aadhaar has been linked to money laundering.,True,True,3,1
+917928021032,1027,digital arrest,A customs parcel in your name contains illegal items. A digital arrest warrant has been issued and police will arrive.,False,True,6,1
+917367738410,1840,,The bank branch is closed today due to a public holiday. Your grocery delivery will arrive between four and five.,False,False,0,0
+916768092640,1374,,Your grocery delivery will arrive between four and five. The bank branch is closed today due to a public holiday.,False,False,0,0
+919461418631,1362,,Your grocery delivery will arrive between four and five.,False,False,1,0
+916199565823,2186,,A customs parcel in your name contains illegal items. Transfer all funds immediately to the verification account.,True,True,1,1
+919389629075,1942,cbi|aadhaar,I am calling from CBI and your Aadhaar has been linked to money laundering.,False,True,0,1
+917744045612,1582,,Your appointment is confirmed for next Monday. Can we move tomorrow's project meeting to the afternoon?,True,False,0,0
+918728214780,1532,,Your grocery delivery will arrive between four and five. Your appointment is confirmed for next Monday.,False,False,1,0
+916071493643,1158,,Can we move tomorrow's project meeting to the afternoon?,False,False,1,0
+919743842444,1307,,Your grocery delivery will arrive between four and five.,False,False,0,0
+919830406831,2367,cbi|aadhaar|digital arrest,A digital arrest warrant has been issued and police will arrive. Do not disconnect the call or tell anyone about this investigation. I am calling from CBI and your Aadhaar has been linked to money laundering.,False,True,0,1
+918787967933,1456,digital arrest,A customs parcel in your name contains illegal items. Transfer all funds immediately to the verification account. A digital arrest warrant has been issued and police will arrive.,False,True,0,1
+916906949983,2333,,Can we move tomorrow's project meeting to the afternoon?,False,False,1,0
+919935497576,428,,Do not disconnect the call or tell anyone about this investigation.,True,False,6,1
+916277547056,1245,,Can we move tomorrow's project meeting to the afternoon?,False,False,1,0
+919016562299,1044,,The bank branch is closed today due to a public holiday. Please call me when you reach home safely.,False,False,1,0
+919049663436,2277,cbi|aadhaar,I am calling from CBI and your Aadhaar has been linked to money laundering.,True,True,4,1
+916448780202,1265,,Please call me when you reach home safely. Can we move tomorrow's project meeting to the afternoon?,True,False,1,0
+918425062705,2086,,Please call me when you reach home safely.,False,False,0,0
+919912846201,2327,cbi|aadhaar|digital arrest,I am calling from CBI and your Aadhaar has been linked to money laundering. A digital arrest warrant has been issued and police will arrive.,True,False,1,1
+917630918666,474,,Your appointment is confirmed for next Monday.,False,False,1,0
+917083973920,1363,,Your grocery delivery will arrive between four and five. Your appointment is confirmed for next Monday.,False,False,1,0
+917499720804,927,,Transfer all funds immediately to the verification account.,True,True,2,1
+919806969828,1482,digital arrest,A digital arrest warrant has been issued and police will arrive. A customs parcel in your name contains illegal items.,False,False,3,1
+916159449736,2304,,Please call me when you reach home safely. The bank branch is closed today due to a public holiday.,False,False,1,0
+918800443319,933,,Your grocery delivery will arrive between four and five. Please call me when you reach home safely.,False,False,0,0
+919551846375,367,cbi|aadhaar,I am calling from CBI and your Aadhaar has been linked to money laundering. A customs parcel in your name contains illegal items.,True,True,5,1
+917430088634,181,,Please call me when you reach home safely. Your grocery delivery will arrive between four and five.,False,False,1,0
+917481770625,2078,,Transfer all funds immediately to the verification account.,False,True,5,1
+918834075687,2378,digital arrest,A digital arrest warrant has been issued and police will arrive. Transfer all funds immediately to the verification account.,False,True,1,1
+918083515342,1785,,A customs parcel in your name contains illegal items.,True,True,5,1
+918552195805,1636,,Please call me when you reach home safely.,False,False,0,0
+916010439641,2020,,Can we move tomorrow's project meeting to the afternoon? Please call me when you reach home safely.,False,False,1,0
+916014611281,727,,Please call me when you reach home safely. The bank branch is closed today due to a public holiday.,False,False,1,0
+916370712828,2311,,Do not disconnect the call or tell anyone about this investigation. Transfer all funds immediately to the verification account.,True,True,6,1
+918290774300,1077,,Can we move tomorrow's project meeting to the afternoon? Your grocery delivery will arrive between four and five.,False,False,0,0
+918472352804,1470,,The bank branch is closed today due to a public holiday. Your grocery delivery will arrive between four and five.,False,False,0,0
+918324296003,2091,,Transfer all funds immediately to the verification account. Do not disconnect the call or tell anyone about this investigation. A customs parcel in your name contains illegal items.,False,True,6,1
+916308468566,649,digital arrest,A digital arrest warrant has been issued and police will arrive. Do not disconnect the call or tell anyone about this investigation.,True,True,1,1
+916452346961,1046,,Do not disconnect the call or tell anyone about this investigation.,True,True,0,1
+917920523784,1789,digital arrest,Do not disconnect the call or tell anyone about this investigation. A digital arrest warrant has been issued and police will arrive.,True,True,7,1
+918308237266,1858,cbi|aadhaar|digital arrest,Transfer all funds immediately to the verification account. I am calling from CBI and your Aadhaar has been linked to money laundering. A digital arrest warrant has been issued and police will arrive.,False,False,1,1
+918622399046,824,digital arrest,A digital arrest warrant has been issued and police will arrive. Do not disconnect the call or tell anyone about this investigation.,False,True,1,1
+917732101184,1704,,Transfer all funds immediately to the verification account. A customs parcel in your name contains illegal items.,True,False,12,1
+917736617207,1761,,The bank branch is closed today due to a public holiday.,False,False,0,0
+916822012242,339,,Can we move tomorrow's project meeting to the afternoon?,False,False,0,0
+917933527776,90,,Your grocery delivery will arrive between four and five.,False,False,1,0
+916437266761,1336,digital arrest,A digital arrest warrant has been issued and police will arrive.,False,True,0,1
+916452690358,1660,,Your appointment is confirmed for next Monday.,False,False,0,0
+917818380415,583,,Can we move tomorrow's project meeting to the afternoon?,False,False,0,0
+916832997778,324,,Your appointment is confirmed for next Monday.,False,False,1,0
+917117081100,384,,Do not disconnect the call or tell anyone about this investigation. A customs parcel in your name contains illegal items. Transfer all funds immediately to the verification account.,False,True,1,1
+919328170416,1776,,Your grocery delivery will arrive between four and five.,True,False,1,0
+917705866867,185,,Do not disconnect the call or tell anyone about this investigation.,False,True,1,1
+918598990737,569,digital arrest,Do not disconnect the call or tell anyone about this investigation. A digital arrest warrant has been issued and police will arrive. A customs parcel in your name contains illegal items.,True,True,1,1
+918754035650,436,,Your grocery delivery will arrive between four and five. Can we move tomorrow's project meeting to the afternoon?,False,False,1,0
+916279429718,277,,Your grocery delivery will arrive between four and five. Please call me when you reach home safely.,False,False,0,0
+919045547541,2174,digital arrest,A customs parcel in your name contains illegal items. A digital arrest warrant has been issued and police will arrive.,True,True,0,1
+918280519366,1650,,The bank branch is closed today due to a public holiday. Can we move tomorrow's project meeting to the afternoon?,False,False,1,0
+919476878526,701,,Do not disconnect the call or tell anyone about this investigation. A customs parcel in your name contains illegal items. Transfer all funds immediately to the verification account.,True,True,7,1
+917947238824,368,,A customs parcel in your name contains illegal items.,False,True,0,1
+918588885534,665,,Can we move tomorrow's project meeting to the afternoon?,True,False,0,0
+916761374586,1195,digital arrest,A customs parcel in your name contains illegal items. Do not disconnect the call or tell anyone about this investigation. A digital arrest warrant has been issued and police will arrive.,True,True,1,1
+918289000429,510,,A customs parcel in your name contains illegal items. Do not disconnect the call or tell anyone about this investigation.,False,True,3,1
+916742688908,583,,Your appointment is confirmed for next Monday.,False,False,0,0
+916159655308,489,,The bank branch is closed today due to a public holiday.,False,False,1,0
+918101539898,1536,,Your appointment is confirmed for next Monday.,False,False,1,0
+917952156090,2266,,The bank branch is closed today due to a public holiday. Your appointment is confirmed for next Monday.,False,False,1,0
+917765622221,2173,digital arrest,A digital arrest warrant has been issued and police will arrive. Do not disconnect the call or tell anyone about this investigation. Transfer all funds immediately to the verification account.,True,True,1,1
+919571605540,1407,,The bank branch is closed today due to a public holiday. Your grocery delivery will arrive between four and five.,False,False,1,0
+919211248355,1933,,Your grocery delivery will arrive between four and five. Your appointment is confirmed for next Monday.,False,False,1,0
+917906109560,623,,Can we move tomorrow's project meeting to the afternoon?,False,False,0,0
+917214414834,820,,The bank branch is closed today due to a public holiday.,False,False,0,0
+917341672113,1691,digital arrest,A customs parcel in your name contains illegal items. A digital arrest warrant has been issued and police will arrive.,True,True,2,1
+916797114326,59,,Can we move tomorrow's project meeting to the afternoon?,False,False,1,0
+917665323405,1161,,A customs parcel in your name contains illegal items.,True,True,10,1
+919883247614,2281,,Do not disconnect the call or tell anyone about this investigation.,False,True,2,1
+918585851290,1238,cbi|aadhaar,I am calling from CBI and your Aadhaar has been linked to money laundering.,True,True,12,1
+918592971939,2375,,Your grocery delivery will arrive between four and five. The bank branch is closed today due to a public holiday.,False,False,0,0
+917774119462,1836,,Your grocery delivery will arrive between four and five.,False,False,1,0
+916373783621,1962,,Do not disconnect the call or tell anyone about this investigation. A customs parcel in your name contains illegal items.,False,True,1,1
+916644555930,790,,Transfer all funds immediately to the verification account.,False,False,11,1
+917704468206,1726,,Please call me when you reach home safely. Your grocery delivery will arrive between four and five.,False,False,0,0
+917914486803,1833,,Transfer all funds immediately to the verification account.,True,True,4,1
+916823100326,649,cbi|aadhaar|digital arrest,A digital arrest warrant has been issued and police will arrive. I am calling from CBI and your Aadhaar has been linked to money laundering.,True,True,2,1
+916524081610,1323,digital arrest,A digital arrest warrant has been issued and police will arrive. A customs parcel in your name contains illegal items. Transfer all funds immediately to the verification account.,True,True,1,1
+916423628729,1985,,Please call me when you reach home safely.,False,False,0,0
+916498257206,673,cbi|aadhaar,I am calling from CBI and your Aadhaar has been linked to money laundering.,True,False,3,1
+917888069459,918,,The bank branch is closed today due to a public holiday. Your appointment is confirmed for next Monday.,False,False,1,0
+919964637518,1954,,Please call me when you reach home safely.,False,False,0,0
+917727810715,1345,,Your grocery delivery will arrive between four and five. Your appointment is confirmed for next Monday.,False,False,1,0
+918042626203,50,,Your appointment is confirmed for next Monday.,False,False,1,0
+916383692151,1920,cbi|aadhaar,I am calling from CBI and your Aadhaar has been linked to money laundering.,True,False,1,1
+916952007890,400,cbi|aadhaar|digital arrest,I am calling from CBI and your Aadhaar has been linked to money laundering. A digital arrest warrant has been issued and police will arrive. A customs parcel in your name contains illegal items.,False,True,1,1
+916127188795,1031,,Please call me when you reach home safely.,False,False,0,0
+916274126350,1329,,Transfer all funds immediately to the verification account. A customs parcel in your name contains illegal items.,True,True,1,1
+916322640877,533,cbi|aadhaar,I am calling from CBI and your Aadhaar has been linked to money laundering. A customs parcel in your name contains illegal items.,True,False,3,1
+917088683558,1967,,Do not disconnect the call or tell anyone about this investigation. Transfer all funds immediately to the verification account.,True,False,0,1
+916982793797,285,,A customs parcel in your name contains illegal items. Do not disconnect the call or tell anyone about this investigation.,False,True,9,1
+917815608159,2123,,Can we move tomorrow's project meeting to the afternoon? Your grocery delivery will arrive between four and five.,False,False,0,0
+917022485531,1173,cbi|aadhaar|digital arrest,A digital arrest warrant has been issued and police will arrive. Transfer all funds immediately to the verification account. I am calling from CBI and your Aadhaar has been linked to money laundering.,False,True,1,1
+917104324329,1360,cbi|aadhaar,Do not disconnect the call or tell anyone about this investigation. I am calling from CBI and your Aadhaar has been linked to money laundering.,True,True,1,1
+918493177660,1318,,Please call me when you reach home safely.,True,False,1,0
+919987660966,456,cbi|aadhaar,Transfer all funds immediately to the verification account. I am calling from CBI and your Aadhaar has been linked to money laundering.,False,True,4,1
+919250922075,78,,Please call me when you reach home safely. Can we move tomorrow's project meeting to the afternoon?,False,False,0,0
+918476489427,1345,,Please call me when you reach home safely.,False,False,1,0
+917178064382,466,digital arrest,A digital arrest warrant has been issued and police will arrive.,False,False,0,1
+917148752130,942,,Transfer all funds immediately to the verification account. A customs parcel in your name contains illegal items.,True,True,8,1
+916147868475,414,,Can we move tomorrow's project meeting to the afternoon? Please call me when you reach home safely.,False,False,1,0
+919615213855,2011,,Do not disconnect the call or tell anyone about this investigation. Transfer all funds immediately to the verification account.,False,True,0,1
+916496392408,2153,cbi|aadhaar,I am calling from CBI and your Aadhaar has been linked to money laundering. Do not disconnect the call or tell anyone about this investigation.,True,False,2,1
+918425193511,117,digital arrest,A customs parcel in your name contains illegal items. Transfer all funds immediately to the verification account. A digital arrest warrant has been issued and police will arrive.,True,True,10,1
+919958674427,2366,,Your grocery delivery will arrive between four and five. The bank branch is closed today due to a public holiday.,False,False,1,0
+916882571727,734,,A customs parcel in your name contains illegal items. Do not disconnect the call or tell anyone about this investigation.,True,True,9,1
+918963518240,1591,cbi|aadhaar|digital arrest,I am calling from CBI and your Aadhaar has been linked to money laundering. A digital arrest warrant has been issued and police will arrive. Transfer all funds immediately to the verification account.,True,True,5,1
+919431934027,854,cbi|aadhaar|digital arrest,A digital arrest warrant has been issued and police will arrive. I am calling from CBI and your Aadhaar has been linked to money laundering. Transfer all funds immediately to the verification account.,True,True,0,1
+916637888791,686,cbi|aadhaar,I am calling from CBI and your Aadhaar has been linked to money laundering. A customs parcel in your name contains illegal items. Transfer all funds immediately to the verification account.,True,False,3,1
+918087550477,2071,,The bank branch is closed today due to a public holiday.,False,False,1,0
+919003487522,505,digital arrest,Do not disconnect the call or tell anyone about this investigation. Transfer all funds immediately to the verification account. A digital arrest warrant has been issued and police will arrive.,False,False,3,1
+918124136411,802,,Transfer all funds immediately to the verification account.,True,True,1,1
+916434786000,1297,,Do not disconnect the call or tell anyone about this investigation. A customs parcel in your name contains illegal items.,False,False,0,1
+917120574174,488,cbi|aadhaar,Do not disconnect the call or tell anyone about this investigation. I am calling from CBI and your Aadhaar has been linked to money laundering.,True,False,4,1
+916216527721,1378,digital arrest,A digital arrest warrant has been issued and police will arrive.,False,True,1,1
+919643790880,2272,cbi|aadhaar,Do not disconnect the call or tell anyone about this investigation. I am calling from CBI and your Aadhaar has been linked to money laundering.,True,True,1,1
+918883666444,776,,Please call me when you reach home safely.,False,False,1,0
+917813659546,322,,A customs parcel in your name contains illegal items. Do not disconnect the call or tell anyone about this investigation.,True,True,12,1
+916316333823,1010,,Transfer all funds immediately to the verification account.,False,False,11,1
+918905102094,211,,A customs parcel in your name contains illegal items.,True,False,6,1
+916598864031,546,digital arrest,Transfer all funds immediately to the verification account. A digital arrest warrant has been issued and police will arrive. A customs parcel in your name contains illegal items.,True,True,0,1
+919373061782,1051,,Your appointment is confirmed for next Monday.,False,False,1,0
+919580989585,459,cbi|aadhaar,A customs parcel in your name contains illegal items. I am calling from CBI and your Aadhaar has been linked to money laundering. Transfer all funds immediately to the verification account.,True,True,4,1
+916967188594,487,digital arrest,Transfer all funds immediately to the verification account. A customs parcel in your name contains illegal items. A digital arrest warrant has been issued and police will arrive.,True,True,10,1
+918789591102,251,,Can we move tomorrow's project meeting to the afternoon?,False,False,1,0
+917599344585,467,,Please call me when you reach home safely.,False,False,0,0
+919379017898,1039,digital arrest,A digital arrest warrant has been issued and police will arrive. Transfer all funds immediately to the verification account.,True,True,10,1
+919405783426,885,digital arrest,Transfer all funds immediately to the verification account. A customs parcel in your name contains illegal items. A digital arrest warrant has been issued and police will arrive.,True,True,0,1
+919617711042,1530,,Please call me when you reach home safely. Can we move tomorrow's project meeting to the afternoon?,False,False,1,0
+917382590554,2109,cbi|aadhaar|digital arrest,I am calling from CBI and your Aadhaar has been linked to money laundering. A digital arrest warrant has been issued and police will arrive.,True,False,4,1
+919346014330,2123,,Your appointment is confirmed for next Monday. Your grocery delivery will arrive between four and five.,True,False,0,0
+918222535649,1348,,Your appointment is confirmed for next Monday.,False,False,0,0
+917462913860,2141,,Please call me when you reach home safely. Your appointment is confirmed for next Monday.,False,False,0,0
+919797832921,991,cbi|aadhaar,I am calling from CBI and your Aadhaar has been linked to money laundering. Transfer all funds immediately to the verification account.,True,True,5,1
+916261365702,1674,,A customs parcel in your name contains illegal items.,True,False,11,1
+919086507963,1794,,Your grocery delivery will arrive between four and five.,False,False,0,0
+918555377116,1033,,The bank branch is closed today due to a public holiday. Can we move tomorrow's project meeting to the afternoon?,False,False,0,0
+916989413621,2027,,The bank branch is closed today due to a public holiday.,False,False,0,0
+916118032404,1726,cbi|aadhaar,I am calling from CBI and your Aadhaar has been linked to money laundering. Do not disconnect the call or tell anyone about this investigation.,True,True,11,1
+917231778217,1549,,Your grocery delivery will arrive between four and five.,False,False,0,0
+918975435785,1252,cbi|aadhaar,I am calling from CBI and your Aadhaar has been linked to money laundering.,True,True,5,1
+917823641144,1375,,A customs parcel in your name contains illegal items. Do not disconnect the call or tell anyone about this investigation.,False,True,6,1
+917651801409,1836,,The bank branch is closed today due to a public holiday.,False,False,0,0
+918047350495,2277,,A customs parcel in your name contains illegal items.,False,True,0,1
+918986391202,1344,,Can we move tomorrow's project meeting to the afternoon?,True,False,1,0
+918317594388,1107,,Your appointment is confirmed for next Monday.,False,False,1,0
+916144380787,1318,cbi|aadhaar,A customs parcel in your name contains illegal items. I am calling from CBI and your Aadhaar has been linked to money laundering. Transfer all funds immediately to the verification account.,True,False,5,1
+917803144234,2013,,Your grocery delivery will arrive between four and five. The bank branch is closed today due to a public holiday.,False,False,1,0
+918583071898,1024,cbi|aadhaar,Do not disconnect the call or tell anyone about this investigation. I am calling from CBI and your Aadhaar has been linked to money laundering. A customs parcel in your name contains illegal items.,True,False,1,1
+919711260764,351,,Can we move tomorrow's project meeting to the afternoon?,False,False,1,0
+919620244711,1073,cbi|aadhaar|digital arrest,A digital arrest warrant has been issued and police will arrive. I am calling from CBI and your Aadhaar has been linked to money laundering. Do not disconnect the call or tell anyone about this investigation.,False,True,0,1
+916058203117,194,digital arrest,Transfer all funds immediately to the verification account. A digital arrest warrant has been issued and police will arrive.,False,False,1,1
+917653751174,2194,,A customs parcel in your name contains illegal items. Transfer all funds immediately to the verification account.,False,True,1,1
+919844768941,2289,cbi|aadhaar,A customs parcel in your name contains illegal items. Transfer all funds immediately to the verification account. I am calling from CBI and your Aadhaar has been linked to money laundering.,False,True,1,1
+916357150333,818,digital arrest,A customs parcel in your name contains illegal items. A digital arrest warrant has been issued and police will arrive.,True,True,8,1
+916732885943,467,,Your grocery delivery will arrive between four and five. Your appointment is confirmed for next Monday.,False,False,0,0
+918431570594,1381,,Transfer all funds immediately to the verification account.,False,True,11,1
+919992942850,319,,Transfer all funds immediately to the verification account.,False,False,1,1
+919099805303,1616,,A customs parcel in your name contains illegal items. Transfer all funds immediately to the verification account. Do not disconnect the call or tell anyone about this investigation.,False,False,1,1
+919336731943,670,,Your grocery delivery will arrive between four and five.,False,False,0,0
+917613846517,438,digital arrest,A customs parcel in your name contains illegal items. A digital arrest warrant has been issued and police will arrive.,True,True,6,1
+918764380941,2098,,Transfer all funds immediately to the verification account. A customs parcel in your name contains illegal items.,False,True,5,1
+916795515346,2112,,The bank branch is closed today due to a public holiday. Your grocery delivery will arrive between four and five.,False,False,0,0
+919203530922,1172,,Do not disconnect the call or tell anyone about this investigation.,False,True,0,1
